Co,58
E_eV,Sig_b
1e-05,93488.4
1.10304e-05,89015.3
1.21669e-05,84756.4
1.34206e-05,80701.2
1.48034e-05,76840.1
1.63286e-05,73163.8
1.80111e-05,69663.5
1.98669e-05,66330.6
2.19139e-05,63157.3
2.41719e-05,60135.9
2.66625e-05,57259.0
2.94097e-05,54519.9
3.244e-05,51911.9
3.57825e-05,49428.8
3.60349e-05,49266.8
3.94694e-05,47064.5
4.00263e-05,46756.0
4.35362e-05,44813.4
4.44619e-05,44370.8
4.80221e-05,42670.1
4.93867e-05,42106.8
5.29701e-05,40629.3
5.48596e-05,39956.2
5.8428e-05,38686.2
6.0936e-05,37915.0
6.44482e-05,36836.2
6.76888e-05,35976.1
7.10888e-05,35074.7
7.51862e-05,34136.1
7.84136e-05,33397.5
8.35182e-05,32388.3
8.64931e-05,31800.7
9.2769e-05,30729.7
9.54051e-05,30280.3
0.000103049,29154.5
0.000105235,28832.8
0.000114464,27659.6
0.000116078,27454.5
0.000127148,26239.9
0.000128039,26142.3
0.000141232,24892.9
0.000155784,23703.5
0.000156883,23625.8
0.000171835,22571.0
0.000174259,22423.2
0.00018954,21492.8
0.000194926,21209.5
0.00020907,20466.3
0.000218044,20058.9
0.000230612,19488.9
0.000243904,18968.2
0.000254374,18558.4
0.000272831,17934.3
0.000280584,17672.5
0.000305188,16954.5
0.000309494,16829.0
0.000341383,16026.0
0.000343791,15973.6
0.000376558,15261.6
0.000387258,15060.7
0.000415358,14533.8
0.000436243,14195.5
0.000458155,13840.9
0.000494865,13327.8
0.000505362,13181.2
0.000557433,12553.2
0.000561365,12512.3
0.000614869,11955.4
0.000641262,11718.2
0.000678223,11386.3
0.000732566,10964.8
0.000748105,10844.4
0.000825188,10328.6
0.000842733,10227.1
0.000910213,9837.53
0.000976257,9508.18
0.001004,9369.99
0.00110745,8924.95
0.00113892,8808.02
0.00122155,8501.3
0.00133805,8127.9
0.00134742,8097.89
0.00148625,7713.99
0.0015941,7456.46
0.00163939,7348.41
0.00180831,7000.46
0.00192603,6791.06
0.00199463,6669.15
0.00220016,6353.81
0.0023598,6142.29
0.00242685,6053.54
0.00267691,5767.77
0.00295273,5495.59
0.00325697,5236.64
0.00359256,4990.02
0.00379963,4858.63
0.00396272,4755.25
0.00437103,4531.81
0.00482141,4319.02
0.00506384,4220.13
0.00531819,4116.48
0.00586616,3923.72
0.00647059,3740.16
0.00703801,3591.39
0.0071373,3565.38
0.00787271,3399.11
0.00868389,3240.8
0.00957865,3090.07
0.0104921,2957.24
0.0105656,2946.56
0.0116543,2810.08
0.0128551,2680.17
0.0141796,2556.53
0.0156406,2438.84
0.0172522,2326.81
0.0190298,2220.26
0.0209906,2118.81
0.0231534,2022.22
0.0252419,1941.0
0.0253,1938.88
0.0279068,1850.95
0.0307823,1767.24
0.0318803,1739.64
0.033954,1687.56
0.0374525,1611.76
0.0413115,1539.67
0.0455681,1471.16
0.0502633,1406.05
0.0554423,1344.11
0.0578221,1319.54
0.0611549,1285.13
0.0674561,1229.01
0.0744066,1175.64
0.0820732,1124.95
0.0826521,1121.66
0.0905297,1076.91
0.0998577,1031.35
0.110924,984.97
0.12321,941.028
0.135905,902.167
0.150966,862.752
0.166521,827.975
0.183679,795.13
0.204024,761.914
0.226633,730.435
0.243077,711.021
0.251736,700.8
0.279633,672.936
0.306284,650.443
0.310606,646.804
0.345026,622.413
0.383242,599.639
0.425713,578.314
0.472866,558.5
0.525268,540.193
0.59168,521.268
0.625783,513.327
0.661852,505.0
0.740347,490.421
0.828152,477.455
0.926369,466.111
0.946066,464.376
1.03624,456.627
1.15107,449.525
1.25201,445.003
1.27857,443.877
1.42025,440.195
1.55562,438.671
1.58869,438.386
1.77711,439.341
1.84041,440.418
1.98787,443.355
2.08772,446.145
2.11718,447.186
2.31638,454.867
2.36827,457.435
2.62765,471.201
2.64915,472.564
2.8984,489.38
2.90178,489.639
3.15624,510.174
3.1748,511.769
3.38526,531.985
3.42902,536.421
3.63089,558.641
3.67782,564.092
3.84017,584.551
3.91725,594.771
4.03306,611.418
4.17205,632.303
4.23585,642.648
4.41252,672.619
4.41767,673.559
4.6073,709.705
4.63439,715.118
4.80507,751.312
4.83332,757.618
4.97622,791.69
5.04079,807.836
5.15372,837.851
5.22034,856.465
5.33729,891.125
5.40655,912.652
5.48895,939.923
5.59912,978.052
5.64492,994.885
5.75822,1038.54
5.80533,1057.75
5.92185,1107.37
5.92876,1110.5
6.05452,1169.66
6.09012,1187.13
6.18325,1235.39
6.2196,1255.09
6.31441,1309.04
6.35153,1331.19
6.44866,1392.18
6.48658,1417.21
6.58545,1486.08
6.62417,1514.52
6.72547,1593.26
6.76501,1625.43
6.82035,1673.28
6.90851,1752.45
6.91657,1760.09
7.00598,1848.17
7.01416,1856.61
7.10482,1953.97
7.11311,1963.31
7.20505,2071.32
7.21347,2081.7
7.3067,2202.0
7.31523,2213.59
7.40979,2348.16
7.41844,2361.15
7.51433,2512.31
7.5231,2526.93
7.60252,2665.13
7.62034,2697.44
7.68268,2816.11
7.70097,2852.48
7.76397,2983.53
7.78236,3023.56
7.84603,3168.79
7.86452,3212.98
7.92885,3374.31
7.94744,3423.23
8.01245,3603.08
8.03153,3658.6
8.09723,3860.02
8.11642,3922.04
8.18281,4148.73
8.2021,4217.64
8.24013,4361.53
8.28858,4551.79
8.29826,4591.74
8.34705,4801.01
8.35638,4842.76
8.40552,5071.39
8.41533,5119.09
8.46481,5369.58
8.47428,5419.71
8.5241,5694.92
8.53406,5752.49
8.58423,6055.73
8.59383,6116.59
8.64436,6451.73
8.65446,6522.07
8.70534,6893.71
8.71508,6968.56
8.76632,7382.09
8.77656,7469.21
8.82816,7931.08
8.83803,8024.46
8.88479,8487.19
8.89,8540.93
8.93155,8990.87
8.93703,9052.83
8.97853,9542.35
8.98406,9610.62
9.02594,10150.1
9.03132,10222.6
9.07336,10815.6
9.07901,10899.1
9.12123,11552.7
9.12671,11641.8
9.16931,12367.9
9.17486,12467.1
9.2174,13267.4
9.22323,13382.7
9.26617,14276.5
9.2716,14395.7
9.31493,15397.0
9.32065,15536.4
9.36393,16649.3
9.3697,16804.8
9.39689,17577.8
9.41898,18229.4
9.42986,18565.7
9.45215,19280.6
9.46283,19636.8
9.48531,20414.7
9.49603,20800.4
9.51847,21638.8
9.52947,22066.0
9.55187,22970.3
9.5629,23433.5
9.5855,24419.4
9.59634,24911.1
9.61913,25986.1
9.63001,26519.5
9.65276,27679.3
9.66391,28270.0
9.68663,29520.5
9.69782,30160.4
9.72073,31521.2
9.73172,32198.5
9.75484,33676.6
9.76587,34407.4
9.78894,35991.9
9.80025,36795.2
9.82329,38487.8
9.83464,39354.7
9.86902,42064.6
9.87517,42566.6
9.92108,46463.5
9.92705,46986.9
9.97338,51182.6
9.99695,53352.2
10.0846,61489.6
10.1034,63172.5
10.1323,65659.9
10.15,67104.8
10.1681,68494.6
10.1875,69885.1
10.205,71033.6
10.225,72209.9
10.2425,73112.3
10.2614,73932.3
10.28,74592.9
10.2955,75016.9
10.31,75291.6
10.3296,75513.9
10.34,75563.0
10.347,75541.8
10.3687,75366.1
10.3704,75342.8
10.3962,74761.3
10.4045,74521.5
10.4225,73852.8
10.4386,73137.3
10.46,72029.0
10.475,71139.4
10.4975,69656.2
10.5125,68576.3
10.535,66838.3
10.55,65602.4
10.585,62571.0
10.6025,60986.7
10.6661,55082.2
10.7277,49361.4
10.741,48163.2
10.7843,44368.8
10.7976,43233.7
10.822,41237.0
10.8356,40153.8
10.8599,38279.2
10.8735,37268.6
10.8982,35502.8
10.9115,34584.4
10.9364,32931.2
10.95,32067.2
10.9746,30559.5
10.9885,29750.3
11.0131,28364.6
11.0269,27623.5
11.0519,26339.2
11.0654,25675.2
11.0907,24487.1
11.1045,23868.8
11.1295,22794.3
11.1435,22219.1
11.1685,21237.0
11.1825,20712.6
11.2078,19805.2
11.2215,19336.3
11.2472,18497.9
11.2611,18061.5
11.2865,17303.0
11.3007,16896.7
11.3261,16202.4
11.3403,15831.1
11.366,15188.0
11.3799,14855.1
11.4058,14259.0
11.42,13948.0
11.4457,13406.6
11.4601,13115.9
11.4859,12618.1
11.5003,12351.3
11.5263,11888.2
11.5404,11647.8
11.5668,11216.4
11.5811,10990.7
11.6072,10596.9
11.6218,10384.9
11.6479,10021.0
11.6625,9825.47
11.6889,9485.1
11.7032,9308.0
11.7299,8992.26
11.7651,8591.99
11.771,8529.4
11.8123,8101.86
11.8271,7955.35
11.8746,7509.98
11.8893,7380.15
11.937,6978.76
11.9521,6858.77
12.0,6496.0
12.0148,6389.14
12.0633,6058.48
12.0782,5961.13
12.1265,5662.67
12.1419,5572.06
12.1907,5298.66
12.2056,5218.96
12.2548,4968.05
12.2702,4893.5
12.3193,4665.51
12.3347,4597.02
12.3844,4386.85
12.3996,4325.01
12.4494,4132.05
12.4651,4073.85
12.5151,3896.32
12.5306,3843.57
12.5811,3678.96
12.5967,3630.1
12.647,3480.11
12.6852,3370.9
12.714,3293.11
12.7744,3135.88
12.7809,3119.91
12.8642,2923.53
12.8707,2908.93
12.9546,2730.59
12.9612,2717.32
13.0457,2555.02
13.0523,2542.92
13.1374,2394.7
13.144,2383.64
13.2297,2247.81
13.2364,2237.66
13.3227,2112.95
13.3295,2103.62
13.4164,1988.97
13.4232,1980.39
13.5107,1874.8
13.5175,1866.89
13.6057,1769.47
13.6126,1762.16
13.7013,1672.11
13.7082,1665.36
13.7976,1581.98
13.8046,1575.72
13.8946,1498.4
13.9016,1492.65
13.9994,1415.98
14.0411,1384.44
14.0978,1344.17
14.1897,1281.28
14.1969,1276.63
14.2967,1214.62
14.3396,1188.84
14.3972,1156.31
14.491,1105.49
14.549,1075.85
14.6438,1029.78
14.7029,1002.62
14.7988,960.74
14.8583,936.101
14.9552,897.94
15.0152,875.53
15.113,840.673
15.1735,820.244
15.2724,788.334
15.334,769.441
15.434,740.17
15.4961,722.876
15.5971,695.973
15.6597,680.112
15.7618,655.336
15.8248,640.761
15.928,617.909
15.9922,604.344
16.0965,583.272
16.1613,570.793
16.2666,551.301
16.3319,539.836
16.4961,512.078
16.5041,510.809
16.6787,484.037
16.7288,476.633
16.855,459.091
16.9648,444.395
17.0329,435.817
17.2042,415.03
17.2125,414.077
17.3946,393.891
17.4469,388.303
17.5785,375.051
17.6931,363.975
17.8265,351.755
17.9427,341.567
18.078,330.325
18.1958,320.959
18.333,310.622
18.4525,302.004
18.5917,292.484
18.7129,284.539
18.8539,275.758
18.9769,268.422
19.1199,260.308
19.2446,253.524
19.3897,246.016
19.5161,239.733
19.6632,232.774
19.7914,226.947
19.9407,220.489
20.0707,215.077
20.222,209.075
20.3538,204.042
20.5073,198.457
20.641,193.771
20.7966,188.626
21.0788,179.638
21.09,179.304
21.3875,170.781
21.527,166.924
21.6893,162.733
21.9836,155.398
21.9953,155.125
22.3056,148.142
22.451,144.976
22.6203,141.53
22.9272,135.487
22.9394,135.262
23.2631,129.489
23.4147,126.868
23.5913,124.01
23.9114,118.99
23.9241,118.803
24.2616,113.992
24.4198,111.805
24.6039,109.416
24.9378,105.215
24.951,105.058
25.303,101.035
25.468,99.2167
25.8397,95.3584
26.0082,93.6808
26.3891,90.1127
26.5612,88.5676
26.9489,85.2918
27.1246,83.8573
27.3291,82.2847
27.7013,79.5193
27.9102,78.0569
28.2889,75.5105
28.5022,74.1587
28.8904,71.794
29.1082,70.5427
29.5032,68.3595
29.7256,67.199
30.1305,65.1658
30.3577,64.0983
30.9866,61.2527
31.0016,61.1899
31.6607,58.5254
31.8671,57.7194
32.3323,56.0366
32.7727,54.4987
33.0198,53.6978
33.7039,51.556
33.7202,51.5086
34.4371,49.4938
34.6616,48.8831
35.1676,47.6051
35.6465,46.4337
35.9153,45.8226
36.6595,44.1847
36.6772,44.1485
37.457,42.6015
37.7012,42.1314
38.2515,41.1463
38.7725,40.2415
39.0648,39.7688
39.8742,38.4986
39.8934,38.4705
40.7416,37.2669
41.0072,36.9012
41.6058,36.1415
42.4679,35.0748
42.4905,35.0489
43.3917,34.0465
43.6746,33.7402
44.3143,33.0987
45.2325,32.2023
45.2543,32.1828
46.2165,31.3458
46.8436,30.8139
47.1968,30.5385
48.2003,29.7758
48.5145,29.5426
49.2227,29.0611
50.2426,28.3845
50.2693,28.3682
51.3356,27.7346
52.0347,27.3287
52.4271,27.1194
53.5392,26.5399
53.8882,26.3619
54.6775,25.9923
55.8104,25.4734
55.8373,25.4621
57.0245,24.9767
58.206,24.5037
58.2341,24.4935
59.4723,24.0514
60.2793,23.7694
60.7338,23.6247
62.0251,23.2211
62.8667,22.9633
63.3407,22.8316
65.1406,22.343
65.5652,22.2301
66.5256,21.9988
67.9367,21.6652
68.3796,21.5627
69.8672,21.251
71.3148,20.9536
71.3527,20.9466
72.8662,20.6723
74.4155,20.3957
74.9006,20.3108
76.53,20.0536
78.1156,19.8087
78.7046,19.7269
80.3741,19.499
82.0394,19.2759
82.658,19.2016
85.0067,18.9256
86.1644,18.7917
86.8141,18.7245
88.6556,18.5367
90.4925,18.3525
91.1748,18.2911
93.7656,18.0623
95.0426,17.9515
96.4299,17.844
98.4802,17.6874
100.521,17.5339
101.279,17.4835
103.427,17.3426
106.314,17.156
106.366,17.153
108.627,17.0246
110.931,16.8953
112.442,16.8115
114.084,16.7312
117.325,16.5747
119.756,16.4591
120.659,16.4212
124.088,16.2795
127.552,16.1381
127.614,16.1359
132.166,15.9739
135.849,15.8444
135.921,15.8422
140.763,15.6931
144.693,15.5734
144.763,15.5715
148.876,15.4612
153.107,15.3489
155.192,15.294
157.457,15.2409
161.931,15.137
166.452,15.0329
166.533,15.0312
171.265,14.934
177.374,14.8098
179.781,14.7614
182.414,14.7133
187.597,14.6196
194.279,14.4999
196.925,14.4531
200.715,14.3903
201.63,14.3752
207.359,14.2815
213.252,14.1863
217.786,14.1139
222.405,14.0411
225.543,13.992
230.339,13.918
235.224,13.844
238.543,13.7946
239.597,13.7792
241.908,13.7423
245.321,13.6887
247.917,13.6487
251.415,13.5961
251.632,13.5929
254.856,13.5406
257.4,13.5005
260.004,13.4608
260.608,13.4519
262.745,13.4164
265.525,13.3722
267.392,13.3438
267.725,13.339
269.272,13.3133
271.164,13.2833
273.07,13.2546
273.404,13.25
274.938,13.2249
276.766,13.197
278.659,13.1705
279.161,13.1642
280.128,13.1497
281.598,13.1296
282.98,13.1128
283.043,13.1121
284.824,13.09
286.291,13.0752
286.845,13.071
287.801,13.0616
289.31,13.0511
290.652,13.0461
290.701,13.0461
291.995,13.0427
292.89,13.0433
293.923,13.0475
294.956,13.0559
295.989,13.0689
296.868,13.0847
297.022,13.0875
298.07,13.1129
298.855,13.1368
299.641,13.1654
300.427,13.1995
300.495,13.203
301.213,13.2421
301.949,13.2886
302.396,13.3209
302.686,13.3432
303.423,13.4076
303.822,13.4474
304.16,13.4831
304.897,13.5716
304.931,13.5762
305.618,13.6744
305.882,13.717
306.331,13.7933
306.832,13.8892
307.044,13.9317
307.519,14.037
307.545,14.0433
307.994,14.1559
308.258,14.2276
308.47,14.2878
308.945,14.4343
308.971,14.4431
309.367,14.5804
309.447,14.6099
309.79,14.7423
309.922,14.797
310.212,14.922
310.397,15.0074
310.635,15.1215
310.83,15.2223
311.057,15.3438
311.221,15.438
311.48,15.5921
311.612,15.6767
311.902,15.8698
312.003,15.9416
312.325,16.181
312.394,16.236
312.737,16.5222
312.784,16.5649
313.078,16.8382
313.149,16.9069
313.371,17.1373
313.561,17.3414
313.664,17.4609
313.973,17.8322
313.983,17.8459
314.316,18.296
314.385,18.3922
314.538,18.6233
314.733,18.9267
314.76,18.9705
314.981,19.3494
315.05,19.4704
315.203,19.7581
315.367,20.0753
315.425,20.1955
315.631,20.6348
315.684,20.7509
315.821,21.0734
316.001,21.5073
316.011,21.5347
316.201,22.0415
316.318,22.3607
316.392,22.5787
316.582,23.1566
316.634,23.3224
316.772,23.7855
316.951,24.411
316.962,24.4501
317.142,25.137
317.163,25.2205
317.31,25.8344
317.374,26.1059
317.479,26.5822
317.585,27.074
317.648,27.385
317.796,28.1347
317.818,28.2474
317.987,29.1797
318.155,30.2022
318.24,30.7322
318.324,31.2991
318.472,32.3253
318.493,32.4776
318.663,33.7673
318.832,35.1795
318.853,35.3648
319.0,36.7212
319.043,37.1285
319.169,38.3977
319.296,39.7849
319.381,40.7403
319.423,41.2486
319.571,43.099
319.597,43.4503
319.713,45.0564
319.761,45.7354
319.83,46.779
319.946,48.604
319.951,48.69
320.062,50.6119
320.141,52.0338
320.178,52.7416
320.294,55.046
320.321,55.5887
320.4,57.3178
320.479,59.1184
320.543,60.6462
320.638,63.0493
320.685,64.3263
320.78,66.9852
320.796,67.4439
320.875,69.8836
320.955,72.4091
320.97,72.942
321.06,76.0694
321.065,76.2623
321.181,80.639
321.282,84.8878
321.316,86.3645
321.383,89.4734
321.417,91.0956
321.485,94.4908
321.519,96.2646
321.586,99.9813
321.62,101.93
321.696,106.546
321.738,109.228
321.781,112.044
321.823,114.975
321.865,118.031
321.907,121.215
321.95,124.539
321.992,128.004
322.034,131.625
322.076,135.405
322.119,139.359
322.161,143.491
322.203,147.817
322.245,152.343
322.288,157.086
322.33,162.054
322.372,167.266
322.414,172.731
322.457,178.469
322.499,184.494
322.541,190.825
322.583,197.436
322.604,200.914
322.668,211.745
322.731,223.591
322.752,227.699
322.795,236.348
322.837,245.344
322.858,250.084
322.921,264.874
322.985,281.094
323.006,286.726
323.048,298.508
323.069,304.642
323.111,317.394
323.133,324.034
323.175,337.829
323.196,345.01
323.238,359.923
323.259,367.682
323.302,383.785
323.323,392.157
323.365,409.518
323.386,418.537
323.428,437.328
323.471,456.828
323.492,467.024
323.555,498.714
323.597,521.377
323.64,544.8
323.682,569.127
323.724,594.461
323.766,620.664
323.809,647.835
323.851,675.801
323.893,704.657
323.935,734.33
324.02,795.52
324.062,826.733
324.316,1018.23
324.392,1074.17
324.425,1098.18
324.493,1144.13
324.527,1165.95
324.594,1206.78
324.628,1225.83
324.67,1247.62
324.713,1267.53
324.755,1285.27
324.797,1300.75
324.839,1313.83
324.882,1324.41
324.924,1332.75
324.945,1335.68
324.998,1340.76
325.058,1340.62
325.07,1340.0
325.14,1332.28
325.142,1332.1
325.207,1317.99
325.213,1316.3
325.285,1293.46
325.296,1289.62
325.352,1266.29
325.384,1251.12
325.444,1221.04
325.473,1204.64
325.536,1167.69
325.575,1143.09
325.627,1108.32
325.676,1074.92
325.75,1022.65
325.98,856.044
326.065,796.178
326.107,766.981
326.166,727.367
326.208,699.918
326.276,657.354
326.284,652.221
326.36,607.437
326.365,605.03
326.436,565.65
326.453,556.711
326.513,526.716
326.542,512.283
326.589,490.606
326.631,471.678
326.665,457.256
326.724,433.113
326.749,423.22
326.791,407.391
326.808,401.3
326.859,383.638
326.867,380.808
326.927,361.667
326.986,343.897
326.994,341.462
327.062,322.771
327.074,319.403
327.129,305.545
327.163,297.353
327.197,289.539
327.239,280.181
327.273,273.007
327.315,264.457
327.358,256.26
327.391,250.017
327.442,241.037
327.467,236.758
327.527,227.178
327.543,224.567
327.611,214.538
327.62,213.341
327.696,202.988
327.772,193.472
327.78,192.455
327.86,183.231
327.865,182.765
327.949,173.883
327.96,172.817
328.038,165.323
328.065,162.792
328.126,157.436
328.171,153.704
328.215,150.157
328.276,145.441
328.304,143.428
328.382,137.909
328.393,137.197
328.481,131.435
328.488,131.039
328.593,124.745
328.595,124.626
328.71,118.473
328.752,116.286
328.824,112.795
328.895,109.443
328.938,107.58
329.039,103.283
329.052,102.775
329.166,98.3719
329.183,97.7427
329.28,94.3162
329.326,92.7345
329.394,90.5504
329.47,88.1888
329.542,86.0677
329.614,84.0366
329.69,81.9884
329.757,80.2423
329.838,78.2647
329.901,76.7651
329.986,74.8751
330.112,72.1492
330.133,71.7232
330.281,68.8537
330.323,68.0628
330.429,66.2062
330.535,64.4142
330.577,63.739
330.746,61.1374
330.915,58.7742
330.957,58.2043
331.084,56.5891
331.168,55.5497
331.253,54.5653
331.38,53.1389
331.422,52.6876
331.591,50.9428
331.845,48.5826
331.908,48.0158
332.035,46.9627
332.225,45.4385
332.246,45.2805
332.457,43.758
332.542,43.1696
332.668,42.3448
332.858,41.149
332.88,41.0243
333.091,39.8193
333.175,39.3556
333.408,38.1689
333.587,37.2864
333.619,37.1409
333.883,35.9684
333.894,35.9231
334.147,34.9092
334.353,34.1129
334.411,33.9053
334.675,32.9929
334.813,32.5331
334.939,32.1394
335.203,31.3444
335.272,31.145
335.599,30.2613
335.732,29.9183
335.906,29.4961
336.186,28.8412
336.254,28.6909
336.603,27.9546
336.64,27.879
336.951,27.2818
337.094,27.0171
337.3,26.6625
337.649,26.0811
337.775,25.8757
337.997,25.5466
338.346,25.0444
338.457,24.8892
338.731,24.5358
339.138,24.0287
339.154,24.0105
339.576,23.5411
339.893,23.1996
339.999,23.095
340.421,22.6893
340.685,22.4427
340.844,22.3066
341.266,21.9536
341.478,21.7827
341.9,21.4673
342.27,21.2006
342.428,21.0947
342.956,20.7523
343.062,20.6858
343.484,20.4411
344.013,20.1438
344.118,20.0859
344.541,19.8746
345.069,19.6173
345.174,19.5674
345.861,19.2702
346.231,19.1157
346.653,18.9536
347.287,18.7185
347.445,18.6651
348.237,18.4064
348.871,18.2054
349.03,18.1603
349.822,17.9418
350.456,17.7717
350.614,17.7333
351.406,17.5467
352.04,17.4011
352.198,17.3681
352.991,17.2069
353.624,17.0814
354.047,17.005
355.103,16.8197
355.209,16.8017
356.159,16.655
357.216,16.4961
357.321,16.4806
358.272,16.3554
359.328,16.2196
359.434,16.2063
360.384,16.0982
361.441,15.9806
361.546,15.9691
363.025,15.8263
364.609,15.6774
364.715,15.6677
366.194,15.5493
367.763,15.4264
367.884,15.4171
369.3,15.3204
370.838,15.2176
371.051,15.2037
372.66,15.1099
374.478,15.0063
374.625,14.9988
376.589,14.901
378.426,14.8114
378.582,14.8046
380.574,14.7195
381.902,14.6636
382.43,14.6418
384.596,14.5628
387.29,14.4667
388.38,14.4285
390.022,14.3777
392.754,14.2948
393.46,14.2737
395.525,14.2193
398.295,14.1474
401.08,14.0764
402.289,14.0494
406.16,13.9644
408.7,13.9096
409.97,13.8852
413.78,13.8131
416.699,13.7588
418.158,13.7345
422.578,13.6617
425.538,13.6136
427.596,13.5838
429.655,13.5543
435.717,13.4685
436.64,13.4556
441.72,13.3927
443.534,13.3705
446.64,13.3327
446.8,13.3308
449.791,13.2987
451.88,13.2763
452.942,13.2651
456.137,13.2314
456.96,13.2227
459.332,13.2011
462.04,13.1763
462.572,13.1716
465.812,13.1426
467.12,13.1309
469.098,13.1162
472.2,13.0932
472.384,13.0919
475.716,13.0678
477.28,13.0565
479.048,13.0466
482.36,13.028
482.428,13.0277
484.9,13.0144
485.807,13.0107
487.44,13.0041
489.234,12.9973
492.52,12.9848
492.661,12.9845
496.136,12.9787
497.6,12.9762
499.611,12.9735
500.14,12.9727
502.68,12.9736
503.136,12.9739
505.22,12.9754
506.66,12.9785
507.76,12.9809
510.234,12.9874
510.3,12.9875
512.84,13.0004
513.808,13.0058
515.7,13.0163
517.433,13.0276
517.499,13.0281
517.92,13.0318
521.057,13.0615
523.0,13.08
524.27,13.0957
524.733,13.1017
526.81,13.1287
528.08,13.1487
528.408,13.1541
530.62,13.1902
531.89,13.2151
532.136,13.2201
534.43,13.2665
535.7,13.2968
535.863,13.3009
538.24,13.3594
539.51,13.3964
539.643,13.4004
542.05,13.4723
543.32,13.5157
543.423,13.5193
544.59,13.5602
547.13,13.6591
547.257,13.6647
549.67,13.7716
550.94,13.8341
551.09,13.8417
552.21,13.8982
554.75,14.0402
554.977,14.0546
557.29,14.201
558.865,14.3133
559.83,14.3822
561.1,14.4812
562.37,14.589
562.807,14.6267
563.64,14.6984
564.91,14.8198
566.18,14.9428
566.749,15.0034
567.45,15.0779
568.085,15.1465
569.99,15.3706
570.747,15.4688
571.895,15.6177
572.53,15.7073
573.8,15.8891
574.745,16.0364
575.07,16.087
575.705,16.1875
577.61,16.5159
578.799,16.7432
579.515,16.8799
580.15,17.0126
581.42,17.2819
582.69,17.5768
582.854,17.6154
583.325,17.7263
584.595,18.0546
585.23,18.2206
586.5,18.5844
586.965,18.7192
587.135,18.7684
588.405,19.1738
589.04,19.3792
590.564,19.9181
591.077,20.1173
592.088,20.5103
592.85,20.8318
593.612,21.1572
594.374,21.511
595.136,21.8683
595.246,21.9247
595.898,22.2576
596.66,22.6508
597.422,23.0799
598.184,23.5135
598.946,23.9877
599.416,24.2831
599.708,24.4668
600.47,24.9858
600.851,25.248
601.994,26.0919
603.137,27.0081
603.518,27.3367
603.644,27.4467
604.28,28.001
605.042,28.7168
605.423,29.0786
606.566,30.2501
607.709,31.5309
607.872,31.7293
608.09,31.9933
608.852,32.9288
609.614,33.9439
609.995,34.4566
610.757,35.5716
611.138,36.1342
611.9,37.3599
612.16,37.7829
612.281,37.9786
613.043,39.3294
613.424,40.0113
614.186,41.5039
614.567,42.2575
615.329,43.9113
615.71,44.7464
616.448,46.5272
616.472,46.5839
616.853,47.5121
617.615,49.5257
618.377,51.6999
618.758,52.8621
619.139,54.0361
619.869,56.4417
620.568,58.93
620.797,59.8042
620.917,60.2619
621.266,61.6076
621.965,64.4897
622.663,67.6133
623.013,69.2918
623.362,70.9885
624.06,74.6378
624.759,78.5986
625.145,80.974
625.394,82.4992
625.68,84.4082
626.251,88.2632
626.537,90.3556
626.823,92.4686
627.394,96.9879
627.966,101.878
628.251,104.501
628.537,107.151
629.109,112.844
629.555,117.679
629.68,119.028
629.934,122.012
630.366,127.135
630.696,131.432
631.052,136.106
631.458,141.98
631.737,146.061
632.22,153.831
632.423,157.132
632.728,162.513
632.88,165.223
633.236,171.993
633.338,173.942
633.744,182.401
633.947,186.669
633.965,187.083
634.43,197.821
634.557,200.782
634.887,209.275
635.166,216.512
635.344,221.521
635.573,228.006
635.801,234.955
635.979,240.398
636.259,249.575
636.386,253.777
636.716,265.486
636.767,267.302
637.173,283.07
637.3,288.034
637.579,300.08
637.833,311.121
638.113,324.32
638.189,327.955
638.437,340.625
638.545,346.108
638.646,351.668
638.9,365.699
639.18,382.26
639.256,386.813
639.535,404.699
639.586,407.972
639.891,429.261
640.043,439.978
640.246,455.689
640.5,475.48
640.704,492.918
640.958,514.905
641.161,533.984
641.262,543.608
641.567,574.44
641.618,579.932
641.872,607.629
642.075,631.313
642.177,643.261
642.482,681.571
642.532,688.398
642.786,722.828
642.909,740.624
642.99,752.265
643.091,767.113
643.396,814.688
643.447,823.153
643.701,865.829
643.904,902.229
644.006,920.578
644.361,989.812
644.437,1004.76
644.818,1085.66
645.199,1172.95
645.269,1190.0
645.58,1266.35
645.707,1299.53
646.088,1399.58
646.292,1456.26
646.819,1603.74
647.444,1781.42
647.46,1785.86
647.612,1828.92
647.968,1923.62
648.089,1955.48
648.349,2018.4
648.406,2032.05
648.724,2099.86
648.73,2101.03
649.022,2153.52
649.111,2166.55
649.302,2193.82
649.365,2200.64
649.581,2223.2
649.614,2225.39
649.858,2240.79
649.86,2240.94
649.98,2243.79
650.102,2246.41
650.229,2244.17
650.406,2240.47
650.483,2235.63
650.711,2220.42
650.737,2217.7
651.016,2186.87
651.118,2171.96
651.321,2141.36
651.499,2108.12
651.727,2064.69
651.88,2031.05
651.98,2008.8
652.07,1988.64
652.134,1972.96
652.584,1860.9
652.718,1825.52
653.74,1553.48
653.956,1496.28
654.324,1403.06
654.47,1366.3
654.775,1293.98
654.928,1258.05
655.232,1190.92
655.385,1157.59
655.69,1095.88
655.842,1065.26
656.147,1008.93
656.299,980.986
656.579,934.065
656.604,929.811
656.756,904.398
656.909,880.898
657.087,853.634
657.214,835.458
657.442,802.971
657.671,772.747
657.798,756.096
658.128,715.837
658.153,712.765
658.509,672.775
658.585,664.801
658.865,635.808
659.042,618.633
659.22,601.576
659.347,590.227
659.576,569.918
659.703,559.426
659.957,538.573
660.058,530.847
660.363,507.812
660.414,504.261
660.77,479.552
661.125,456.803
661.176,453.576
661.178,453.471
661.582,429.638
661.659,425.469
661.989,407.558
662.192,397.307
662.395,387.131
662.598,377.817
663.005,359.303
663.411,342.575
663.513,338.423
664.021,319.345
664.529,301.923
664.63,298.707
665.037,285.951
665.24,280.052
665.545,271.268
665.697,267.198
665.842,263.361
666.053,257.762
666.205,254.008
666.561,245.306
666.713,241.838
667.069,233.796
667.221,230.602
667.653,221.609
667.729,220.143
668.237,210.429
668.821,200.165
668.999,197.269
669.406,190.695
669.507,189.196
670.117,180.258
670.282,177.851
670.506,174.92
670.726,172.032
671.158,166.412
671.336,164.326
671.946,157.218
672.098,155.453
672.809,147.937
672.86,147.44
673.52,141.041
673.774,138.804
674.384,133.473
674.587,131.705
675.146,127.353
675.236,126.66
675.654,123.422
675.908,121.651
676.67,116.373
676.721,116.023
677.432,111.596
677.813,109.237
678.194,107.104
678.956,102.867
679.337,100.95
679.965,97.8142
680.099,97.1478
680.48,95.4213
681.242,91.995
681.623,90.4342
682.385,87.3355
682.766,85.9194
683.528,83.1073
683.909,81.8182
684.671,79.2577
684.762,78.9766
685.052,78.0807
685.814,75.7421
686.195,74.6781
687.338,71.5067
688.481,68.6666
688.862,67.7252
689.559,66.1685
689.624,66.0222
690.386,64.3287
690.767,63.5597
691.91,61.2655
693.434,58.4947
694.423,56.862
694.958,55.9782
696.482,53.6847
698.006,51.5881
699.53,49.7022
700.292,48.7646
701.054,47.9137
701.816,47.0675
702.578,46.2869
703.594,45.2518
704.102,44.7779
705.372,43.6
705.626,43.386
707.15,42.1081
708.039,41.3662
708.674,40.8934
709.153,40.5391
710.706,39.3895
710.96,39.2209
713.341,37.6513
713.373,37.6305
714.155,37.1699
715.722,36.2468
716.04,36.061
718.104,34.9766
718.898,34.5621
719.158,34.4395
720.485,33.8133
721.755,33.2174
722.866,32.7441
724.231,32.1664
724.612,32.0047
725.565,31.6374
727.47,30.9075
728.422,30.5738
729.304,30.2671
730.328,29.9105
731.28,29.6063
733.185,29.0013
734.138,28.7265
734.448,28.6374
736.995,27.9069
739.593,27.2395
739.852,27.1727
740.805,26.9292
742.71,26.4882
744.615,26.0493
744.81,26.0084
745.568,25.8496
748.425,25.2534
750.027,24.9494
752.235,24.5303
755.318,23.9961
756.045,23.8701
759.855,23.276
760.609,23.159
761.76,22.9804
763.665,22.7165
765.974,22.3981
767.475,22.1912
771.285,21.7204
771.339,21.7137
773.19,21.486
775.095,21.2744
776.78,21.088
779.54,20.7828
782.08,20.5321
782.222,20.5181
787.16,20.0326
787.739,19.9816
792.24,19.5862
793.257,19.4972
794.78,19.364
797.32,19.161
798.853,19.0391
802.4,18.757
804.449,18.6085
807.48,18.3889
810.02,18.2056
810.123,18.1987
812.56,18.0347
815.798,17.8178
817.64,17.6944
821.553,17.452
822.72,17.3797
827.307,17.0969
827.8,17.0665
832.88,16.7747
833.143,16.7597
838.046,16.4794
838.979,16.4291
843.212,16.2006
844.898,16.1102
848.498,15.9171
850.231,15.8248
853.725,15.6459
858.922,15.382
862.388,15.2074
862.819,15.1858
865.852,15.0338
868.906,14.882
869.318,14.8615
871.05,14.7761
872.782,14.692
874.992,14.5857
876.247,14.5253
879.713,14.3604
881.164,14.2921
883.177,14.1975
884.91,14.1168
888.375,13.9574
891.84,13.8008
893.573,13.7238
894.439,13.6866
897.037,13.5772
899.636,13.4702
900.503,13.4354
902.235,13.3698
904.834,13.2745
905.7,13.2439
907.432,13.1878
909.165,13.1346
910.031,13.1106
911.764,13.066
912.63,13.0468
914.362,13.0116
916.095,12.9875
916.961,12.977
917.828,12.9709
918.694,12.9667
919.56,12.9667
920.426,12.9687
921.292,12.9758
922.159,12.9851
923.025,13.0001
923.512,13.0101
924.758,13.0441
924.974,13.0508
925.425,13.0683
926.298,13.1022
926.49,13.1114
927.622,13.1697
928.222,13.2057
928.504,13.2238
929.387,13.2873
929.955,13.333
930.269,13.3596
931.151,13.4425
931.254,13.4532
931.953,13.5288
932.034,13.5376
932.554,13.5996
932.9,13.6427
933.766,13.7612
933.853,13.7742
934.633,13.8959
935.153,13.9849
935.499,14.0465
936.365,14.2149
936.452,14.2332
937.015,14.356
937.665,14.5075
937.751,14.5292
938.314,14.6746
938.481,14.7207
938.964,14.8541
939.051,14.8797
939.57,15.0382
940.177,15.2351
940.35,15.2951
940.783,15.4498
941.39,15.6805
941.584,15.7597
941.996,15.9318
942.602,16.2022
942.819,16.3053
943.209,16.4964
943.815,16.8137
944.053,16.9477
944.53,17.2222
944.876,17.438
945.101,17.5811
945.244,17.6719
945.699,17.9844
945.959,18.1665
946.522,18.5937
946.674,18.7111
947.367,19.2929
947.388,19.3115
948.06,19.9351
948.233,20.1092
948.709,20.5977
949.099,21.0297
949.359,21.3238
949.965,22.0661
950.009,22.1203
950.658,23.0001
950.832,23.2545
951.286,23.9361
951.698,24.6025
951.871,24.8884
952.348,25.7366
952.456,25.9325
952.997,26.991
953.041,27.0771
953.625,28.3346
953.647,28.3852
954.21,29.7195
954.286,29.9137
954.73,31.0694
954.919,31.6012
955.25,32.5429
955.553,33.4761
955.769,34.1537
956.186,35.5635
956.289,35.9174
956.809,37.8527
956.82,37.8964
957.311,39.9127
957.425,40.4179
957.805,42.1331
957.974,42.9598
958.299,44.5736
958.523,45.7833
958.792,47.2611
959.072,48.9276
959.286,50.227
959.621,52.435
959.763,53.3864
960.17,56.3518
960.204,56.6085
960.646,60.1565
960.716,60.7618
961.088,64.0678
961.261,65.7431
961.53,68.3837
961.807,71.3592
961.972,73.1516
962.171,75.519
962.387,78.1227
962.535,80.0541
962.803,83.6179
962.898,85.0007
963.219,89.7052
963.236,89.9797
963.496,94.1513
963.704,97.7027
963.773,98.906
964.051,104.032
964.172,106.454
964.432,111.714
964.484,112.864
964.796,119.839
965.107,127.548
965.159,128.849
965.402,135.39
965.419,135.887
965.644,142.421
965.714,144.562
965.887,149.972
965.991,153.432
966.13,158.095
966.268,163.118
966.441,169.464
966.545,173.611
966.753,181.995
966.823,185.044
967.065,195.832
967.1,197.517
967.377,211.141
967.654,226.223
967.689,228.13
967.905,241.156
967.983,245.905
968.243,263.169
968.269,264.916
968.468,279.526
968.555,285.939
968.694,297.146
968.841,309.166
968.919,316.124
969.127,334.85
969.144,336.555
969.369,358.926
969.404,362.408
969.664,390.812
969.681,392.868
969.924,421.972
969.941,424.227
970.184,456.117
970.201,458.584
970.444,493.474
970.461,496.168
970.703,534.252
970.721,537.174
970.937,574.036
970.981,581.902
971.171,616.823
971.266,635.384
971.405,662.61
971.552,693.487
971.717,728.286
971.933,777.191
972.042,801.83
972.406,889.328
972.41,890.41
973.155,1076.88
973.224,1094.08
973.48,1154.85
973.579,1178.26
973.805,1227.21
973.839,1234.62
974.021,1269.62
974.099,1284.36
974.238,1306.77
974.359,1325.97
974.425,1334.25
974.612,1357.15
974.619,1357.97
974.799,1373.08
974.858,1377.8
974.986,1383.9
975.055,1386.89
975.243,1389.33
975.251,1389.4
975.468,1384.31
975.502,1382.28
975.728,1368.01
975.762,1364.58
975.988,1341.34
976.022,1336.68
976.247,1305.54
976.282,1299.84
976.507,1262.09
976.555,1253.0
976.845,1196.95
976.854,1195.12
977.222,1116.68
977.95,955.63
978.101,922.339
978.361,867.723
978.478,843.362
978.673,804.955
978.812,777.892
978.985,746.115
979.123,720.949
979.297,691.578
979.435,668.335
979.608,641.366
979.747,620.034
979.92,595.387
980.059,575.896
980.232,553.492
980.388,533.564
980.544,515.105
980.631,504.969
980.856,480.288
980.873,478.411
981.168,449.019
981.237,442.169
981.376,429.752
981.601,409.743
981.618,408.346
981.861,388.969
981.965,380.736
982.103,370.607
982.207,363.075
982.346,353.732
982.519,342.151
982.588,337.875
982.831,323.062
982.952,316.214
983.143,305.584
983.316,296.637
983.455,289.553
983.593,282.985
983.766,274.845
983.87,270.31
984.078,261.316
984.148,258.575
984.425,247.705
984.546,242.995
984.841,232.546
984.875,231.33
985.222,220.047
985.256,219.0
985.534,210.698
985.568,209.668
985.88,201.201
986.088,195.605
986.227,192.246
986.573,183.921
986.608,183.095
986.92,176.379
987.128,171.937
987.266,169.262
987.693,161.11
987.786,159.485
988.13,153.547
988.306,150.746
988.568,146.603
988.721,144.386
989.137,138.444
989.224,137.216
989.553,133.022
989.88,128.889
989.969,127.876
990.385,123.169
990.536,121.467
990.974,116.951
991.008,116.622
991.632,110.757
991.662,110.474
992.152,106.342
992.351,104.674
992.574,102.976
992.672,102.231
993.04,99.4481
993.191,98.4005
993.711,94.8371
993.728,94.7191
994.231,91.5834
994.417,90.431
995.01,87.0554
995.106,86.5187
995.79,82.9662
995.794,82.9439
996.396,80.0807
996.483,79.6717
997.003,77.4197
997.349,75.9289
997.609,74.9094
998.216,72.551
998.519,71.4719
999.082,69.4879
999.428,68.3671
999.948,66.7017
1000.0,66.5513
1000.34,65.5725
1001.03,63.581
1001.25,62.9628
1001.81,61.5342
1002.55,59.6793
1002.59,59.5817
1003.37,57.8377
1003.85,56.7788
1004.15,56.1732
1005.15,54.1991
1005.32,53.889
1006.44,51.8918
1006.49,51.8221
1007.31,50.508
1007.74,49.8205
1008.18,49.1848
1008.61,48.5538
1009.48,47.3999
1010.34,46.2558
1010.78,45.7413
1011.77,44.5679
1012.08,44.2423
1013.2,43.0424
1013.37,42.8751
1014.7,41.6087
1015.11,41.2169
1016.03,40.4313
1017.01,39.596
1017.36,39.3309
1018.69,38.3185
1018.88,38.1794
1020.02,37.3932
1020.69,36.9362
1021.4,36.5094
1022.86,35.6285
1023.42,35.2911
1024.32,34.8155
1025.78,34.0465
1026.11,33.8764
1026.76,33.5737
1028.71,32.6704
1030.44,31.9548
1031.31,31.5989
1032.17,31.2779
1033.91,30.6393
1035.64,30.072
1037.37,29.5074
1039.1,29.01
1040.83,28.5153
1041.7,28.2946
1044.3,27.6369
1046.9,27.0498
1047.77,26.8551
1049.5,26.5033
1051.23,26.1533
1052.1,25.9978
1054.69,25.5335
1056.43,25.2254
1057.29,25.0911
1059.89,24.69
1062.06,24.357
1062.49,24.298
1065.52,23.8869
1066.39,23.7699
1068.77,23.4796
1072.02,23.0855
1075.48,22.7042
1078.95,22.3597
1082.42,22.0166
1085.88,21.7135
1089.34,21.4114
1094.11,21.043
1097.14,20.8094
1098.01,20.7497
1101.91,20.4817
1104.94,20.274
1105.8,20.2194
1110.14,19.9473
1111.0,19.8976
1116.2,19.6005
1120.53,19.3537
1121.4,19.3094
1126.59,19.0444
1130.93,18.8241
1131.79,18.7839
1136.99,18.5437
1141.32,18.344
1142.19,18.3076
1147.38,18.0896
1152.58,17.8723
1155.88,17.7349
1157.61,17.6688
1162.47,17.4839
1164.9,17.3916
1170.83,17.1674
1172.56,17.1021
1176.75,16.9553
1181.68,16.7835
1186.61,16.6123
1191.54,16.4419
1196.47,16.2725
1200.17,16.1514
1203.86,16.0309
1207.56,15.9113
1211.26,15.7925
1214.96,15.6747
1218.66,15.5581
1221.43,15.4715
1224.2,15.3859
1226.97,15.3012
1229.75,15.2178
1232.52,15.1357
1235.29,15.0553
1237.14,15.0029
1238.07,14.9787
1240.84,14.9082
1243.0,14.8552
1245.15,14.8041
1247.31,14.7634
1248.93,14.7345
1250.55,14.7073
1251.62,14.6904
1252.16,14.6852
1253.78,14.6717
1255.4,14.6606
1255.94,14.6579
1257.02,14.6607
1258.63,14.6681
1259.33,14.673
1260.25,14.6856
1260.56,14.6904
1261.33,14.7075
1262.41,14.7336
1262.59,14.7385
1263.49,14.7712
1264.57,14.8133
1264.63,14.8159
1265.64,14.8721
1266.66,14.9316
1266.72,14.9361
1267.97,15.0328
1268.19,15.0506
1269.22,15.1529
1269.65,15.1977
1270.05,15.2474
1270.88,15.3543
1271.08,15.381
1271.71,15.4808
1272.52,15.6118
1272.55,15.6176
1273.38,15.7797
1273.47,15.7985
1274.39,16.0082
1274.43,16.0155
1275.07,16.1864
1275.38,16.2701
1275.75,16.3835
1276.34,16.5679
1276.43,16.6008
1277.11,16.8483
1277.26,16.9062
1277.78,17.1281
1278.18,17.3025
1278.46,17.4393
1279.08,17.751
1279.11,17.767
1279.63,18.0686
1279.73,18.123
1280.19,18.4199
1280.34,18.5212
1280.74,18.809
1280.96,18.9675
1281.3,19.2398
1281.54,19.4425
1281.85,19.7186
1282.1,19.9448
1282.41,20.2528
1282.65,20.5052
1282.96,20.8497
1283.21,21.1317
1283.45,21.4403
1283.76,21.8339
1283.89,22.0068
1284.32,22.6231
1284.73,23.2815
1284.75,23.3077
1285.15,24.0034
1285.18,24.0611
1285.56,24.7965
1285.61,24.8927
1286.04,25.8081
1286.07,25.8682
1286.44,26.731
1286.47,26.8245
1286.8,27.6743
1286.85,27.8026
1287.17,28.7106
1287.33,29.2001
1287.54,29.8464
1287.81,30.7734
1287.9,31.0925
1288.13,31.944
1288.27,32.4706
1288.45,33.2195
1288.64,33.9942
1288.77,34.6138
1289.03,35.81
1289.09,36.1322
1289.38,37.6339
1289.42,37.8458
1289.68,39.3433
1289.77,39.8698
1289.95,40.9657
1290.16,42.383
1290.21,42.7194
1290.47,44.6308
1290.55,45.2336
1290.73,46.708
1290.81,47.3477
1291.06,49.6217
1291.29,51.7612
1291.32,52.1411
1291.51,54.0768
1291.66,55.7288
1291.73,56.5732
1291.95,59.2778
1291.99,59.7602
1292.17,62.2162
1292.21,62.7424
1292.4,65.4135
1292.43,65.9856
1292.6,68.6962
1292.65,69.5234
1292.8,72.0439
1292.88,73.389
1293.0,75.6665
1293.1,77.6136
1293.2,79.5905
1293.3,81.7056
1293.39,83.8518
1293.49,86.151
1293.59,88.4844
1293.69,90.9873
1293.79,93.5279
1293.89,96.2565
1293.99,99.0268
1294.08,101.999
1294.17,104.639
1294.28,108.268
1294.34,110.316
1294.48,115.124
1294.52,116.456
1294.68,122.622
1294.69,123.103
1294.85,129.791
1294.86,130.313
1295.02,137.565
1295.03,138.131
1295.19,145.997
1295.21,146.611
1295.37,155.146
1295.38,155.812
1295.53,164.682
1295.54,165.063
1295.71,175.864
1295.74,177.428
1295.88,187.58
1295.94,191.448
1296.12,204.909
1296.14,206.795
1296.3,220.009
1296.35,223.614
1296.49,236.349
1296.55,241.954
1296.67,253.966
1296.75,261.878
1296.92,279.405
1296.96,283.356
1297.16,306.398
1297.19,310.078
1297.36,330.937
1297.49,346.615
1297.63,365.618
1297.93,405.46
1298.0,415.435
1298.38,466.839
1298.5,482.684
1298.69,507.44
1298.75,515.298
1298.92,535.338
1299.01,545.677
1299.15,560.435
1299.2,565.724
1299.38,581.538
1299.4,582.847
1299.59,596.527
1299.59,596.699
1299.75,604.925
1299.8,606.589
1299.94,611.39
1300.0,612.245
1300.13,613.803
1300.17,613.833
1300.17,613.82
1300.33,611.784
1300.36,611.328
1300.51,606.57
1300.54,605.3
1300.73,595.562
1300.74,595.065
1300.92,582.595
1300.92,582.342
1301.1,567.481
1301.11,565.978
1301.36,540.729
1301.4,536.948
1301.63,510.354
1301.69,503.955
1302.08,455.408
1302.42,413.613
1302.61,389.289
1302.71,377.674
1302.91,354.682
1302.93,351.97
1303.16,327.829
1303.2,322.529
1303.38,305.143
1303.44,299.015
1303.6,284.142
1303.7,275.119
1303.82,264.692
1303.96,253.394
1304.04,246.78
1304.22,233.757
1304.26,230.345
1304.42,219.408
1304.47,216.082
1304.6,208.476
1304.73,200.214
1304.77,198.14
1304.94,188.588
1304.95,187.914
1305.11,179.804
1305.18,176.722
1305.29,171.587
1305.4,166.514
1305.46,163.903
1305.62,157.196
1305.63,156.717
1305.82,149.629
1305.84,148.695
1306.01,142.633
1306.06,140.923
1306.21,136.156
1306.29,133.802
1306.41,130.153
1306.51,127.269
1306.61,124.592
1306.75,120.626
1306.8,119.401
1307.0,114.561
1307.25,109.029
1307.3,108.0
1307.49,103.95
1307.54,103.007
1307.74,99.2874
1307.79,98.4341
1308.04,94.2259
1308.11,92.979
1308.28,90.3497
1308.48,87.382
1308.53,86.7035
1308.78,83.3527
1308.79,83.187
1309.02,80.2791
1309.1,79.3711
1309.27,77.4086
1309.4,75.8849
1309.56,74.2774
1309.71,72.6901
1309.85,71.4124
1310.14,68.7168
1310.17,68.3766
1310.43,66.2815
1310.64,64.5637
1310.72,63.9595
1310.94,62.2636
1311.15,60.8485
1311.43,58.9989
1311.59,58.0177
1311.91,56.0846
1311.99,55.6441
1312.39,53.4726
1312.79,51.5132
1312.87,51.1261
1313.19,49.7064
1313.35,49.0049
1313.59,48.0369
1313.83,47.0801
1313.99,46.4914
1314.31,45.3274
1314.39,45.0581
1314.79,43.7263
1315.28,42.2389
1315.41,41.8715
1315.78,40.8672
1316.02,40.2056
1316.27,39.6003
1316.64,38.7031
1316.76,38.4285
1317.26,37.3426
1317.75,36.3728
1318.18,35.533
1318.24,35.4262
1318.73,34.5814
1319.1,33.9542
1319.29,33.6736
1319.84,32.8411
1320.03,32.5663
1320.4,32.0721
1320.95,31.3382
1321.78,30.355
1321.88,30.2471
1322.62,29.4643
1322.8,29.2706
1323.17,28.9227
1323.96,28.1907
1324.03,28.1198
1324.74,27.5349
1325.11,27.233
1325.53,26.929
1326.31,26.361
1326.5,26.2286
1327.1,25.8462
1327.89,25.3509
1328.67,24.9111
1329.27,24.5776
1329.46,24.4837
1330.2,24.1116
1330.47,23.9854
1331.49,23.5274
1332.05,23.2801
1332.51,23.0972
1333.52,22.6986
1333.66,22.6447
1334.54,22.3374
1335.28,22.0809
1335.56,21.9951
1336.57,21.6832
1337.44,21.4205
1337.59,21.3791
1339.09,20.9788
1339.59,20.8468
1340.6,20.6113
1341.75,20.3423
1342.1,20.2698
1343.6,19.9584
1343.91,19.8951
1345.1,19.6784
1346.68,19.3942
1347.14,19.3117
1348.3,19.1321
1349.92,18.8826
1350.38,18.8118
1351.53,18.6558
1353.15,18.439
1353.61,18.3774
1354.85,18.2312
1356.69,18.0134
1356.85,17.9954
1358.54,17.8175
1360.08,17.6568
1360.39,17.628
1362.86,17.399
1364.4,17.257
1365.32,17.1813
1367.79,16.981
1369.02,16.8815
1370.25,16.7927
1372.72,16.6162
1373.95,16.5284
1375.18,16.4493
1377.65,16.292
1378.88,16.2138
1381.34,16.0742
1385.04,15.866
1386.28,15.797
1388.74,15.6742
1392.44,15.4909
1393.67,15.43
1395.88,15.3314
1400.29,15.1351
1401.26,15.0919
1404.47,14.9617
1408.42,14.802
1410.39,14.7224
1412.39,14.6485
1416.4,14.5012
1420.66,14.3446
1422.4,14.2811
1425.2,14.1865
1429.36,14.0461
1435.06,13.8547
1437.59,13.77
1441.39,13.6502
1447.72,13.4514
1452.79,13.293
1457.85,13.1351
1462.92,12.9809
1467.98,12.8274
1473.05,12.6745
1478.11,12.5223
1483.18,12.3709
1488.24,12.2203
1493.31,12.0706
1498.38,11.9221
1503.44,11.7747
1507.24,11.6651
1508.51,11.6289
1511.04,11.5568
1514.84,11.4497
1518.64,11.3437
1522.43,11.2391
1523.7,11.2048
1526.23,11.1396
1530.03,11.0437
1531.3,11.0124
1533.83,10.9543
1536.36,10.8976
1538.9,10.8481
1541.43,10.8001
1542.22,10.7875
1545.15,10.7429
1545.54,10.7382
1547.76,10.7137
1548.71,10.7039
1549.9,10.6969
1552.03,10.6859
1552.27,10.6849
1554.17,10.6861
1554.88,10.6872
1556.31,10.695
1558.79,10.7232
1560.65,10.7576
1562.52,10.8053
1564.38,10.8686
1566.25,10.9495
1567.96,11.0422
1569.66,11.1557
1571.37,11.2929
1572.51,11.3999
1573.08,11.4593
1573.65,11.5201
1574.79,11.6546
1575.93,11.807
1576.5,11.8912
1577.07,11.9774
1578.21,12.1677
1579.35,12.3825
1579.92,12.5012
1580.49,12.6225
1581.63,12.8904
1582.77,13.1917
1583.63,13.442
1583.91,13.532
1584.48,13.715
1585.37,14.0263
1585.62,14.1168
1586.38,14.4123
1586.7,14.5442
1587.14,14.7319
1587.9,15.0766
1588.03,15.1383
1588.66,15.4515
1589.36,15.8215
1589.42,15.8557
1590.18,16.2971
1590.68,16.6129
1590.87,16.7333
1591.82,17.3852
1591.89,17.433
1592.77,18.1106
1592.84,18.163
1593.41,18.6402
1593.79,18.9797
1594.04,19.2087
1594.67,19.82
1594.74,19.8853
1595.31,20.4804
1595.69,20.91
1596.16,21.4536
1596.64,22.0485
1596.97,22.4706
1597.74,23.5389
1597.78,23.5923
1598.47,24.665
1598.58,24.8374
1599.21,25.9024
1599.39,26.2191
1599.94,27.262
1600.17,27.6919
1600.68,28.7579
1600.88,29.186
1601.41,30.4125
1601.59,30.833
1602.14,32.2449
1602.3,32.6523
1602.78,33.992
1603.01,34.669
1603.49,36.1329
1603.58,36.4178
1604.16,38.381
1604.37,39.1756
1604.8,40.7834
1605.17,42.2858
1605.45,43.4394
1605.97,45.7996
1606.09,46.3813
1606.5,48.396
1606.53,48.523
1606.96,50.8263
1607.02,51.1879
1607.37,53.2289
1607.53,54.1773
1607.98,57.045
1608.03,57.3904
1608.39,59.8284
1608.54,60.9447
1608.79,62.8208
1609.05,64.8273
1609.2,66.0416
1609.55,69.0753
1609.6,69.5125
1610.01,73.2619
1610.06,73.7651
1610.41,77.3181
1610.56,78.9744
1610.94,83.1496
1611.02,84.0547
1611.3,87.3987
1611.43,89.0222
1611.65,91.966
1611.83,94.414
1612.01,96.8804
1612.24,100.274
1612.36,102.174
1612.64,106.653
1612.72,107.884
1613.05,113.605
1613.07,114.048
1613.4,120.223
1613.45,121.253
1613.86,129.554
1614.22,137.887
1614.31,139.916
1614.62,147.45
1614.72,150.131
1614.92,155.545
1615.21,163.856
1615.22,164.221
1615.53,173.566
1615.54,173.987
1615.87,185.012
1615.93,187.147
1616.2,196.934
1616.31,201.156
1616.53,209.845
1616.69,216.54
1616.95,227.767
1617.07,233.426
1617.33,245.763
1617.45,251.978
1617.71,265.526
1617.83,272.35
1618.09,287.212
1618.21,294.697
1618.47,310.975
1618.59,319.173
1618.86,337.853
1618.97,345.915
1619.28,369.173
1619.35,375.027
1619.69,403.408
1619.73,406.58
1620.11,440.577
1620.49,476.974
1620.67,495.043
1621.0,528.772
1621.42,574.776
1621.63,597.456
1622.37,679.458
1622.61,705.946
1622.85,730.209
1623.13,758.812
1623.32,777.231
1623.47,790.738
1623.67,807.532
1623.81,818.911
1624.05,835.653
1624.15,842.574
1624.34,852.537
1624.49,860.939
1624.62,865.802
1624.8,872.391
1624.91,874.813
1625.0,876.87
1625.1,878.969
1625.33,880.246
1625.41,880.576
1625.66,877.802
1625.72,877.015
1625.99,869.753
1626.04,868.398
1626.32,856.451
1626.35,855.073
1626.56,843.776
1626.66,837.177
1626.98,816.261
1627.0,814.281
1627.39,783.256
1627.51,772.508
1628.02,726.886
1628.37,693.403
1629.2,613.03
1629.56,579.092
1629.66,569.949
1630.12,529.02
1630.17,524.5
1630.57,490.634
1630.62,486.429
1631.03,454.988
1631.08,451.086
1631.48,422.312
1631.61,413.388
1631.94,391.937
1631.96,390.299
1632.32,368.826
1632.39,364.52
1632.67,348.862
1632.85,339.549
1633.03,330.311
1633.31,316.752
1633.38,313.083
1633.76,296.243
1633.91,289.553
1634.09,282.423
1634.32,273.311
1634.45,268.626
1634.72,258.382
1634.8,255.795
1635.13,244.651
1635.16,243.856
1635.51,232.798
1635.54,232.012
1635.86,222.539
1635.94,220.365
1636.22,212.961
1636.35,209.618
1636.75,199.844
1636.95,194.991
1637.16,190.569
1637.41,185.076
1637.56,182.039
1637.92,174.995
1637.97,174.07
1638.37,166.713
1638.42,165.799
1638.78,159.903
1638.93,157.393
1639.38,150.445
1639.44,149.679
1639.94,142.597
1639.99,141.952
1640.5,135.556
1640.7,133.012
1641.01,129.598
1641.47,124.436
1641.51,123.992
1642.02,118.944
1642.25,116.685
1642.52,114.2
1643.03,109.763
1643.03,109.712
1643.79,103.662
1643.8,103.562
1644.34,99.7023
1644.58,97.9863
1644.94,95.6862
1645.36,92.9497
1645.53,91.9483
1646.13,88.4813
1646.23,87.8575
1646.72,85.2957
1647.11,83.2786
1647.62,80.8712
1647.98,79.1383
1648.51,76.8752
1648.86,75.3849
1649.22,73.9718
1649.73,71.9754
1650.04,70.8674
1650.6,68.8672
1650.86,68.0358
1651.69,65.4156
1651.91,64.6938
1652.51,62.9968
1652.92,61.8295
1653.33,60.7651
1654.06,58.8918
1654.16,58.6695
1654.98,56.7533
1655.2,56.2399
1655.9,54.7681
1656.34,53.8365
1656.91,52.7401
1657.48,51.6497
1657.92,50.8865
1658.94,49.1515
1659.19,48.7198
1659.95,47.5731
1660.9,46.1467
1660.96,46.062
1661.97,44.7127
1662.61,43.8732
1662.99,43.4219
1664.06,42.1492
1664.32,41.851
1665.2,40.9116
1666.03,40.0432
1666.34,39.741
1667.48,38.6581
1667.74,38.4187
1669.19,37.1681
1669.45,36.9519
1670.9,35.8344
1671.72,35.2063
1672.61,34.6041
1674.0,33.6629
1674.32,33.4713
1676.03,32.442
1676.28,32.2902
1677.74,31.5049
1678.56,31.0631
1679.45,30.6338
1680.87,29.9469
1681.16,29.8218
1682.87,29.0743
1683.22,28.9226
1684.58,28.3818
1685.56,27.9935
1686.29,27.7355
1688.57,26.9317
1689.07,26.7538
1690.84,26.2046
1692.59,25.6677
1693.22,25.4939
1695.59,24.845
1696.1,24.7071
1697.97,24.2522
1699.71,23.8298
1700.34,23.6919
1703.03,23.1085
1703.51,23.0059
1705.72,22.5752
1707.31,22.2688
1708.41,22.0739
1711.1,21.6025
1713.64,21.2046
1716.17,20.808
1719.97,20.2784
1721.23,20.1025
1723.77,19.7854
1726.3,19.4696
1727.57,19.326
1731.36,18.8969
1735.16,18.5129
1738.96,18.1301
1742.76,17.7902
1746.56,17.4512
1750.36,17.1487
1754.16,16.847
1755.42,16.7465
1756.69,16.6543
1761.76,16.286
1766.82,15.9471
1771.89,15.6091
1776.95,15.298
1782.02,14.9877
1786.76,14.7141
1791.51,14.4412
1793.17,14.3505
1794.83,14.2599
1799.38,14.0125
1803.92,13.7657
1808.48,13.5185
1813.05,13.276
1817.61,13.0343
1822.18,12.7933
1826.74,12.5532
1831.31,12.314
1835.88,12.0758
1840.44,11.8289
1843.86,11.6445
1847.29,11.4611
1850.71,11.2704
1854.14,11.0808
1856.42,10.9553
1857.56,10.8896
1860.98,10.6939
1864.41,10.4999
1865.55,10.4358
1867.83,10.3019
1870.11,10.1693
1872.4,10.0377
1874.68,9.90738
1876.96,9.77564
1879.53,9.62933
1882.1,9.48536
1884.66,9.34405
1886.59,9.24008
1887.23,9.20607
1888.46,9.14411
1890.3,9.05319
1890.91,9.02364
1892.14,8.96818
1893.37,8.91444
1893.98,8.88985
1895.82,8.81902
1897.63,8.76066
1899.39,8.716
1901.14,8.68544
1902.31,8.67538
1902.89,8.67387
1903.48,8.67415
1904.65,8.68278
1905.82,8.70486
1906.4,8.7199
1907.23,8.74914
1907.65,8.76704
1908.06,8.78628
1908.89,8.83204
1909.71,8.88885
1910.13,8.92177
1910.54,8.95637
1911.37,9.03571
1912.2,9.13031
1912.61,9.18317
1912.82,9.21056
1913.59,9.32468
1914.16,9.41993
1914.74,9.52314
1915.31,9.63847
1915.88,9.76315
1916.45,9.90196
1917.02,10.0518
1917.59,10.2182
1918.1,10.3791
1918.16,10.3982
1918.62,10.5555
1919.13,10.7448
1919.3,10.8124
1919.64,10.9506
1920.16,11.1724
1920.67,11.4143
1921.01,11.587
1921.18,11.675
1921.7,11.9574
1921.87,12.0588
1922.3,12.3172
1922.74,12.6063
1922.9,12.7109
1923.49,13.1436
1923.62,13.2386
1924.09,13.62
1924.49,13.966
1924.69,14.1422
1925.28,14.7021
1925.37,14.7984
1925.86,15.3112
1926.25,15.7611
1926.43,15.9771
1926.83,16.4821
1927.01,16.7108
1927.56,17.4722
1927.59,17.5166
1928.15,18.3836
1928.28,18.6004
1928.69,19.2874
1929.01,19.875
1929.22,20.2772
1929.73,21.3094
1929.76,21.3623
1930.29,22.559
1930.45,22.9447
1930.83,23.8759
1931.17,24.7971
1931.34,25.2649
1931.85,26.7912
1931.89,26.9021
1932.37,28.4786
1932.61,29.3391
1932.88,30.3352
1933.09,31.1397
1933.22,31.6817
1933.57,33.1208
1934.02,35.208
1934.05,35.3135
1934.48,37.4994
1934.52,37.732
1934.84,39.4842
1934.94,40.016
1935.16,41.3592
1935.39,42.7871
1935.48,43.3643
1935.8,45.5135
1935.85,45.8405
1936.12,47.8231
1936.31,49.2453
1936.53,51.0421
1936.76,52.9956
1936.94,54.5755
1937.22,57.1561
1937.35,58.4623
1937.77,62.7356
1938.13,66.9321
1938.18,67.4615
1938.5,71.5169
1938.59,72.6863
1938.86,76.4723
1939.14,80.538
1939.23,81.9817
1939.41,84.8953
1939.59,88.0011
1939.68,89.5685
1939.96,94.5843
1940.23,99.9943
1940.39,103.367
1940.5,105.801
1940.77,111.839
1940.85,113.695
1941.14,121.197
1941.19,122.363
1941.52,131.572
1941.53,131.892
1941.87,142.384
1941.9,143.148
1942.22,153.937
1942.26,155.616
1942.54,165.775
1942.6,168.529
1942.84,178.249
1942.95,182.759
1943.15,191.852
1943.29,198.412
1943.46,206.678
1943.63,215.613
1943.77,222.818
1943.97,234.485
1944.08,240.363
1944.32,255.14
1944.39,259.393
1944.66,277.675
1944.69,279.973
1944.89,293.925
1945.0,302.183
1945.31,325.973
1945.34,328.781
1945.62,351.391
1945.8,367.35
1945.96,381.397
1946.42,423.953
1946.46,427.88
1946.99,480.169
1947.38,518.985
1947.9,571.241
1947.91,572.143
1948.29,607.115
1948.37,615.162
1948.67,640.234
1948.69,641.177
1949.0,664.2
1949.06,668.362
1949.31,683.758
1949.32,684.399
1949.58,697.282
1949.62,699.232
1949.83,707.056
1949.93,710.286
1950.0,711.913
1950.19,715.985
1950.29,716.806
1950.5,718.27
1950.54,718.226
1950.58,717.933
1950.81,715.852
1950.87,714.56
1951.08,710.16
1951.16,707.285
1951.34,701.328
1951.55,691.811
1951.69,685.237
1951.86,675.75
1952.05,664.799
1952.32,646.386
1952.4,640.96
1952.93,600.642
1952.94,600.175
1953.86,524.381
1954.41,480.181
1954.43,478.403
1954.84,446.595
1954.88,443.085
1955.25,416.593
1955.36,408.375
1955.66,388.491
1955.84,376.352
1956.07,362.367
1956.32,347.113
1956.48,338.226
1956.8,320.607
1956.89,316.018
1957.28,296.69
1957.3,295.656
1957.71,277.218
1957.76,275.186
1958.13,260.437
1958.24,255.86
1958.4,249.98
1958.6,242.464
1958.72,238.603
1959.02,228.63
1959.04,227.923
1959.36,218.093
1959.43,216.0
1959.68,208.923
1959.84,204.447
1960.0,200.315
1960.25,193.87
1960.48,188.455
1960.66,184.16
1960.96,177.7
1961.07,175.233
1961.32,170.295
1961.69,163.157
1962.05,156.714
1962.14,155.113
1962.42,150.677
1962.6,147.741
1962.96,142.409
1963.28,137.781
1963.51,134.828
1963.88,130.134
1963.97,128.967
1964.33,124.78
1964.65,121.139
1964.79,119.734
1965.25,115.077
1965.34,114.151
1965.7,110.826
1966.13,107.004
1966.16,106.727
1966.62,103.05
1966.91,100.676
1967.3,97.8866
1967.7,95.0344
1967.81,94.3266
1968.37,90.7263
1968.49,89.9904
1968.93,87.4138
1969.28,85.4574
1969.5,84.297
1969.97,81.8176
1970.06,81.4026
1970.62,78.7366
1970.84,77.7077
1971.46,75.0353
1971.71,74.0043
1972.03,72.7679
1972.57,70.6592
1972.7,70.2278
1973.37,67.8837
1973.44,67.6256
1974.04,65.7249
1974.31,64.8652
1974.71,63.7228
1975.61,61.1599
1975.71,60.892
1976.48,58.9424
1976.72,58.3753
1977.39,56.8163
1977.62,56.2881
1978.3,54.8507
1978.76,53.8976
1979.22,53.0295
1979.88,51.7736
1979.9,51.7343
1980.13,51.3479
1981.04,49.8104
1981.61,48.8541
1981.95,48.3488
1982.87,47.0079
1983.32,46.3403
1983.78,45.7485
1984.69,44.5702
1985.04,44.1302
1985.72,43.3453
1986.75,42.1733
1987.78,41.1265
1988.46,40.4315
1988.8,40.1182
1990.17,38.8711
1990.34,38.732
1991.88,37.4877
1992.45,37.0289
1992.91,36.7047
1994.17,35.8166
1994.74,35.4145
1995.42,34.9872
1996.68,34.207
1997.19,33.889
1997.93,33.4818
1999.64,32.5465
1999.82,32.4628
2000.0,32.3731
2001.7,31.553
2002.1,31.361
2003.57,30.7255
2004.55,30.3016
2005.41,29.9692
2007.03,29.3403
2007.25,29.2671
2009.09,28.6396
2010.76,28.0725
2010.93,28.0218
2012.77,27.4788
2014.48,26.9755
2014.69,26.9204
2016.62,26.4269
2018.55,25.9352
2019.19,25.7915
2021.76,25.219
2022.61,25.029
2024.47,24.6651
2026.75,24.2191
2027.32,24.12
2030.17,23.6263
2031.03,23.4787
2033.03,23.1767
2035.88,22.7467
2036.73,22.6181
2038.73,22.3572
2041.59,21.9856
2042.44,21.8745
2044.44,21.6466
2047.29,21.3219
2048.15,21.2247
2050.14,21.0237
2053.0,20.7372
2053.85,20.6515
2057.28,20.3451
2059.56,20.1414
2061.56,19.9831
2065.84,19.6448
2066.41,19.5998
2070.4,19.3256
2073.83,19.0912
2076.68,18.8963
2078.96,18.7628
2084.1,18.4635
2086.95,18.2976
2089.23,18.1822
2094.37,17.9233
2097.22,17.7797
2099.5,17.6784
2104.64,17.4509
2107.49,17.3247
2109.77,17.236
2114.91,17.0367
2120.05,16.8378
2121.19,16.7936
2123.47,16.716
2130.32,16.4835
2134.88,16.3289
2137.17,16.2611
2144.01,16.0582
2149.15,15.9063
2155.43,15.7212
2160.56,15.5881
2165.7,15.4555
2170.55,15.3304
2174.84,15.2202
2179.13,15.1104
2180.56,15.0739
2183.88,14.9951
2187.19,14.9165
2190.5,14.8383
2193.81,14.7605
2197.78,14.6678
2201.75,14.5758
2204.4,14.5149
2207.05,14.4546
2209.7,14.3947
2212.34,14.3356
2214.99,14.2771
2216.98,14.2339
2218.96,14.1912
2220.95,14.1492
2222.93,14.1079
2224.92,14.0675
2226.9,14.0281
2228.89,13.9899
2230.21,13.9652
2231.54,13.9412
2232.86,13.9179
2234.18,13.8956
2235.51,13.8743
2236.72,13.8558
2237.82,13.84
2238.38,13.8326
2238.93,13.8283
2240.03,13.8208
2241.13,13.8147
2242.24,13.8101
2243.34,13.8071
2244.44,13.8062
2245.0,13.8067
2245.39,13.8114
2246.19,13.8223
2246.99,13.8346
2247.79,13.8487
2248.59,13.8646
2248.75,13.8681
2249.39,13.8922
2250.19,13.9244
2250.99,13.9593
2251.33,13.9751
2251.7,13.9995
2252.31,14.0418
2252.92,14.0865
2253.26,14.1126
2253.54,14.1401
2254.15,14.2046
2254.76,14.2723
2255.03,14.3041
2255.37,14.3549
2255.98,14.4508
2256.51,14.537
2256.72,14.5731
2257.17,14.6688
2257.84,14.8162
2257.85,14.8188
2258.28,14.937
2258.72,15.0624
2258.85,15.1014
2259.16,15.2075
2259.6,15.3642
2259.73,15.4129
2260.02,15.5357
2260.42,15.7111
2260.62,15.8017
2260.81,15.9057
2261.21,16.1203
2261.28,16.1573
2261.61,16.3664
2261.94,16.5825
2262.01,16.6318
2262.4,16.937
2262.6,17.0949
2262.8,17.2759
2263.15,17.6079
2263.26,17.7147
2263.46,17.9311
2263.7,18.2028
2263.77,18.2847
2264.08,18.6772
2264.15,18.7638
2264.39,19.1155
2264.59,19.4117
2264.7,19.595
2265.01,20.1231
2265.03,20.162
2265.31,20.7189
2265.36,20.8072
2265.59,21.3232
2265.77,21.7331
2265.84,21.8986
2266.08,22.5093
2266.09,22.534
2266.33,23.2428
2266.38,23.3859
2266.58,24.0259
2266.69,24.3766
2266.83,24.89
2266.99,25.5002
2267.08,25.8412
2267.22,26.4456
2267.32,26.9082
2267.45,27.4907
2267.54,27.9434
2267.68,28.65
2267.72,28.9134
2267.9,29.9402
2267.91,29.9672
2268.09,31.0702
2268.09,31.1292
2268.27,32.306
2268.28,32.403
2268.45,33.6603
2268.47,33.8023
2268.63,35.1474
2268.65,35.3428
2268.81,36.7837
2268.84,37.0422
2268.99,38.5862
2269.01,38.7764
2269.17,40.5266
2269.17,40.5764
2269.33,42.4532
2269.35,42.7822
2269.48,44.5506
2269.51,44.9124
2269.64,46.8492
2269.67,47.2455
2269.8,49.3686
2269.83,49.8029
2269.96,52.1313
2269.99,52.6076
2270.12,55.1619
2270.15,55.684
2270.27,58.2974
2270.31,59.0596
2270.41,61.5114
2270.46,62.7615
2270.55,64.995
2270.62,66.816
2270.69,68.7785
2270.81,72.0268
2270.83,72.8381
2270.98,77.2424
2270.99,77.803
2271.12,82.0377
2271.18,84.1918
2271.26,87.1732
2271.36,91.2256
2271.45,94.8494
2271.55,98.9174
2271.64,102.857
2271.72,106.468
2271.82,111.554
2271.88,114.14
2272.01,120.983
2272.09,125.158
2272.25,133.945
2272.26,134.455
2272.46,146.378
2272.53,150.719
2272.72,162.807
2272.95,177.652
2273.38,205.074
2273.52,214.072
2273.69,224.827
2273.78,230.081
2273.91,236.947
2274.0,241.947
2274.13,248.525
2274.19,251.316
2274.31,256.443
2274.38,259.297
2274.49,263.051
2274.57,265.717
2274.67,268.203
2274.77,270.411
2274.85,271.806
2274.95,273.168
2275.0,273.523
2275.15,274.213
2275.19,274.199
2275.37,272.95
2275.39,272.704
2275.55,270.133
2275.58,269.381
2275.72,265.826
2275.77,264.297
2275.94,258.706
2275.96,257.746
2276.13,250.85
2276.16,249.732
2276.32,241.758
2276.41,237.157
2276.58,228.199
2276.73,219.551
2276.96,206.174
2277.36,181.836
2277.58,169.277
2277.68,163.246
2277.89,151.362
2278.11,140.215
2278.29,131.084
2278.32,129.801
2278.48,122.535
2278.53,120.156
2278.66,114.578
2278.74,111.296
2278.85,107.214
2278.95,103.213
2279.03,100.409
2279.13,97.0439
2279.17,95.8958
2279.31,91.3774
2279.45,87.2178
2279.48,86.195
2279.59,83.3275
2279.66,81.4479
2279.73,79.6927
2279.84,77.1047
2279.87,76.2994
2280.01,73.1337
2280.15,70.2297
2280.19,69.5163
2280.31,67.1871
2280.37,66.2082
2280.49,64.0764
2280.54,63.1811
2280.67,61.262
2280.81,59.1126
2280.84,58.6262
2281.02,56.2435
2281.07,55.5419
2281.2,54.0579
2281.34,52.3936
2281.37,52.015
2281.55,50.1575
2281.6,49.6102
2281.74,48.2808
2281.78,47.929
2281.95,46.4516
2282.05,45.5766
2282.15,44.7592
2282.32,43.4761
2282.36,43.1972
2282.57,41.7677
2282.59,41.5958
2282.78,40.4614
2282.87,39.9072
2282.98,39.2458
2283.14,38.3807
2283.19,38.1185
2283.44,36.8913
2283.55,36.3566
2283.73,35.5843
2283.96,34.5944
2284.01,34.3824
2284.3,33.3024
2284.38,32.9965
2284.59,32.3165
2284.81,31.5945
2284.87,31.3982
2285.16,30.5627
2285.23,30.3572
2285.45,29.7964
2285.66,29.2592
2285.77,29.0008
2286.08,28.2778
2286.12,28.198
2286.47,27.4819
2286.72,26.9925
2286.83,26.8027
2287.18,26.1905
2287.35,25.8892
2287.53,25.6214
2287.88,25.0943
2288.02,24.8994
2288.24,24.6097
2288.61,24.1245
2288.68,24.0401
2289.01,23.655
2289.12,23.5285
2289.41,23.2316
2289.8,22.8265
2290.0,22.6267
2290.2,22.4513
2290.8,21.9339
2290.89,21.8587
2291.39,21.4782
2291.86,21.1366
2291.87,21.1259
2292.43,20.7658
2292.83,20.5191
2293.0,20.4233
2293.56,20.1134
2293.8,19.9845
2294.12,19.8298
2294.69,19.5661
2295.17,19.3403
2295.25,19.3102
2295.81,19.0865
2296.39,18.859
2296.41,18.8505
2297.06,18.6329
2297.71,18.4182
2298.01,18.3176
2298.35,18.2215
2299.0,18.0409
2299.63,17.8651
2299.96,17.7855
2300.93,17.5565
2301.25,17.4812
2301.71,17.3892
2302.62,17.2075
2303.3,17.0744
2303.53,17.0345
2304.44,16.8816
2305.34,16.7328
2305.35,16.7309
2306.26,16.6042
2307.17,16.4789
2308.08,16.3548
2308.4,16.312
2309.09,16.2346
2310.19,16.1122
2311.29,15.991
2311.62,15.955
2312.4,15.8824
2313.5,15.7795
2313.83,15.749
2314.6,15.6878
2316.26,15.5583
2317.36,15.4728
2318.24,15.4049
2318.68,15.3767
2320.01,15.2926
2321.99,15.1679
2322.54,15.1336
2323.98,15.0572
2325.96,14.9526
2326.85,14.9065
2327.95,14.8572
2329.94,14.7691
2331.92,14.6818
2332.36,14.6625
2333.91,14.606
2335.89,14.534
2338.54,14.4386
2340.3,14.3755
2341.19,14.3493
2343.83,14.2713
2346.48,14.1938
2349.13,14.1168
2349.57,14.104
2351.78,14.0494
2354.43,13.9842
2358.4,13.8869
2358.6,13.882
2361.29,13.8262
2364.43,13.7615
2369.15,13.6648
2373.76,13.5707
2375.23,13.5408
2378.17,13.49
2382.58,13.4142
2387.34,13.3327
2393.91,13.2206
2394.25,13.2148
2397.2,13.171
2403.67,13.0749
2410.68,12.9712
2411.76,12.9553
2417.69,12.868
2423.08,12.7888
2429.56,12.7035
2436.03,12.6185
2442.5,12.5339
2448.98,12.4497
2455.45,12.3659
2460.3,12.3033
2465.16,12.2411
2468.39,12.1998
2470.01,12.181
2474.86,12.1249
2479.72,12.0693
2484.57,12.0142
2489.43,11.9597
2492.66,11.9237
2495.9,11.888
2500.75,11.8352
2504.8,11.8015
2508.85,11.7685
2511.54,11.7471
2514.24,11.7262
2516.94,11.7058
2519.63,11.696
2522.33,11.6869
2525.3,11.6778
2526.65,11.6742
2527.52,11.6751
2529.75,11.6781
2530.96,11.6802
2531.97,11.6862
2534.2,11.7004
2536.3,11.7148
2536.62,11.7171
2538.4,11.7409
2540.51,11.7702
2540.87,11.7755
2542.61,11.8136
2544.71,11.8614
2545.06,11.8697
2546.84,11.9301
2548.27,11.9799
2549.23,12.014
2549.7,12.0364
2551.13,12.1056
2552.01,12.1489
2552.56,12.1828
2553.99,12.2721
2554.58,12.3099
2555.42,12.375
2556.85,12.4885
2556.96,12.4972
2558.47,12.6467
2559.33,12.7339
2560.09,12.825
2561.11,12.9506
2561.17,12.9584
2562.24,13.1149
2562.89,13.2102
2563.32,13.2841
2564.4,13.4714
2564.51,13.4904
2565.48,13.6885
2566.13,13.8228
2566.77,13.9791
2567.75,14.2176
2568.07,14.3082
2568.82,14.5225
2568.93,14.5566
2569.79,14.8325
2569.9,14.8674
2570.66,15.1402
2570.98,15.2585
2571.52,15.4786
2572.0,15.6764
2572.38,15.853
2572.96,16.12
2573.46,16.3784
2573.91,16.619
2574.17,16.7689
2574.87,17.1834
2574.89,17.1923
2575.6,17.67
2575.83,17.8249
2576.31,18.193
2576.79,18.5548
2577.03,18.7612
2577.5,19.1701
2577.74,19.3958
2578.22,19.8522
2578.39,20.0233
2578.94,20.6107
2578.95,20.6274
2579.52,21.3044
2579.8,21.6334
2580.09,22.0265
2580.42,22.4597
2580.66,22.8221
2581.03,23.3722
2581.23,23.6941
2581.65,24.3822
2581.8,24.6518
2582.27,25.5032
2582.37,25.7058
2582.87,26.7287
2582.89,26.7508
2583.5,28.1455
2583.54,28.2332
2584.12,29.709
2584.2,29.9331
2584.55,30.9145
2584.64,31.1913
2584.98,32.2259
2585.09,32.5629
2585.42,33.6545
2585.53,34.0611
2585.85,35.2138
2585.97,35.7007
2586.28,36.9185
2586.39,37.3825
2586.71,38.7863
2586.77,39.0917
2587.14,40.8371
2587.16,40.949
2587.55,42.9808
2587.57,43.0947
2587.92,45.0668
2587.94,45.1993
2588.26,47.2038
2588.33,47.6353
2588.61,49.5219
2588.72,50.3038
2588.95,52.04
2589.1,53.2321
2589.3,54.7786
2589.45,56.0783
2589.64,57.7661
2589.9,60.2007
2589.99,61.0218
2590.33,64.579
2590.36,64.8191
2590.64,67.9683
2590.66,68.2288
2590.94,71.6403
2590.96,71.9227
2591.24,75.6216
2591.26,75.9281
2591.54,79.9419
2591.56,80.2747
2591.84,84.6396
2591.97,86.8113
2592.15,89.7373
2592.36,93.6803
2592.45,95.274
2592.75,101.287
2593.11,109.055
2593.14,109.827
2593.46,117.613
2593.53,119.311
2593.82,127.023
2593.92,129.819
2594.17,137.342
2594.3,141.42
2594.53,148.618
2594.69,154.165
2594.89,160.876
2595.08,168.075
2595.24,174.118
2595.47,183.129
2595.6,188.313
2595.99,205.097
2596.07,208.566
2596.68,236.266
2596.8,241.769
2597.48,273.034
2597.63,279.997
2597.88,291.07
2598.03,297.61
2598.26,306.661
2598.44,313.609
2598.62,320.256
2598.71,323.055
2598.99,331.626
2599.04,333.021
2599.36,340.535
2599.37,340.857
2599.6,344.65
2599.7,346.285
2599.84,347.561
2600.0,348.902
2600.03,349.178
2600.26,349.628
2600.36,349.258
2600.57,348.301
2600.71,346.782
2600.84,345.388
2600.95,343.52
2601.1,340.877
2601.26,337.281
2601.46,332.644
2601.57,329.364
2601.8,322.89
2601.89,319.735
2602.27,306.576
2602.36,302.989
2602.73,288.081
2602.98,277.644
2603.84,241.487
2604.27,223.384
2604.36,219.97
2604.75,204.706
2604.79,203.02
2605.13,190.345
2605.18,188.772
2605.52,176.964
2605.57,175.499
2605.91,164.586
2605.95,163.233
2606.3,153.23
2606.36,151.37
2606.69,142.873
2606.82,139.504
2607.08,133.395
2607.27,128.855
2607.46,124.746
2607.72,119.313
2607.75,118.903
2608.05,113.212
2608.18,110.79
2608.35,107.87
2608.63,103.159
2608.65,102.829
2608.95,98.2383
2609.02,97.2614
2609.26,93.9704
2609.41,91.8905
2609.56,89.9771
2609.8,86.9958
2610.01,84.4991
2610.18,82.5193
2610.36,80.6928
2610.57,78.4267
2610.7,77.1703
2610.96,74.6759
2611.05,73.9063
2611.35,71.2323
2611.39,70.8781
2611.74,68.0649
2612.17,64.8401
2612.25,64.2449
2612.6,61.8877
2612.77,60.798
2613.03,59.1777
2613.2,58.1953
2613.64,55.7585
2613.68,55.5165
2614.07,53.5677
2614.33,52.2777
2614.5,51.5048
2614.93,49.5862
2614.97,49.3956
2615.36,47.8307
2615.47,47.3886
2616.01,45.4131
2616.04,45.3048
2616.48,43.8307
2616.6,43.4086
2616.98,42.2652
2617.45,40.8641
2617.49,40.7639
2618.0,39.4278
2618.3,38.6299
2618.51,38.1568
2619.15,36.6549
2619.27,36.4148
2619.72,35.4635
2620.03,34.8728
2620.6,33.7831
2620.63,33.7275
2621.33,32.533
2621.48,32.2868
2622.03,31.4376
2622.36,30.9466
2622.73,30.4266
2623.24,29.7406
2623.44,29.4918
2624.12,28.6506
2624.14,28.6266
2624.84,27.8546
2625.43,27.2024
2625.54,27.1011
2626.32,26.3526
2626.75,25.9424
2627.18,25.5752
2627.83,25.0283
2628.05,24.8625
2628.91,24.2041
2629.77,23.6199
2630.53,23.1119
2630.64,23.0481
2631.5,22.5414
2632.15,22.1635
2632.36,22.052
2633.33,21.5537
2633.76,21.3336
2634.41,21.0398
2635.38,20.602
2635.49,20.5585
2636.57,20.1257
2637.0,19.9537
2637.65,19.7214
2638.62,19.375
2638.73,19.3407
2639.81,19.0
2640.78,18.6954
2641.42,18.5164
2642.88,18.1167
2642.93,18.102
2644.34,17.7667
2645.52,17.4847
2645.79,17.4291
2647.25,17.1308
2648.54,16.867
2648.71,16.8384
2650.16,16.5824
2651.56,16.3373
2651.62,16.329
2653.77,16.0023
2654.58,15.8792
2655.85,15.7101
2657.51,15.4903
2657.94,15.4411
2660.02,15.2015
2661.76,15.0026
2662.1,14.9687
2664.19,14.7646
2666.01,14.5871
2666.27,14.565
2668.35,14.3898
2670.66,14.1966
2671.13,14.1625
2673.9,13.9611
2675.52,13.8447
2676.68,13.7712
2679.45,13.5965
2680.37,13.5382
2682.22,13.4363
2684.99,13.2837
2686.37,13.2077
2687.87,13.1353
2690.87,12.9911
2692.37,12.9193
2693.86,12.8557
2698.36,12.6658
2699.19,12.631
2702.98,12.493
2707.59,12.3256
2709.51,12.2566
2712.42,12.1659
2717.65,12.0036
2719.98,11.9319
2722.89,11.8533
2724.64,11.8063
2729.88,11.6659
2730.46,11.6504
2735.11,11.5407
2740.23,11.4207
2740.62,11.4116
2745.12,11.3195
2750.01,11.22
2750.71,11.2059
2755.21,11.1285
2760.56,11.0373
2760.95,11.0308
2765.92,10.9639
2770.26,10.9063
2770.57,10.9034
2775.23,10.8621
2779.57,10.8246
2779.88,10.8235
2784.54,10.8088
2787.02,10.8017
2788.26,10.8024
2789.2,10.8062
2792.3,10.8198
2794.47,10.8299
2795.4,10.8401
2798.51,10.8749
2799.13,10.882
2801.61,10.9276
2803.78,10.9682
2804.71,10.9936
2807.82,11.0796
2808.44,11.097
2810.92,11.1887
2811.54,11.212
2814.03,11.3261
2814.65,11.3549
2817.13,11.4954
2817.75,11.5309
2820.23,11.7026
2820.85,11.746
2822.56,11.8894
2823.96,12.0077
2824.89,12.0981
2825.51,12.1588
2827.22,12.3491
2828.38,12.4798
2829.51,12.6259
2830.53,12.7604
2831.78,12.944
2832.69,13.0798
2834.05,13.3093
2834.84,13.4447
2836.31,13.731
2836.99,13.8638
2838.58,14.2185
2839.22,14.3605
2840.8,14.7673
2841.44,14.9329
2842.91,15.3575
2842.92,15.3621
2844.4,15.8351
2845.01,16.0485
2845.89,16.3562
2847.12,16.8349
2847.37,16.9318
2848.85,17.5696
2849.23,17.7471
2850.15,18.1866
2850.63,18.4332
2851.46,18.8624
2852.57,19.4963
2852.76,19.6026
2854.06,20.4164
2854.44,20.6712
2855.37,21.3118
2856.3,22.0147
2856.67,22.2972
2857.54,23.0215
2857.98,23.3851
2858.78,24.1285
2859.28,24.5877
2860.02,25.3383
2860.27,25.5895
2861.27,26.6733
2862.26,27.848
2862.38,28.0067
2863.25,29.1219
2863.5,29.4669
2864.24,30.5054
2864.62,31.0681
2865.24,32.0095
2865.73,32.8269
2866.23,33.6472
2866.85,34.7615
2867.22,35.4326
2867.97,36.8853
2868.09,37.1283
2868.96,38.9621
2869.09,39.2448
2869.83,40.9474
2870.2,41.8672
2870.7,43.0987
2871.51,45.2631
2871.57,45.4303
2872.44,47.9655
2872.81,49.1433
2873.31,50.7195
2873.68,52.0021
2874.18,53.7174
2874.55,55.1252
2875.2,57.5962
2875.42,58.5057
2876.23,61.8937
2876.29,62.182
2877.25,66.6672
2877.47,67.7703
2877.93,70.1427
2878.4,72.685
2878.62,73.8754
2879.3,77.8861
2879.33,78.0845
2880.26,84.0557
2881.19,90.6602
2882.12,97.956
2883.05,106.016
2883.98,114.915
2884.88,124.389
2884.92,124.746
2885.72,134.042
2885.85,135.596
2886.56,144.551
2886.78,147.503
2887.4,155.961
2887.83,162.351
2888.24,168.301
2888.95,179.606
2889.07,181.576
2890.05,198.222
2890.07,198.504
2891.03,216.02
2891.56,226.203
2892.33,241.188
2893.89,272.351
2894.99,294.284
2895.16,297.445
2896.0,313.32
2896.04,314.076
2896.85,327.664
2897.09,331.84
2897.69,340.57
2897.8,342.105
2898.5,350.802
2898.53,351.173
2899.17,357.408
2899.2,357.711
2899.9,362.669
2900.0,363.09
2900.57,365.48
2900.7,365.662
2901.24,366.384
2901.4,366.122
2902.06,364.95
2902.09,364.76
2902.79,361.271
2902.87,360.876
2903.69,354.428
2903.72,354.026
2904.5,345.937
2905.28,336.053
2905.59,332.086
2906.67,316.2
2906.83,313.727
2908.85,281.551
2909.16,276.603
2910.3,258.329
2910.8,250.444
2911.42,241.139
2912.1,230.93
2912.54,224.876
2913.41,212.804
2913.66,209.633
2914.71,196.203
2914.77,195.484
2915.89,182.578
2916.02,181.148
2916.64,174.567
2916.88,171.94
2917.38,167.058
2917.88,162.189
2918.5,156.567
2918.87,153.205
2919.62,147.0
2919.86,144.939
2920.73,138.281
2920.86,137.332
2921.85,130.332
2922.72,124.693
2922.84,123.889
2923.59,119.433
2923.84,117.951
2924.46,114.524
2924.83,112.472
2925.33,109.963
2926.07,106.208
2926.2,105.639
2927.06,101.661
2927.31,100.527
2928.37,96.1344
2928.55,95.3613
2929.3,92.5357
2929.8,90.6561
2930.29,88.9351
2931.04,86.3595
2931.29,85.5717
2932.28,82.4275
2933.27,79.6001
2934.14,77.1324
2934.76,75.571
2936.0,72.4577
2936.25,71.9036
2937.37,69.4168
2937.87,68.3139
2938.61,66.8355
2939.73,64.6231
2939.85,64.4025
2941.09,62.2014
2941.59,61.3228
2942.34,60.1356
2943.45,58.3585
2943.58,58.1806
2945.44,55.5183
2945.45,55.5072
2946.68,53.9319
2947.7,52.6266
2948.14,52.1324
2949.6,50.4766
2949.96,50.0635
2951.06,48.9522
2952.22,47.7722
2952.52,47.5023
2954.48,45.7089
2954.7,45.5226
2956.74,43.844
2956.89,43.7281
2958.35,42.6404
2959.13,42.0571
2960.06,41.4345
2961.53,40.4424
2961.76,40.3022
2963.47,39.2762
2964.73,38.5223
2966.03,37.8287
2967.93,36.8238
2968.59,36.507
2971.08,35.3314
2971.15,35.2984
2973.56,34.2773
2974.18,34.0143
2975.89,33.3611
2977.28,32.8276
2978.21,32.5123
2980.54,31.7257
2981.94,31.2544
2982.87,30.9802
2985.88,30.0948
2986.52,29.9074
2988.8,29.3191
2991.1,28.7273
2991.72,28.5858
2994.65,27.9211
2995.62,27.6999
2997.08,27.4127
2998.54,27.1263
2999.27,27.0163
2999.51,26.9875
3000.0,26.9303
3000.0,41.2165
3042.32,40.9576
3085.25,40.6951
3125.0,40.4519
3169.09,40.1951
3213.8,39.9347
3250.0,39.7238
3295.85,39.4689
3342.35,39.2104
3375.0,39.0289
3422.62,38.7756
3470.9,38.5188
3500.0,38.364
3549.38,38.1123
3599.45,37.857
3625.0,37.7268
3676.14,37.4764
3728.01,37.2224
3750.0,37.1147
3802.91,36.87
3856.56,36.6218
3910.97,36.3702
3966.14,36.1149
4000.0,35.9583
4056.43,35.7152
4113.66,35.4686
4171.7,35.2185
4230.55,34.9648
4250.0,34.881
4309.96,34.639
4370.77,34.3935
4432.43,34.1445
4494.96,33.892
4500.0,33.8717
4563.49,33.6303
4627.87,33.3856
4693.16,33.1374
4750.0,32.9213
4817.01,32.6803
4884.97,32.4359
4953.89,32.1881
5000.0,32.0223
5070.54,31.8321
5142.08,31.6392
5214.62,31.4435
5250.0,31.3481
5324.07,31.1602
5399.18,30.9697
5475.35,30.7765
5500.0,30.7139
5577.6,30.5282
5656.29,30.3398
5736.08,30.1488
5750.0,30.1155
5831.12,29.9317
5913.39,29.7452
5996.82,29.5562
6000.0,29.549
6084.65,29.3669
6170.49,29.1822
6250.0,29.0112
6338.18,28.8307
6427.6,28.6476
6500.0,28.4994
6591.7,28.3202
6684.7,28.1386
6750.0,28.0111
6845.23,27.8332
6941.8,27.6529
6998.31,27.5473
7000.0,27.5444
7098.76,27.387
7198.91,27.2274
7300.47,27.0655
7403.47,26.9013
7500.0,26.7474
7605.81,26.5927
7713.12,26.4359
7821.93,26.2768
7932.29,26.1155
8000.0,26.0165
8112.87,25.8642
8227.32,25.7097
8343.4,25.5531
8461.11,25.3942
8500.0,25.3417
8619.92,25.1915
8741.53,25.0391
8864.86,24.8846
8989.93,24.7279
9000.0,24.7153
9126.97,24.5669
9255.74,24.4164
9386.32,24.2637
9500.0,24.1308
9634.03,23.984
9769.95,23.835
9907.78,23.684
10000.0,23.583
10141.1,23.4532
10284.2,23.3216
10429.2,23.1881
10500.0,23.123
10648.1,22.9952
10798.4,22.8656
10950.7,22.7341
11000.0,22.6916
11155.2,22.5656
11312.6,22.4378
11472.2,22.3082
11500.0,22.2856
11662.2,22.1613
11826.8,22.0352
11993.6,21.9073
12000.0,21.9024
12169.3,21.7796
12341.0,21.655
12500.0,21.5397
12676.4,21.4183
12855.2,21.2951
13000.0,21.1954
13183.4,21.0753
13369.4,20.9535
13500.0,20.868
13690.5,20.7491
13883.6,20.6285
14000.0,20.5559
14197.5,20.4406
14397.8,20.3237
14600.9,20.2052
14806.9,20.085
15000.0,19.9723
15211.6,19.8588
15426.2,19.7437
15643.9,19.627
15864.6,19.5086
16000.0,19.436
16225.7,19.324
16454.6,19.2104
16686.8,19.0952
16922.2,18.9784
17000.0,18.9398
17239.8,18.8291
17483.1,18.7168
17729.7,18.603
17979.9,18.4875
18000.0,18.4782
18253.9,18.3686
18511.5,18.2575
18772.6,18.1448
19000.0,18.0467
19268.1,17.938
19539.9,17.8278
19815.6,17.7161
20000.0,17.6414
20282.2,17.5484
20568.3,17.4541
20858.5,17.3585
21000.0,17.3119
21296.3,17.2203
21596.7,17.1275
21901.4,17.0333
22000.0,17.0029
22310.4,16.9126
22625.1,16.8211
22944.3,16.7283
23000.0,16.7121
23324.5,16.6231
23653.6,16.5328
23987.3,16.4413
24000.0,16.4378
24900.0,16.2035
24900.0,16.245
25384.4,16.1268
30000.0,15.7129
45783.5,14.2594
45783.5,14.2594
50000.0,13.414
50352.7,13.383
54075.3,13.0552
69983.1,11.6919
70000.0,11.691
100000.0,10.0686
101411.0,10.0305
113706.0,9.69854
115310.0,9.66251
145775.0,8.85462
156793.0,8.56242
200000.0,7.4166
298101.0,6.18708
300000.0,6.16328
302116.0,6.14758
366064.0,5.67341
372026.0,5.62921
380440.0,5.56484
400000.0,5.42186
402822.0,5.40812
420113.0,5.32421
455790.0,5.15119
465465.0,5.10427
468748.0,5.09068
500000.0,4.94023
515725.0,4.89585
548994.0,4.80198
623672.0,4.59126
675866.0,4.44399
699831.0,4.37637
700000.0,4.37614
704768.0,4.36842
711688.0,4.35729
750610.0,4.29473
777301.0,4.25184
784220.0,4.24073
803856.0,4.20918
810255.0,4.1989
825771.0,4.17397
850000.0,4.13504
855996.0,4.12856
901049.0,4.07907
931948.0,4.04516
936831.0,4.0398
941104.0,4.0351
1000000.0,3.97046
1015890.0,3.95883
1058230.0,3.92788
1062440.0,3.92621
1067650.0,3.92087
1068470.0,3.92003
1086590.0,3.90748
1094220.0,3.9022
1144240.0,3.86808
1152730.0,3.86229
1158500.0,3.85785
1166970.0,3.85133
1205250.0,3.82189
1228830.0,3.80663
1244230.0,3.79665
1254060.0,3.79029
1258080.0,3.78769
1271760.0,3.77801
1300000.0,3.75804
1309170.0,3.75377
1374980.0,3.72284
1375040.0,3.72277
1377030.0,3.721
1392830.0,3.71259
1400850.0,3.71069
1404160.0,3.70896
1442810.0,3.6887
1448790.0,3.68615
1449400.0,3.68607
1454640.0,3.68545
1459880.0,3.6816
1500000.0,3.66419
1510580.0,3.66049
1539670.0,3.6504
1549080.0,3.6484
1550940.0,3.64746
1575770.0,3.6383
1581810.0,3.6364
1592970.0,3.63436
1633570.0,3.61986
1645090.0,3.61767
1698970.0,3.60042
1759350.0,3.57952
1770800.0,3.57742
1779810.0,3.57328
1787790.0,3.57072
1793900.0,3.57003
1800000.0,3.56809
1808950.0,3.56533
1825390.0,3.56173
1844870.0,3.55746
1859830.0,3.55472
1867460.0,3.55432
1875090.0,3.55276
1898280.0,3.54764
1900220.0,3.54745
1901060.0,3.54747
2000000.0,3.52728
2014110.0,3.52555
2250000.0,3.497
2265870.0,3.49634
2500000.0,3.48681
2517640.0,3.48641
2553150.0,3.48558
2750000.0,3.48614
3000000.0,3.49972
4000000.0,3.60132
4028220.0,3.60498
4812350.0,3.66712
5000000.0,3.68199
5035270.0,3.68194
5999410.0,3.68063
6000000.0,3.68059
6042320.0,3.67756
6170490.0,3.66841
6225530.0,3.66448
6831910.0,3.62115
7000000.0,3.60914
7098760.0,3.59822
8000000.0,3.49852
8112870.0,3.48488
8343400.0,3.45704
8721240.0,3.40947
9000000.0,3.37438
9063490.0,3.36639
10000000.0,3.2485
10141100.0,3.2303
10284200.0,3.21184
10429200.0,3.19312
10576400.0,3.17414
10725600.0,3.15489
10876900.0,3.13537
11000000.0,3.11949
11155200.0,3.09947
11312600.0,3.07917
11472200.0,3.05858
11634000.0,3.0377
11798200.0,3.01652
11964600.0,2.99505
12000000.0,2.99048
12133400.0,2.97327
12169300.0,2.96864
12300000.0,2.95178
12473500.0,2.93082
12649500.0,2.90956
12828000.0,2.888
13000000.0,2.86722
13183400.0,2.84682
13369400.0,2.82614
13558000.0,2.80516
13749300.0,2.78388
13943300.0,2.7623
14000000.0,2.75599
14197500.0,2.73678
14397800.0,2.7173
14600900.0,2.69754
14806900.0,2.6775
15000000.0,2.65872
15211600.0,2.64143
15426200.0,2.6239
15643900.0,2.60612
15864600.0,2.58809
15925500.0,2.58312
16000000.0,2.57703
16225700.0,2.56211
16454600.0,2.54697
16686800.0,2.53162
16922200.0,2.51606
17000000.0,2.51092
17239800.0,2.49847
17483100.0,2.48584
17729700.0,2.47304
17979900.0,2.46005
18000000.0,2.45901
18253900.0,2.44886
18511500.0,2.43858
18772600.0,2.42815
19000000.0,2.41907
19268100.0,2.41096
19539900.0,2.40273
19815600.0,2.39439
20000000.0,2.38881
