Hf,174
E_eV,Sig_b
1e-05,28717.8
1.10304e-05,27344.1
1.21669e-05,26036.1
1.22527e-05,25950.8
1.34206e-05,24790.8
1.36099e-05,24628.3
1.48034e-05,23605.1
1.51181e-05,23371.9
1.63286e-05,22476.1
1.67926e-05,22179.4
1.80111e-05,21401.1
1.86536e-05,21046.5
1.98669e-05,20377.6
2.07197e-05,19971.4
2.19139e-05,19403.1
2.30158e-05,18950.1
2.41719e-05,18475.3
2.55651e-05,17980.9
2.66625e-05,17591.9
2.83982e-05,17060.2
2.94097e-05,16750.8
3.15437e-05,16186.6
3.244e-05,15949.9
3.50393e-05,15356.8
3.57825e-05,15187.4
3.89203e-05,14569.5
3.94694e-05,14461.5
4.32334e-05,13821.7
4.35362e-05,13770.3
4.80221e-05,13112.2
5.29701e-05,12485.6
5.33438e-05,12444.7
5.8428e-05,11889.1
5.96703e-05,11771.8
6.44482e-05,11321.2
6.67471e-05,11133.9
7.10888e-05,10780.5
7.46633e-05,10529.1
7.84136e-05,10265.7
8.35182e-05,9955.87
8.64931e-05,9775.53
9.34234e-05,9412.54
9.54051e-05,9308.86
0.000104503,8897.63
0.000105235,8864.56
0.000116078,8441.61
0.000117716,8386.42
0.000128039,8038.95
0.000132606,7906.13
0.000141232,7655.58
0.000149372,7451.3
0.000155784,7290.59
0.000169444,6994.78
0.000171835,6943.07
0.00018954,6612.26
0.000192215,6569.09
0.00020907,6297.35
0.000219582,6150.95
0.000230612,5997.51
0.000250835,5754.51
0.000254374,5712.03
0.000280584,5440.29
0.000288556,5368.89
0.000309494,5181.6
0.000334292,4989.99
0.000341383,4935.26
0.000376558,4700.79
0.00038999,4623.45
0.000415358,4477.56
0.000458155,4264.98
0.000461387,4251.12
0.000505362,4062.68
0.000549678,3898.67
0.000557433,3870.0
0.000614869,3686.63
0.000664136,3550.78
0.000678223,3511.98
0.000748105,3345.76
0.000819448,3199.2
0.000825188,3187.42
0.000910213,3036.76
0.001004,2893.23
0.00103253,2855.52
0.00110745,2756.62
0.00122155,2626.53
0.00133805,2511.83
0.00134742,2502.61
0.00148625,2384.69
0.00163939,2272.37
0.00179573,2173.33
0.00180831,2165.38
0.00199463,2063.56
0.00220016,1966.57
0.00242685,1874.17
0.00253102,1837.5
0.00267691,1786.21
0.00295273,1702.45
0.00325697,1622.66
0.00359256,1546.64
0.00382643,1500.88
0.00396272,1474.24
0.00437103,1405.33
0.00482141,1339.68
0.00531819,1277.13
0.00586616,1217.55
0.00642558,1165.0
0.00647059,1160.77
0.0071373,1106.73
0.00787271,1055.21
0.00868389,1006.08
0.00957865,959.224
0.0105656,914.517
0.0116543,871.881
0.0128551,831.236
0.0129458,828.584
0.0141796,792.542
0.0156406,755.67
0.0172522,720.49
0.0190298,686.887
0.0209906,654.79
0.0231534,624.153
0.0252419,598.349
0.0253,597.677
0.0279068,569.724
0.0307823,543.029
0.033954,517.476
0.0374525,493.034
0.0413115,469.677
0.0455681,447.352
0.0502633,426.007
0.0554423,405.61
0.0607295,387.501
0.0669869,368.782
0.0733714,352.068
0.0803684,335.998
0.0880284,320.565
0.0905297,316.144
0.0964231,305.748
0.105613,291.524
0.115685,277.843
0.126711,264.722
0.138795,252.122
0.152023,239.95
0.165354,229.12
0.179855,218.673
0.195626,208.597
0.202604,204.645
0.212781,198.911
0.23144,189.592
0.251736,180.607
0.273811,171.95
0.29575,164.292
0.319432,156.937
0.333143,153.133
0.347443,149.2
0.375282,142.385
0.405332,135.818
0.437809,129.486
0.469577,123.933
0.479537,122.364
0.503649,118.615
0.540194,113.503
0.57939,108.57
0.62143,103.812
0.643565,101.559
0.666521,99.2619
0.709876,95.346
0.756088,91.586
0.805269,87.9198
0.833993,85.9687
0.857692,84.3928
0.913482,81.0427
0.972949,77.8045
1.03624,74.6751
1.04355,74.3466
1.10369,71.7162
1.17549,68.8672
1.24324,66.4248
1.27857,65.2536
1.32417,63.787
1.40049,61.5429
1.49159,59.0866
1.5448,57.7758
1.57757,56.9971
1.66849,55.0134
1.78956,52.6026
1.85339,51.4366
1.89271,50.7471
2.0018,48.9815
2.11718,47.2546
2.1927,46.2061
2.23921,45.5883
2.36827,43.9941
2.50478,42.4352
2.55803,41.8694
2.64915,40.9478
2.80184,39.5143
2.96333,38.1072
2.98424,37.9378
3.11233,36.9539
3.26867,35.8465
3.38526,35.0931
3.48145,34.5342
3.53057,34.2869
3.5553,34.1622
3.62452,33.8857
3.65649,33.7945
3.69509,33.73
3.73405,33.7395
3.76039,33.8099
3.78673,33.9568
3.80676,34.1414
3.81327,34.2305
3.8268,34.4016
3.84015,34.6389
3.8537,34.9549
3.86386,35.2567
3.87401,35.6302
3.88417,36.0959
3.89095,36.4715
3.89976,37.0597
3.9079,37.7301
3.91333,38.2628
3.91436,38.3793
3.91876,38.8719
3.92419,39.5807
3.92962,40.4122
3.93369,41.1315
3.93776,41.9466
3.94232,42.9891
3.94687,44.1922
3.95028,45.2155
3.95369,46.3554
3.95727,47.6886
3.96117,49.3227
3.96507,51.1643
3.96897,53.2338
3.97287,55.551
3.97678,58.1339
3.98068,60.9981
3.98458,64.155
3.98848,67.6107
3.99238,71.3647
3.99628,75.4081
3.99654,75.6986
4.00148,81.2388
4.00668,87.4796
4.00694,87.8099
4.01579,99.0839
4.02255,107.787
4.02359,109.133
4.02879,115.565
4.03399,121.497
4.03789,125.485
4.04023,127.597
4.0414,128.659
4.04583,132.01
4.04934,134.081
4.05324,135.718
4.05714,136.615
4.05953,136.79
4.06283,136.56
4.0665,135.671
4.0704,134.017
4.07404,131.852
4.07768,129.137
4.08159,125.685
4.08289,124.374
4.08549,121.731
4.09069,115.851
4.09849,106.208
4.09953,104.885
4.10993,91.5961
4.1115,89.5934
4.1167,83.2616
4.1219,77.3143
4.1258,73.1538
4.1297,69.274
4.1336,65.6861
4.13594,63.7101
4.1375,62.3878
4.1414,59.3725
4.1453,56.6382
4.14921,54.1709
4.15311,51.9539
4.15701,49.9684
4.16091,48.1948
4.16481,46.6132
4.16871,45.2042
4.17261,43.9493
4.17651,42.831
4.1808,41.7397
4.1851,40.7751
4.18939,39.9203
4.19004,39.8051
4.19368,39.1668
4.19797,38.4962
4.20441,37.6194
4.21084,36.8704
4.21641,36.3061
4.22198,35.8062
4.22941,35.2223
4.23683,34.7155
4.24426,34.2711
4.24725,34.117
4.2554,33.7095
4.26654,33.2395
4.27778,32.8333
4.29284,32.3716
4.3079,31.9818
4.32297,31.6464
4.34577,31.2157
4.36794,30.8634
4.36868,30.8522
4.39159,30.556
4.42257,30.2122
4.46926,29.7772
4.51638,29.4037
4.5801,28.9643
4.64472,28.5675
4.65229,28.5254
4.74347,28.0543
4.87826,27.4244
5.05202,26.6772
5.13165,26.3574
5.26887,25.8415
5.49504,25.0403
5.74026,24.2162
5.77134,24.1181
6.06123,23.2504
6.366,22.3811
6.42104,22.2313
6.68576,21.5552
7.02193,20.7369
7.23288,20.2462
7.32334,20.0478
7.63769,19.389
7.96554,18.7335
8.24926,18.1967
8.26272,18.1722
8.48367,17.78
8.72474,17.3723
8.9896,16.9505
9.24504,16.5731
9.44161,16.3051
9.64188,16.0557
9.70692,15.9836
9.84689,15.8129
9.98581,15.663
10.1267,15.5305
10.2664,15.4213
10.2696,15.4184
10.4144,15.3109
10.5614,15.2357
10.6326,15.2184
10.7104,15.186
10.8234,15.1735
10.9347,15.197
10.9376,15.197
11.0533,15.2416
11.131,15.301
11.1667,15.341
11.2092,15.3781
11.288,15.4793
11.3674,15.6194
11.4041,15.705
11.4473,15.7935
11.5278,16.0122
11.565,16.139
11.5884,16.2117
11.6496,16.4438
11.7108,16.7234
11.7282,16.8184
11.7726,17.0467
11.8346,17.4332
11.852,17.5634
11.8967,17.883
11.9596,18.4276
11.9769,18.6028
12.0016,18.8436
12.0436,19.31
12.0614,19.5362
12.0858,19.8365
12.1284,20.4355
12.1459,20.7182
12.1709,21.1109
12.2135,21.8785
12.2316,22.2546
12.2563,22.7577
12.2887,23.5049
12.2959,23.6897
12.321,24.3292
12.3534,25.2488
12.3607,25.4814
12.3858,26.2685
12.4183,27.4171
12.4259,27.7194
12.4511,28.7127
12.4839,30.1772
12.491,30.5381
12.5168,31.8298
12.5496,33.7131
12.55,33.742
12.5715,35.1089
12.5931,36.6265
12.5992,37.0898
12.6146,38.2721
12.6361,40.0802
12.6483,41.21
12.6576,42.0703
12.6791,44.2656
12.7006,46.6988
12.7014,46.7891
12.7221,49.3976
12.7436,52.4064
12.7621,55.2765
12.7776,57.9061
12.793,60.7684
12.8074,63.6676
12.8085,63.8909
12.824,67.3089
12.8306,68.9144
12.8394,71.0582
12.8499,73.8555
12.8549,75.1826
12.8637,77.7823
12.8704,79.7345
12.8735,80.7379
12.8819,83.464
12.8847,84.3977
12.8903,86.3663
12.898,89.1256
12.8986,89.3846
12.9059,92.2377
12.9112,94.3149
12.9121,94.6952
12.9183,97.3598
12.9245,100.027
12.9302,102.769
12.9355,105.302
12.9386,106.781
12.9408,107.944
12.9448,110.039
12.9488,112.136
12.9499,112.719
12.9532,114.628
12.9565,116.539
12.9598,118.452
12.9612,119.218
12.9632,120.486
12.9665,122.6
12.9698,124.717
12.9731,126.836
12.9744,127.684
12.9764,129.1
12.9797,131.461
12.983,133.825
12.9868,136.507
12.9906,139.495
12.9943,142.487
12.9981,145.483
12.9992,146.366
13.0018,148.693
13.0054,151.801
13.008,154.135
13.0089,154.979
13.0124,158.361
13.016,161.747
13.0168,162.595
13.0191,164.901
13.0222,168.134
13.0252,171.371
13.0257,171.834
13.0283,174.865
13.0314,178.407
13.0345,181.953
13.0376,185.84
13.0407,189.733
13.0434,193.076
13.0442,194.299
13.0478,199.202
13.0513,204.114
13.0522,205.345
13.0548,209.413
13.0584,214.849
13.061,218.934
13.0619,220.441
13.0655,226.481
13.069,232.534
13.0699,234.051
13.0723,238.687
13.0756,245.023
13.0787,250.95
13.0789,251.416
13.0822,258.423
13.0853,264.979
13.0856,265.489
13.0889,273.162
13.092,280.341
13.0922,280.902
13.0955,289.331
13.0986,297.221
13.0988,297.839
13.1021,307.134
13.1052,315.835
13.1057,317.203
13.1096,329.553
13.1119,336.441
13.1136,342.524
13.1176,356.263
13.1185,359.329
13.1216,371.216
13.1251,384.858
13.1256,386.754
13.1295,403.888
13.1317,413.451
13.1335,421.984
13.1375,441.269
13.1384,445.576
13.1415,462.117
13.1428,469.242
13.1454,484.617
13.1472,494.911
13.1481,500.473
13.1507,517.212
13.1516,522.812
13.1534,534.925
13.156,553.158
13.1587,572.969
13.1605,586.225
13.1613,593.406
13.164,615.03
13.1649,622.265
13.1666,637.952
13.1693,661.573
13.1719,687.289
13.1737,704.501
13.1746,713.838
13.1772,741.955
13.1781,751.365
13.1799,771.783
13.1826,802.529
13.1852,836.014
13.187,858.427
13.1879,870.578
13.1914,919.427
13.1918,926.046
13.1958,985.958
13.1998,1051.22
13.2002,1058.52
13.2038,1121.64
13.2046,1137.52
13.2077,1197.2
13.2084,1210.06
13.2116,1277.35
13.213,1307.02
13.2153,1359.12
13.2177,1412.52
13.2191,1446.21
13.2223,1527.07
13.2228,1538.83
13.2265,1638.12
13.227,1651.2
13.2302,1744.3
13.2316,1785.32
13.2337,1851.5
13.2369,1951.23
13.2373,1963.16
13.2408,2082.99
13.2422,2131.15
13.2443,2208.56
13.2475,2325.19
13.2479,2339.02
13.2528,2533.58
13.2532,2548.33
13.2581,2756.08
13.2585,2771.89
13.2638,3010.21
13.2652,3074.1
13.2691,3261.03
13.2723,3414.7
13.2744,3523.08
13.2811,3867.94
13.2814,3886.98
13.2885,4269.46
13.2917,4442.32
13.2991,4852.17
13.3129,5614.92
13.3214,6056.06
13.3235,6165.75
13.3306,6501.46
13.3309,6516.62
13.3373,6787.37
13.3377,6802.28
13.3437,7022.36
13.3447,7060.74
13.35,7221.29
13.3507,7242.33
13.3567,7385.11
13.3571,7391.39
13.361,7458.54
13.362,7476.31
13.3673,7533.96
13.3681,7537.3
13.3729,7556.78
13.3747,7554.13
13.3769,7549.84
13.3795,7528.38
13.3829,7499.8
13.3836,7493.48
13.3882,7420.02
13.3896,7396.7
13.3931,7313.57
13.397,7220.03
13.3995,7143.31
13.4041,6998.12
13.4062,6918.45
13.4112,6729.75
13.4133,6638.18
13.4182,6422.0
13.4204,6320.78
13.4253,6082.5
13.4274,5972.93
13.4359,5531.19
13.438,5416.47
13.4522,4647.02
13.4607,4184.85
13.4695,3724.05
13.4699,3706.51
13.4766,3374.59
13.4805,3192.92
13.4836,3045.03
13.4875,2874.39
13.4889,2812.65
13.4943,2593.61
13.4946,2579.86
13.4996,2388.57
13.5017,2311.73
13.5049,2197.29
13.5087,2066.78
13.5102,2019.64
13.514,1899.18
13.5155,1855.63
13.5192,1749.81
13.5208,1704.79
13.5259,1570.91
13.5261,1566.33
13.53,1470.5
13.5309,1450.49
13.5338,1384.93
13.536,1340.54
13.5388,1281.78
13.541,1239.52
13.5437,1187.53
13.5462,1144.36
13.5487,1101.54
13.5515,1056.61
13.5536,1023.19
13.5568,977.209
13.5586,951.88
13.5621,905.442
13.5635,887.025
13.5674,840.613
13.5685,828.08
13.5725,784.188
13.5745,764.067
13.5771,737.557
13.5816,696.817
13.5818,694.803
13.5864,655.798
13.5886,638.641
13.5911,619.993
13.5957,587.084
13.6003,557.003
13.6037,537.087
13.605,529.202
13.6081,512.332
13.6112,495.639
13.6169,467.499
13.6174,465.364
13.6224,442.836
13.6258,429.288
13.6284,418.597
13.6344,396.512
13.6346,395.758
13.6403,376.43
13.6434,366.816
13.6463,358.004
13.6523,341.057
13.6602,320.579
13.6611,318.507
13.6682,302.188
13.6744,289.137
13.6761,285.471
13.6841,270.345
13.6876,264.179
13.6929,255.085
13.7009,242.59
13.7018,241.223
13.7106,228.66
13.7141,224.022
13.7194,217.172
13.7274,207.663
13.7283,206.622
13.7371,196.96
13.7406,193.362
13.7459,188.046
13.7548,179.781
13.7658,170.372
13.776,162.388
13.7769,161.707
13.7879,153.847
13.7972,147.721
13.799,146.577
13.81,139.93
13.8184,135.22
13.8211,133.761
13.8376,125.381
13.8396,124.458
13.8502,119.636
13.8644,113.675
13.8646,113.589
13.8785,108.265
13.8862,105.519
13.8926,103.293
13.9068,98.7252
13.9187,95.1295
13.9209,94.4802
13.9351,90.5988
13.9512,86.5158
13.9563,85.2602
13.974,81.257
13.9837,79.2144
13.9916,77.5825
14.0093,74.2121
14.0161,72.9942
14.027,71.1138
14.0447,68.2466
14.0491,67.5751
14.0623,65.6135
14.0888,61.9903
14.0933,61.4327
14.1087,59.5387
14.1308,57.0164
14.1374,56.3112
14.1529,54.7124
14.175,52.5808
14.1816,51.9821
14.1971,50.6245
14.2192,48.8066
14.2288,48.0762
14.2523,46.3332
14.2744,44.8169
14.2789,44.5298
14.2996,43.2302
14.3248,41.749
14.329,41.5198
14.3625,39.7507
14.4003,37.9268
14.4041,37.7566
14.4381,36.308
14.4758,34.82
14.4803,34.6552
14.5141,33.4697
14.5524,32.2224
14.5565,32.097
14.5907,31.093
14.6073,30.6362
14.629,30.0627
14.6673,29.1137
14.7059,28.2143
14.7104,28.1178
14.7577,27.1397
14.8095,26.15
14.8134,26.0801
14.8613,25.2688
14.9134,24.4453
14.9179,24.3787
14.9659,23.7011
15.0184,23.0072
15.0224,22.9577
15.0709,22.3863
15.1238,21.8
15.1771,21.2417
15.1814,21.1994
15.2569,20.5022
15.3372,19.8171
15.3418,19.7803
15.4182,19.2035
15.4493,18.9842
15.4992,18.651
15.5809,18.1403
15.6631,17.658
15.6672,17.6349
15.7452,17.2324
15.8285,16.826
15.8883,16.5494
15.9118,16.4472
16.0237,15.9901
16.1124,15.6492
16.1363,15.5641
16.2497,15.1837
16.364,14.822
16.455,14.5475
16.479,14.4809
16.5948,14.1744
16.7702,13.7355
16.804,13.6557
16.9473,13.3432
17.1259,12.9749
17.1613,12.9057
17.3072,12.6426
17.5513,12.226
17.649,12.067
17.7368,11.9348
17.9241,11.6641
18.1131,11.4019
18.1505,11.3517
18.3686,11.0804
18.6277,10.7712
18.797,10.5767
18.8905,10.4769
19.1571,10.2028
19.4273,9.93403
19.6038,9.76381
19.7014,9.6755
19.9794,9.43172
20.2612,9.19174
20.6683,8.85833
20.7338,8.80634
20.7895,8.76309
21.2315,8.43065
21.5311,8.21525
21.8348,8.0054
22.1429,7.80203
22.4553,7.60648
22.5519,7.54971
22.7721,7.41187
23.0934,7.22494
23.3372,7.09406
23.3564,7.0846
23.5832,6.96305
23.8328,6.84184
23.8518,6.83375
24.0846,6.72395
24.3389,6.62203
24.3589,6.61568
24.5955,6.52915
24.7026,6.49888
24.769,6.47648
24.9425,6.43185
25.1185,6.40204
25.1388,6.40058
25.2944,6.37996
25.4728,6.37697
25.4935,6.37962
25.6513,6.39104
25.7629,6.41504
25.787,6.419
25.9227,6.46048
26.0349,6.51286
26.059,6.5229
26.1967,6.60573
26.3094,6.69784
26.3343,6.717
26.4732,6.85878
26.5878,7.00946
26.6128,7.04147
26.7058,7.18707
26.7995,7.35797
26.8939,7.5577
26.9882,7.78868
27.0826,8.05504
27.1423,8.24898
27.1776,8.36506
27.2733,8.72579
27.2752,8.73411
27.3639,9.12109
27.369,9.14371
27.4398,9.50256
27.4647,9.62951
27.4905,9.7792
27.5411,10.0752
27.543,10.0862
27.5855,10.3691
27.625,10.6348
27.6345,10.6985
27.6567,10.8702
27.6804,11.0545
27.7089,11.2769
27.7259,11.4103
27.7327,11.4707
27.7564,11.6842
27.7762,11.863
27.796,12.0427
27.8118,12.187
27.8134,12.2015
27.8253,12.3223
27.8363,12.4354
27.8474,12.5487
27.8585,12.6625
27.8688,12.7683
27.8704,12.7847
27.8783,12.874
27.8878,12.9815
27.8973,13.0892
27.906,13.1882
27.9139,13.2784
27.9218,13.3688
27.9297,13.4593
27.9337,13.5047
27.9364,13.5399
27.9448,13.6455
27.9531,13.7513
27.9606,13.8473
27.9677,13.9384
27.9748,14.0297
27.9808,14.1059
27.9867,14.1823
27.9926,14.2588
27.9986,14.3354
28.0033,14.3969
28.0045,14.414
28.0104,14.4996
28.0164,14.5853
28.0223,14.6712
28.0282,14.7573
28.0342,14.8435
28.0401,14.9299
28.0461,15.0164
28.052,15.1031
28.0579,15.19
28.0639,15.277
28.0698,15.3643
28.0738,15.4225
28.0757,15.4544
28.0817,15.5502
28.088,15.6526
28.0951,15.7681
28.1022,15.8838
28.1102,16.0128
28.1185,16.1485
28.1204,16.1809
28.1268,16.2932
28.1339,16.4198
28.141,16.5467
28.1481,16.674
28.1553,16.8015
28.1632,16.9437
28.1711,17.0862
28.1743,17.1434
28.179,17.2376
28.1869,17.395
28.1964,17.5845
28.2059,17.7746
28.2154,17.9654
28.2249,18.157
28.236,18.3813
28.2376,18.4135
28.2471,18.6281
28.2582,18.8796
28.2692,19.1321
28.2799,19.3766
28.2906,19.6223
28.3041,19.9333
28.3048,19.9535
28.3191,20.3192
28.3341,20.7076
28.346,21.0161
28.3579,21.3265
28.3618,21.4391
28.3777,21.8929
28.3943,22.3729
28.4054,22.6951
28.4085,22.7951
28.4228,23.2476
28.437,23.7032
28.4513,24.1619
28.4528,24.2132
28.4655,24.6595
28.4797,25.165
28.4987,25.8447
28.5003,25.9019
28.5177,26.5868
28.5367,27.3414
28.5478,27.7858
28.5526,27.9935
28.5692,28.7267
28.5858,29.4668
28.5953,29.8938
28.6024,30.2437
28.619,31.0678
28.6364,31.9399
28.6428,32.2606
28.6554,32.9629
28.6744,34.0284
28.6903,34.9271
28.6934,35.1244
28.7124,36.3225
28.7314,37.5355
28.7377,37.9452
28.7504,38.8318
28.7694,40.179
28.7884,41.636
28.8011,42.6207
28.8074,43.1469
28.8264,44.7473
28.8327,45.2885
28.8454,46.4468
28.8644,48.2094
28.8834,50.127
28.896,51.4251
28.9024,52.1221
28.9214,54.2451
28.9277,54.9644
28.9403,56.5113
28.9593,58.8696
28.9783,61.4536
28.991,63.2065
28.9973,64.1529
29.0163,67.0415
29.0226,68.0225
29.0353,70.1446
29.0543,73.3872
29.0733,76.9715
29.086,79.4091
29.0923,80.7199
29.1097,84.3975
29.1113,84.7541
29.1303,89.122
29.1334,89.8662
29.1493,93.8382
29.1572,95.8692
29.1683,98.9108
29.1809,102.467
29.1873,104.373
29.2047,109.739
29.2063,110.263
29.2253,116.701
29.2281,117.692
29.2441,123.665
29.2514,126.456
29.2626,131.097
29.2746,136.195
29.2811,139.167
29.2979,147.056
29.2996,147.943
29.312,154.376
29.3212,159.253
29.3243,161.075
29.3367,168.318
29.343,172.126
29.3538,179.098
29.362,184.587
29.3709,190.94
29.381,198.383
29.3823,199.385
29.3937,208.594
29.4,213.82
29.4051,218.338
29.4165,228.724
29.419,231.086
29.4279,240.04
29.438,250.555
29.443,256.19
29.4506,264.868
29.4532,267.933
29.4633,280.461
29.4734,294.059
29.476,297.541
29.4836,308.642
29.4886,316.226
29.4937,324.305
29.5013,336.73
29.5038,341.155
29.5133,358.161
29.514,359.324
29.5222,375.492
29.5266,384.414
29.531,393.993
29.5393,412.231
29.5399,413.737
29.5488,435.361
29.5507,440.125
29.5576,458.835
29.5621,471.082
29.5665,484.247
29.5735,505.54
29.5754,511.806
29.5842,541.916
29.5849,544.138
29.5931,575.026
29.5934,576.255
29.602,611.465
29.6105,650.235
29.6108,651.768
29.6175,684.924
29.6191,693.037
29.6241,720.768
29.6276,740.369
29.6308,759.342
29.6349,784.711
29.6374,801.39
29.6437,844.287
29.6441,846.576
29.6504,893.679
29.6507,896.172
29.657,947.546
29.6577,952.987
29.6637,1006.32
29.6646,1015.25
29.6703,1070.52
29.6716,1083.55
29.677,1140.71
29.6786,1158.54
29.6836,1217.49
29.6855,1240.95
29.6903,1301.54
29.6925,1331.53
29.6969,1393.54
29.6995,1431.28
29.7045,1509.31
29.7064,1540.43
29.7109,1615.33
29.7126,1647.01
29.7172,1730.87
29.7188,1762.87
29.7235,1856.63
29.725,1888.74
29.7299,1993.4
29.7312,2025.36
29.7362,2141.96
29.7374,2173.48
29.7425,2303.14
29.7437,2333.86
29.7488,2477.71
29.7499,2507.34
29.7561,2693.76
29.7618,2878.61
29.7621,2891.24
29.7675,3076.15
29.7682,3103.09
29.7713,3215.66
29.7743,3330.85
29.7789,3511.07
29.7804,3572.94
29.7865,3831.02
29.787,3853.14
29.7941,4176.96
29.7946,4200.72
29.8016,4548.56
29.8022,4574.04
29.8092,4945.88
29.8098,4973.06
29.8168,5368.5
29.8173,5397.35
29.8244,5817.86
29.8275,6002.08
29.8346,6449.39
29.8376,6645.22
29.8447,7118.9
29.8503,7498.12
29.8574,7997.03
29.8705,8939.36
29.8827,9813.46
29.8959,10756.6
29.9029,11244.0
29.9111,11785.8
29.9181,12234.0
29.9212,12419.1
29.9283,12823.3
29.9313,12989.2
29.9384,13342.6
29.9414,13485.4
29.9485,13781.7
29.9506,13859.4
29.9587,14128.3
29.9599,14163.4
29.9678,14352.6
29.9688,14370.4
29.9779,14498.6
29.9789,14506.8
29.9849,14532.5
29.9885,14531.4
29.9911,14522.1
29.9961,14475.0
30.0012,14410.5
30.0063,14313.5
30.0101,14228.2
30.0139,14118.4
30.0215,13878.2
30.0316,13464.4
30.0417,12967.1
30.0519,12398.4
30.062,11764.1
30.0671,11437.0
30.0772,10748.2
30.0822,10396.0
30.1126,8243.55
30.1177,7894.69
30.1278,7207.85
30.1329,6876.39
30.138,6552.42
30.1456,6084.2
30.1481,5931.88
30.1557,5494.66
30.1582,5352.59
30.1658,4944.69
30.1734,4563.0
30.181,4206.32
30.1873,3928.1
30.1949,3616.69
30.2025,3329.15
30.2101,3064.59
30.2174,2833.89
30.218,2814.69
30.2242,2632.82
30.2261,2580.0
30.231,2447.45
30.2342,2366.94
30.2379,2276.87
30.2423,2174.0
30.2447,2120.16
30.2504,1999.62
30.2515,1976.38
30.2584,1844.71
30.2585,1842.4
30.2652,1724.87
30.2666,1701.7
30.2709,1633.82
30.2747,1575.11
30.2775,1534.21
30.2813,1481.46
30.2842,1443.2
30.2889,1382.88
30.2908,1359.6
30.2965,1293.51
30.2974,1282.88
30.3041,1212.45
30.3107,1148.04
30.3117,1139.31
30.3174,1088.77
30.3193,1072.65
30.3218,1051.88
30.3269,1012.42
30.3307,983.81
30.3345,957.065
30.3396,922.766
30.3446,890.495
30.3471,875.04
30.3547,831.164
30.3649,778.563
30.3661,772.413
30.375,731.186
30.3756,728.425
30.3851,688.548
30.3953,650.214
30.3978,641.183
30.4054,615.31
30.4105,599.026
30.4155,583.431
30.4231,561.38
30.4269,550.797
30.4358,527.619
30.4396,518.066
30.4484,497.153
30.4522,488.52
30.4611,469.564
30.4649,461.768
30.4776,437.253
30.4902,415.084
30.494,408.773
30.5029,394.677
30.5105,383.195
30.5156,375.85
30.527,360.161
30.5295,356.809
30.5434,339.357
30.5447,337.829
30.5599,320.481
30.5751,304.618
30.5763,303.36
30.5903,290.109
30.5991,282.077
30.6055,276.585
30.6181,266.11
30.6207,264.104
30.6434,247.059
30.6624,234.321
30.6688,230.29
30.6814,222.598
30.6941,215.287
30.7004,211.791
30.7194,201.809
30.7384,192.691
30.7447,189.787
30.7574,184.217
30.7701,178.944
30.7859,172.615
30.7954,169.027
30.8081,164.448
30.8271,157.922
30.8334,155.846
30.8587,147.971
30.884,140.817
30.8904,139.112
30.9094,134.221
30.922,131.111
30.9347,128.129
30.9537,123.857
30.96,122.502
30.9853,117.323
31.0012,114.229
31.0138,111.894
31.0455,106.341
31.0487,105.812
31.0771,101.317
31.0961,98.4603
31.1088,96.6553
31.1405,92.3505
31.1436,91.9386
31.1721,88.4213
31.1911,86.1759
31.2038,84.7515
31.2354,81.3394
31.2386,81.0122
31.2702,77.8967
31.2861,76.4076
31.3082,74.4142
31.3295,72.5864
31.3462,71.2148
31.3842,68.2337
31.3847,68.1963
31.4222,65.5149
31.4399,64.2986
31.4602,62.972
31.4951,60.797
31.5172,59.4998
31.5551,57.3717
31.5779,56.149
31.6058,54.7482
31.6565,52.3229
31.6607,52.1276
31.7071,50.1368
31.7435,48.6406
31.7577,48.0905
31.8084,46.2156
31.8275,45.5368
31.8591,44.4796
31.9097,42.8489
31.9115,42.7944
31.9604,41.3502
31.9674,41.1488
32.0167,39.8232
32.0731,38.3656
32.0794,38.2081
32.1294,37.0475
32.1914,35.675
32.214,35.2062
32.2985,33.5453
32.3049,33.426
32.3831,32.0576
32.4184,31.4668
32.4684,30.6833
32.532,29.7313
32.5541,29.4188
32.6399,28.2628
32.6455,28.1899
32.7256,27.2272
32.8114,26.2371
32.8182,26.1605
32.8975,25.3488
32.9844,24.4905
32.9909,24.4285
33.0714,23.7203
33.1583,22.9807
33.1645,22.9304
33.2743,22.0972
33.3396,21.6213
33.391,21.2733
33.5086,20.5088
33.5148,20.4699
33.6261,19.8197
33.6916,19.4512
33.7437,19.1793
33.8621,18.5836
33.9284,18.2607
33.9813,18.0238
34.1005,17.5075
34.1669,17.2286
34.2198,17.0236
34.3398,16.5717
34.4071,16.3272
34.5212,15.943
34.6489,15.5298
34.7026,15.3713
34.8856,14.8506
35.0143,14.4974
35.0695,14.3606
35.2534,13.9205
35.3848,13.6157
35.44,13.4994
35.6265,13.1183
35.7587,12.8554
35.8139,12.7554
36.003,12.4217
36.1362,12.1925
36.1921,12.1043
36.3831,11.8107
36.5172,11.6096
36.6388,11.4436
36.8964,11.102
37.0324,10.9263
37.1557,10.7824
37.4169,10.4854
37.5549,10.3321
37.6799,10.2057
37.9448,9.94397
38.0847,9.80852
38.2115,9.6961
38.4801,9.4627
38.622,9.34214
38.8859,9.13592
39.1602,8.92628
39.1669,8.92121
39.5736,8.644
39.9908,8.3656
39.9997,8.3598
40.414,8.11561
40.8411,7.86859
40.8481,7.86458
41.2722,7.64533
41.7074,7.42396
41.7166,7.41934
42.2958,7.15365
42.6015,7.01591
42.8925,6.89603
43.4977,6.65089
43.8121,6.52544
44.1113,6.4164
44.7337,6.19279
45.057,6.0781
45.3648,5.97737
46.0048,5.77078
46.3373,5.66433
46.6538,5.57028
47.312,5.37688
47.9902,5.18013
48.318,5.09143
48.9997,4.90911
49.6995,4.72401
50.039,4.63943
50.745,4.46544
51.8239,4.20247
51.8329,4.20031
52.5808,4.02846
53.6988,3.77493
54.4391,3.60954
54.8378,3.52219
55.6115,3.35519
56.3961,3.18813
57.1917,3.02138
57.7969,2.89649
58.6123,2.73166
59.213,2.61332
59.4392,2.56728
60.0674,2.44339
60.7015,2.32239
60.8955,2.28663
61.1282,2.24205
61.5579,2.16238
61.9906,2.08532
62.1872,2.05202
62.4264,2.0097
62.8652,1.93668
63.1958,1.88536
63.287,1.87225
63.5296,1.83559
63.8634,1.78959
64.2002,1.74831
64.2926,1.73888
64.5387,1.71224
64.7644,1.69228
64.9916,1.67644
65.2204,1.66562
65.4492,1.66023
65.5428,1.66083
65.6781,1.66182
65.9085,1.67192
66.0825,1.68607
66.1568,1.69495
66.2566,1.70749
66.4306,1.73694
66.4436,1.73979
66.6047,1.77624
66.6661,1.7936
66.7666,1.82279
66.833,1.84606
66.9045,1.87172
66.9665,1.89801
67.0424,1.93084
67.0778,1.94878
67.1667,1.99464
67.1803,2.00171
67.2585,2.04948
67.3181,2.08637
67.3281,2.09353
67.3976,2.14426
67.456,2.18739
67.5116,2.23486
67.5561,2.27322
67.5645,2.28047
67.5895,2.30494
67.6312,2.34602
67.666,2.38052
67.6729,2.38748
67.7008,2.41877
67.7286,2.45027
67.7564,2.48195
67.7786,2.50744
67.7814,2.51064
67.7981,2.53227
67.8148,2.55398
67.8315,2.57577
67.8482,2.59764
67.8635,2.61776
67.8774,2.63612
67.8899,2.65269
67.8913,2.65477
67.9052,2.67559
67.917,2.69335
67.9316,2.71535
67.9462,2.73742
67.9594,2.75745
67.9719,2.77649
67.9844,2.79559
67.9949,2.81155
67.9983,2.81689
68.0053,2.82892
68.0123,2.84099
68.022,2.85791
68.0317,2.87487
68.0387,2.887
68.0456,2.89916
68.0526,2.91134
68.062,2.92781
68.0693,2.94066
68.0776,2.95536
68.0828,2.96456
68.0915,2.97994
68.0999,2.99488
68.1054,3.0046
68.1068,3.00738
68.1138,3.02128
68.1207,3.0352
68.1277,3.04914
68.136,3.06591
68.1433,3.08061
68.1513,3.09674
68.1604,3.11501
68.1673,3.1291
68.1749,3.14462
68.1833,3.1616
68.1923,3.18003
68.2021,3.19993
68.2028,3.20135
68.2104,3.21869
68.2208,3.24238
68.2313,3.26614
68.2431,3.29314
68.2556,3.32183
68.2681,3.35062
68.2793,3.37629
68.2904,3.4047
68.3015,3.4332
68.3126,3.46178
68.3238,3.49045
68.3349,3.51922
68.346,3.54807
68.3571,3.57702
68.3682,3.60607
68.371,3.61414
68.3849,3.65461
68.3988,3.69524
68.4169,3.74831
68.4294,3.78521
68.4461,3.83464
68.4517,3.85121
68.4628,3.88794
68.4795,3.94331
68.499,4.00826
68.5184,4.07362
68.5351,4.12999
68.5379,4.14044
68.5574,4.21401
68.5761,4.28539
68.5949,4.3572
68.6137,4.42947
68.6186,4.44833
68.6325,4.50842
68.6512,4.59004
68.6714,4.67828
68.6923,4.77021
68.702,4.81344
68.7131,4.86766
68.734,4.97005
68.7548,5.07321
68.7576,5.08707
68.7757,5.18435
68.8035,5.33533
68.8132,5.38875
68.8313,5.49604
68.8591,5.66284
68.8689,5.72189
68.8883,5.84988
68.9134,6.01619
68.9245,6.09087
68.9384,6.19228
68.9634,6.37665
68.9801,6.50088
68.9885,6.56852
69.0135,6.77355
69.0358,6.95782
69.0385,6.98297
69.0636,7.21174
69.0886,7.44312
69.0914,7.46914
69.1136,7.69687
69.1387,7.95607
69.147,8.04361
69.1665,8.26508
69.1887,8.52174
69.1957,8.60795
69.2249,8.97522
69.2304,9.04627
69.2541,9.37123
69.2722,9.62361
69.2833,9.7912
69.3125,10.238
69.3139,10.2596
69.3417,10.7273
69.3556,10.9652
69.3709,11.2487
69.3973,11.747
69.4001,11.804
69.4293,12.4132
69.439,12.62
69.4585,13.0709
69.4808,13.5959
69.4877,13.7754
69.5169,14.5436
69.5225,14.693
69.5461,15.3891
69.5642,15.9327
69.5753,16.295
69.592,16.8481
69.5948,16.9466
69.6198,17.8489
69.6226,17.9563
69.6476,18.9423
69.6727,20.0215
69.6754,20.144
69.6977,21.1972
69.7032,21.4664
69.7227,22.4774
69.7283,22.7729
69.7477,23.8815
69.7533,24.2058
69.7728,25.4251
69.7783,25.7807
69.7895,26.5467
69.8034,27.5201
69.8062,27.7306
69.8228,29.0146
69.8284,29.4503
69.8395,30.3949
69.8534,31.5971
69.8562,31.8588
69.8729,33.458
69.8785,34.0016
69.8889,35.1017
69.8972,35.9987
69.9042,36.806
69.9195,38.6159
69.9202,38.6999
69.9348,40.6012
69.9369,40.8787
69.9501,42.7568
69.9536,43.2621
69.9654,45.1039
69.9703,45.8799
69.9807,47.6688
69.9869,48.7682
69.996,50.4831
70.0036,51.9696
70.0102,53.3474
70.0203,55.5374
70.0232,56.2242
70.0363,59.3695
70.037,59.5411
70.0494,62.8725
70.0526,63.7566
70.0624,66.7039
70.0643,67.2567
70.0723,69.8769
70.0759,71.1105
70.0821,73.3124
70.0876,75.3584
70.0919,77.0406
70.0993,80.058
70.1017,81.0951
70.1082,84.0169
70.111,85.2884
70.1193,89.421
70.1227,91.1154
70.1277,93.8776
70.1343,97.6402
70.136,98.6656
70.1444,103.904
70.146,104.976
70.1527,109.656
70.1577,113.249
70.161,115.846
70.1672,120.719
70.1694,122.619
70.1755,127.967
70.1777,130.046
70.1839,135.897
70.1861,138.172
70.1922,144.579
70.1944,147.071
70.2005,154.085
70.2022,156.132
70.2089,164.503
70.2097,165.623
70.2172,175.923
70.2247,187.19
70.2256,188.47
70.2322,199.425
70.2339,202.226
70.2398,212.707
70.2423,217.3
70.2473,227.12
70.2506,233.812
70.2548,242.72
70.2581,250.003
70.2623,259.662
70.2656,267.557
70.2698,278.021
70.2731,286.573
70.2773,297.899
70.2806,307.141
70.284,316.926
70.2881,329.385
70.2906,337.292
70.2957,353.445
70.2996,366.721
70.3032,379.347
70.3084,398.822
70.3107,407.217
70.3174,433.762
70.3182,437.157
70.3257,469.325
70.3262,471.843
70.3346,510.447
70.3352,513.165
70.3424,549.247
70.344,557.995
70.3502,590.706
70.3524,603.181
70.358,634.928
70.3602,648.223
70.3657,682.016
70.368,696.141
70.3735,732.025
70.3758,747.152
70.3835,800.908
70.3852,812.646
70.3952,887.194
70.3963,895.653
70.4063,975.587
70.4069,980.225
70.4164,1060.4
70.4275,1160.61
70.4297,1180.96
70.4386,1266.13
70.4431,1309.4
70.4553,1433.43
70.4591,1472.36
70.4731,1622.38
70.4802,1699.57
70.506,1986.23
70.5247,2193.55
70.5372,2328.05
70.5425,2384.73
70.555,2510.59
70.5603,2563.24
70.5728,2676.81
70.5781,2723.99
70.5861,2788.09
70.5915,2829.27
70.5995,2884.31
70.6048,2919.24
70.6128,2964.08
70.6182,2992.03
70.6262,3026.04
70.6306,3043.13
70.6404,3070.82
70.6431,3077.24
70.6538,3091.32
70.6564,3093.93
70.6597,3094.82
70.662,3093.78
70.6725,3085.94
70.6733,3084.94
70.684,3062.03
70.6854,3057.99
70.6947,3026.17
70.6974,3014.54
70.7081,2964.12
70.7107,2948.89
70.7214,2884.11
70.7241,2865.54
70.7348,2787.76
70.7374,2766.55
70.7437,2715.28
70.7508,2651.86
70.7615,2553.81
70.7686,2483.37
70.7793,2375.19
70.7864,2299.17
70.806,2086.63
70.8175,1959.17
70.846,1644.89
70.8482,1621.17
70.8651,1442.89
70.8656,1438.26
70.8781,1313.34
70.8803,1291.83
70.8905,1194.4
70.8936,1165.98
70.903,1082.2
70.907,1047.83
70.9131,996.205
70.917,964.852
70.9248,903.15
70.927,886.453
70.9359,820.766
70.9365,816.725
70.9448,759.614
70.9481,737.155
70.9537,701.645
70.9559,687.694
70.9626,647.649
70.9637,641.099
70.9715,597.307
70.9804,550.827
70.9815,545.133
70.989,508.785
70.9893,507.502
70.9965,474.874
70.9982,467.71
71.004,443.174
71.0065,433.183
71.0116,413.625
71.0149,401.252
71.0191,386.119
71.0232,371.776
71.0266,360.553
71.0316,344.614
71.0341,336.822
71.0399,319.626
71.0416,314.823
71.0483,296.671
71.0491,294.453
71.0566,275.65
71.0572,274.289
71.0649,256.41
71.0655,255.163
71.0733,238.803
71.0739,237.662
71.0816,222.703
71.0822,221.66
71.0905,207.025
71.0989,193.698
71.1005,191.201
71.1072,181.511
71.1106,176.973
71.1156,170.366
71.1206,164.179
71.1239,160.174
71.1306,152.672
71.1323,150.85
71.1406,142.317
71.1484,135.047
71.1506,133.089
71.1562,128.334
71.1606,124.746
71.164,122.13
71.1706,117.261
71.1756,113.709
71.1806,110.445
71.1873,106.211
71.1907,104.26
71.199,99.524
71.2023,97.7739
71.2107,93.5352
71.2149,91.5723
71.2224,88.1489
71.2274,86.0297
71.234,83.2882
71.2399,81.0548
71.2457,78.8851
71.2524,76.5702
71.2574,74.8814
71.2649,72.5155
71.2699,70.9795
71.2774,68.8354
71.2841,66.9848
71.2941,64.4042
71.2983,63.3627
71.3108,60.4485
71.3125,60.0713
71.3219,58.0508
71.3275,56.9339
71.3409,54.3316
71.3442,53.7306
71.3598,51.0047
71.3609,50.824
71.3787,48.0224
71.3831,47.37
71.3976,45.3203
71.4054,44.289
71.4165,42.8619
71.4276,41.5244
71.4353,40.6321
71.4499,39.0313
71.454,38.5867
71.4721,36.7896
71.4791,36.1169
71.4944,34.7455
71.5041,33.8961
71.518,32.7676
71.5291,31.8897
71.543,30.8659
71.5542,30.0692
71.5681,29.1376
71.5792,28.412
71.5931,27.5614
71.6042,26.8984
71.6181,26.1219
71.632,25.3648
71.6432,24.7995
71.6626,23.84
71.6807,23.0092
71.6932,22.4508
71.7057,21.9287
71.7238,21.1935
71.7363,20.7164
71.7544,20.0458
71.7669,19.6097
71.785,18.9962
71.7975,18.5963
71.8156,18.0334
71.8281,17.6659
71.8462,17.148
71.8587,16.8113
71.8838,16.1579
71.9046,15.6517
71.9283,15.0977
71.9505,14.6147
71.9727,14.1456
71.9839,13.9276
72.0173,13.293
72.0339,12.9972
72.0618,12.5211
72.084,12.1653
72.1062,11.8213
72.1341,11.4188
72.1507,11.185
72.1841,10.7465
72.1953,10.6049
72.237,10.1081
72.2453,10.012
72.2954,9.47543
72.3009,9.41781
72.3538,8.90926
72.3566,8.88336
72.4122,8.40118
72.4678,7.96565
72.4706,7.94526
72.5234,7.57065
72.529,7.53423
72.5791,7.21654
72.6069,7.0447
72.6291,6.91968
72.6792,6.64601
72.6903,6.58675
72.7292,6.39786
72.7738,6.1877
72.7793,6.1637
72.8294,5.95365
72.8572,5.83999
72.8794,5.75696
72.9295,5.57522
72.9406,5.53588
72.9796,5.4103
73.0241,5.27072
73.0296,5.2548
73.0769,5.12331
73.1075,5.04069
73.1325,4.9798
73.1882,4.84906
73.2076,4.80482
73.2438,4.73207
73.2966,4.62955
73.3077,4.60866
73.3411,4.55378
73.3856,4.48306
73.4079,4.44888
73.4301,4.41944
73.4635,4.37681
73.4965,4.33592
73.508,4.32215
73.5378,4.29224
73.5707,4.26043
73.602,4.23143
73.6028,4.23081
73.6395,4.20461
73.6688,4.18471
73.696,4.1671
73.6981,4.16617
73.7253,4.15491
73.7504,4.14523
73.7756,4.13625
73.8007,4.12795
73.8216,4.12156
73.83,4.11918
73.8384,4.11862
73.8551,4.11779
73.8719,4.11728
73.8876,4.11709
73.9022,4.11716
73.9169,4.11747
73.9315,4.11802
73.9452,4.11876
73.9473,4.1189
73.9577,4.12183
73.9703,4.12553
73.9828,4.12941
73.9975,4.13417
74.0101,4.13845
74.0226,4.14292
74.0336,4.14699
74.0446,4.1512
74.0551,4.15534
74.0645,4.15919
74.0739,4.16314
74.0771,4.16449
74.0823,4.16792
74.0928,4.17491
74.1017,4.18096
74.109,4.18601
74.1189,4.19298
74.1278,4.19932
74.1357,4.20499
74.1451,4.21191
74.153,4.21776
74.1556,4.21973
74.1626,4.22509
74.1692,4.2301
74.1786,4.23743
74.1865,4.24363
74.1943,4.2499
74.2022,4.25626
74.2069,4.26013
74.2111,4.26451
74.221,4.27502
74.2283,4.28285
74.2362,4.29133
74.2446,4.30046
74.254,4.31086
74.2645,4.32255
74.2728,4.33202
74.2822,4.34279
74.2917,4.35369
74.3021,4.36595
74.3131,4.379
74.3241,4.39222
74.3346,4.40699
74.3451,4.42193
74.3555,4.43703
74.366,4.4523
74.3786,4.47085
74.3911,4.48965
74.4037,4.50871
74.4079,4.51516
74.4204,4.53719
74.4372,4.56703
74.4498,4.58972
74.4665,4.62039
74.4833,4.65155
74.499,4.68121
74.5199,4.72145
74.5335,4.74813
74.5408,4.76454
74.5618,4.81226
74.5827,4.86082
74.5984,4.89781
74.6193,4.94792
74.6403,4.99893
74.6591,5.04573
74.6633,5.05743
74.6884,5.12899
74.7136,5.20199
74.7387,5.27646
74.7659,5.35888
74.7848,5.41727
74.7952,5.45276
74.8245,5.55437
74.8538,5.65833
74.8685,5.71157
74.8852,5.77676
74.9187,5.91037
74.9522,6.04748
74.9857,6.19785
75.0234,6.37166
75.036,6.43118
75.0548,6.52643
75.0863,6.68899
75.1177,6.85553
75.1198,6.86691
75.1491,7.03666
75.1826,7.23553
75.2035,7.36335
75.2203,7.47229
75.2579,7.72456
75.2872,7.9267
75.2956,7.98823
75.3333,8.27327
75.371,8.56702
75.4087,8.88939
75.4464,9.22175
75.4548,9.29799
75.4841,9.58198
75.5218,9.95861
75.5385,10.1315
75.5594,10.3617
75.5971,10.7894
75.6223,11.084
75.6348,11.2398
75.6725,11.7226
75.6851,11.8891
75.7102,12.2385
75.7479,12.7807
75.7877,13.4036
75.8107,13.7787
75.8316,14.1371
75.8735,14.8843
75.8756,14.9237
75.9196,15.7851
75.9363,16.128
75.9635,16.7148
75.9991,17.5169
76.0075,17.716
76.0515,18.8091
76.0619,19.0821
76.0954,20.0034
76.1247,20.8492
76.1394,21.2964
76.1834,22.7045
76.1876,22.8458
76.2273,24.2643
76.2504,25.1274
76.2671,25.7862
76.2923,26.8217
76.3048,27.3606
76.3341,28.6779
76.3425,29.0702
76.376,30.7154
76.3802,30.9299
76.4179,32.9572
76.4556,35.183
76.4597,35.4439
76.4932,37.6218
76.5016,38.1969
76.5309,40.3006
76.5435,41.2543
76.5686,43.257
76.5906,45.0947
76.5938,45.3692
76.6189,47.652
76.622,47.9492
76.644,50.1061
76.6534,51.0774
76.6785,53.7654
76.6848,54.4709
76.7016,56.4257
76.7162,58.2058
76.7246,59.2643
76.7476,62.2954
76.7707,65.5874
76.779,66.8376
76.7937,69.1118
76.8063,71.1492
76.8167,72.9212
76.8385,76.7715
76.8408,77.1968
76.859,80.7278
76.8754,84.0314
76.8795,84.9152
76.8984,89.0682
76.9001,89.4507
76.9206,94.349
76.9214,94.5586
76.9411,99.6597
76.9445,100.571
76.9616,105.415
76.9675,107.153
76.9821,111.657
76.9882,113.616
77.0008,117.841
77.0158,123.146
77.0175,123.76
77.0343,130.175
77.051,137.122
77.0527,137.85
77.0678,144.638
77.0711,146.222
77.0845,152.791
77.0895,155.383
77.1013,161.661
77.108,165.442
77.118,171.34
77.1264,176.524
77.1339,181.374
77.1432,187.62
77.149,191.752
77.1599,199.843
77.1641,203.084
77.1767,213.354
77.1792,215.497
77.1934,228.353
77.1942,229.144
77.2093,244.245
77.2102,245.139
77.2244,261.031
77.2269,264.002
77.2357,274.831
77.2395,279.714
77.247,289.843
77.252,296.995
77.2604,309.362
77.2642,315.298
77.2738,331.016
77.2755,333.914
77.2839,348.919
77.2868,354.446
77.2939,368.364
77.2981,376.989
77.3039,389.52
77.3094,401.788
77.314,412.572
77.3207,429.12
77.3241,437.723
77.332,459.291
77.3341,465.198
77.3433,492.645
77.3441,495.243
77.3542,528.186
77.3546,529.635
77.363,559.756
77.3659,570.841
77.3718,593.91
77.3772,616.428
77.3806,630.811
77.3869,659.156
77.3894,670.874
77.3957,701.661
77.3982,714.37
77.4044,747.757
77.407,761.536
77.4132,797.731
77.4158,812.667
77.422,851.885
77.4246,868.064
77.4308,910.532
77.4333,928.046
77.4396,973.996
77.4421,992.938
77.4484,1042.84
77.4526,1077.1
77.4572,1116.84
77.4618,1157.73
77.466,1196.76
77.471,1244.94
77.4748,1282.85
77.4802,1339.09
77.4832,1370.83
77.4895,1440.59
77.4915,1464.94
77.4987,1549.79
77.4999,1565.44
77.5079,1667.01
77.5083,1672.6
77.5171,1793.3
77.5209,1847.47
77.5282,1957.01
77.5334,2037.75
77.538,2111.31
77.5418,2173.96
77.5478,2276.56
77.5525,2359.48
77.5576,2452.05
77.5632,2558.09
77.5707,2702.22
77.574,2768.39
77.5847,2990.19
77.585,2997.27
77.5981,3286.06
77.5998,3323.9
77.6115,3600.09
77.6168,3729.24
77.6316,4098.85
77.6369,4236.01
77.6517,4626.62
77.6637,4950.16
77.7053,6080.19
77.7106,6223.59
77.7254,6605.4
77.7307,6740.34
77.7455,7092.98
77.7508,7215.61
77.7656,7526.78
77.7709,7634.07
77.779,7780.26
77.7843,7872.26
77.7924,7996.85
77.7974,8069.38
77.8044,8158.36
77.8101,8223.18
77.8205,8321.53
77.8232,8343.14
77.8339,8407.55
77.8366,8419.77
77.8499,8450.74
77.8509,8451.59
77.8534,8450.21
77.8647,8428.6
77.8674,8419.76
77.8781,8359.69
77.8822,8331.71
77.8932,8229.53
77.8969,8190.99
77.9049,8090.38
77.9103,8017.64
77.9183,7893.96
77.9237,7805.99
77.9317,7660.86
77.9371,7558.14
77.9518,7249.74
77.9572,7131.86
77.9719,6783.0
77.9773,6651.64
77.9987,6098.61
78.0041,5958.13
78.0523,4666.4
78.0577,4525.18
78.0724,4148.11
78.0778,4013.95
78.0912,3688.44
78.0925,3657.01
78.1059,3350.3
78.1093,3275.19
78.1177,3095.4
78.1234,2976.15
78.1327,2788.08
78.1374,2696.43
78.1428,2596.18
78.1492,2479.76
78.1528,2415.04
78.1597,2297.74
78.1664,2187.9
78.1703,2126.49
78.1755,2047.23
78.1808,1967.32
78.1845,1914.8
78.1914,1819.31
78.1935,1790.19
78.1984,1726.87
78.2026,1674.57
78.2101,1582.86
78.2116,1565.51
78.2207,1464.19
78.2218,1451.42
78.2311,1356.82
78.2336,1331.77
78.2399,1272.32
78.2424,1249.18
78.2486,1193.92
78.2512,1172.43
78.2574,1121.12
78.26,1101.17
78.2662,1053.59
78.2688,1035.09
78.275,990.989
78.2775,973.85
78.2838,933.016
78.2863,917.148
78.2926,879.44
78.296,859.907
78.3014,829.946
78.3073,798.619
78.3102,783.901
78.3186,743.088
78.319,741.17
78.3299,692.979
78.3303,691.235
78.3412,647.635
78.3416,646.058
78.3525,606.586
78.3529,605.157
78.3638,569.389
78.3642,568.093
78.3751,535.643
78.3755,534.466
78.3864,504.983
78.3868,503.913
78.3977,477.08
78.3981,476.104
78.409,451.637
78.4094,450.749
78.4208,427.581
78.4212,426.75
78.4321,406.422
78.4337,403.393
78.4438,386.279
78.4463,382.138
78.4564,366.656
78.4631,356.67
78.4689,348.554
78.4798,333.963
78.4815,331.87
78.4966,313.713
78.4982,311.825
78.5133,295.511
78.515,293.81
78.5301,279.08
78.5317,277.54
78.5468,264.181
78.5485,262.784
78.565,249.465
78.5652,249.306
78.5832,236.136
78.5841,235.563
78.605,221.775
78.6075,220.178
78.6259,209.322
78.6318,205.985
78.6469,197.993
78.6561,193.268
78.6678,187.648
78.6804,181.817
78.6888,178.171
78.7047,171.456
78.7097,169.462
78.729,162.043
78.7306,161.437
78.7545,153.068
78.7566,152.357
78.7813,144.531
78.7876,142.605
78.8081,136.742
78.8186,133.844
78.8349,129.616
78.8496,125.938
78.8617,123.079
78.8805,118.774
78.8885,117.065
78.9115,112.26
78.9153,111.518
78.9421,106.395
78.9425,106.317
78.9723,101.101
78.9735,100.887
79.0058,95.7243
79.0099,95.0739
79.0393,90.8216
79.0518,89.0525
79.0727,86.3031
79.0937,83.6324
79.1062,82.1334
79.1356,78.7339
79.1397,78.2783
79.1732,74.7337
79.1774,74.3044
79.2193,70.2744
79.2235,69.8946
79.2612,66.5955
79.2654,66.2494
79.3031,63.2294
79.3073,62.9162
79.3491,59.8768
79.3659,58.694
79.391,57.0581
79.4287,54.6704
79.4329,54.4247
79.4747,52.033
79.4915,51.1053
79.5376,48.7384
79.5543,47.9046
79.5857,46.4495
79.6171,45.0353
79.6402,44.0563
79.659,43.2783
79.6946,41.8967
79.7344,40.3953
79.749,39.8828
79.8035,38.0309
79.8098,37.8226
79.8579,36.3395
79.8851,35.5219
79.9123,34.76
79.9605,33.4523
79.994,32.6023
80.0359,31.5733
80.061,30.995
80.1113,29.8702
80.128,29.5181
80.1866,28.3187
80.195,28.1575
80.262,26.9008
80.329,25.7489
80.3457,25.4676
80.396,24.6759
80.4295,24.1627
80.4965,23.2118
80.5551,22.4034
80.5719,22.1917
80.6556,21.1601
80.6807,20.8581
80.7394,20.2104
80.8064,19.488
80.8231,19.3212
80.9069,18.507
80.932,18.2693
81.0325,17.3918
81.066,17.1083
81.1581,16.3884
81.2,16.0699
81.2586,15.6563
81.334,15.1376
81.3759,14.8691
81.468,14.2935
81.4931,14.1468
81.602,13.527
81.6104,13.4823
81.7276,12.8721
81.736,12.8295
81.8449,12.3099
81.87,12.1925
81.9621,11.788
82.004,11.6087
82.138,11.0696
82.1486,11.0281
82.2829,10.5412
82.3655,10.248
82.4277,10.0462
82.5726,9.58632
82.5825,9.5555
82.7174,9.1696
82.7994,8.94083
82.9347,8.59222
83.0163,8.38771
83.152,8.07259
83.231,7.89379
83.3703,7.60031
83.4412,7.45452
83.5906,7.16742
83.6514,7.05335
83.811,6.77284
83.8616,6.68582
84.0313,6.41493
84.1419,6.24155
84.1782,6.18876
84.4306,5.82901
84.472,5.77432
84.7279,5.44451
84.7699,5.39428
85.0252,5.09679
85.0679,5.05042
85.3224,4.78027
85.3658,4.73725
85.6218,4.48873
85.6637,4.45057
85.9233,4.21926
85.9659,4.1836
86.2247,3.97127
86.268,3.93779
86.5262,3.74262
86.7212,3.60338
86.8298,3.52783
87.1355,3.32676
87.1787,3.29983
87.4412,3.14027
87.6383,3.02661
87.7469,2.96539
88.0425,2.80715
88.0979,2.77931
88.4709,2.59662
88.691,2.49566
88.8992,2.4026
89.1933,2.27828
89.284,2.2418
89.4958,2.1591
89.7982,2.04658
89.889,2.01467
90.1764,1.9167
90.5231,1.80575
90.5545,1.79601
90.857,1.70773
91.1572,1.62485
91.1595,1.62423
91.462,1.54837
91.7191,1.48753
91.8002,1.46938
91.9762,1.43174
92.2334,1.38013
92.4262,1.34365
92.4432,1.34061
92.6266,1.30962
92.8535,1.27381
93.0114,1.2506
93.035,1.24736
93.2165,1.22423
93.3867,1.20421
93.5228,1.18939
93.5795,1.18367
93.6589,1.17659
93.7894,1.166
93.9028,1.15762
94.0162,1.15003
94.1297,1.14325
94.2261,1.13817
94.2346,1.13782
94.3339,1.13439
94.4133,1.13212
94.4927,1.13028
94.5607,1.12906
94.6316,1.12813
94.6609,1.12789
94.7025,1.12804
94.7592,1.1285
94.8122,1.12914
94.8651,1.13
94.9181,1.13106
94.971,1.13234
95.0183,1.13367
95.0561,1.13486
95.0939,1.13616
95.1223,1.13721
95.1601,1.13871
95.1827,1.13968
95.1979,1.14055
95.2281,1.14238
95.2546,1.14404
95.2773,1.14551
95.3,1.14702
95.3283,1.14897
95.3529,1.15072
95.3718,1.1521
95.3907,1.15351
95.4096,1.15495
95.4323,1.15672
95.4474,1.15793
95.4626,1.15915
95.4767,1.16032
95.49,1.16142
95.5032,1.16255
95.5164,1.16368
95.5325,1.16508
95.5467,1.16634
95.5609,1.16761
95.5722,1.16864
95.5836,1.16969
95.5944,1.1707
95.6044,1.17163
95.6143,1.17257
95.6233,1.17343
95.6346,1.17453
95.645,1.17555
95.6545,1.17648
95.6658,1.17761
95.6753,1.17856
95.6838,1.17942
95.6923,1.18029
95.7008,1.18117
95.7112,1.18225
95.7135,1.18249
95.7225,1.18344
95.7329,1.18454
95.7372,1.18499
95.7414,1.18551
95.7499,1.18656
95.7584,1.18761
95.7688,1.18891
95.7764,1.18986
95.7859,1.19106
95.7953,1.19226
95.8067,1.19372
95.818,1.19518
95.8293,1.19667
95.8407,1.19816
95.852,1.19967
95.8634,1.20119
95.8747,1.20272
95.888,1.20452
95.9021,1.20647
95.9163,1.20844
95.9296,1.2103
95.9428,1.21218
95.956,1.21407
95.9693,1.21598
95.9844,1.21819
95.9995,1.22042
96.0146,1.22268
96.0297,1.22495
96.0487,1.22783
96.0676,1.23075
96.0865,1.23371
96.111,1.23761
96.1281,1.24035
96.1507,1.24404
96.1734,1.24813
96.2027,1.2535
96.2226,1.25718
96.2491,1.26217
96.2755,1.26723
96.3115,1.27422
96.3493,1.28175
96.3871,1.28943
96.4249,1.29729
96.4646,1.30572
96.51,1.31559
96.544,1.32317
96.5553,1.32589
96.6007,1.33702
96.648,1.34889
96.7009,1.36253
96.7539,1.37652
96.8068,1.39089
96.8616,1.40617
96.9221,1.42352
96.9524,1.43244
96.9826,1.44196
97.0431,1.46153
97.1074,1.4829
97.183,1.50885
97.2587,1.53568
97.3343,1.56342
97.3607,1.57346
97.4137,1.59483
97.4818,1.62316
97.5725,1.66218
97.6633,1.70267
97.754,1.7447
97.8145,1.77372
97.8334,1.78327
97.9393,1.83875
98.0452,1.89657
98.1472,1.9547
98.151,1.95695
98.2456,2.01537
98.3477,2.08086
98.4498,2.14895
98.48,2.16992
98.5518,2.22175
98.6539,2.29821
98.7598,2.38062
98.7825,2.39902
98.8733,2.47544
98.9867,2.57502
99.085,2.66503
99.1001,2.67942
99.2136,2.79187
99.327,2.90909
99.3875,2.97432
99.4404,3.03359
99.5539,3.16596
99.6673,3.30403
99.69,3.33285
99.7807,3.45256
99.8942,3.60861
99.9925,3.75018
100.023,3.79524
100.159,4.00829
100.219,4.10805
100.295,4.23645
100.431,4.47991
100.446,4.50845
100.567,4.74353
100.673,4.9605
100.703,5.02445
100.84,5.32799
100.9,5.47053
100.976,5.65436
101.112,6.00402
101.127,6.04516
101.248,6.38474
101.354,6.69939
101.384,6.79236
101.52,7.23552
101.581,7.4446
101.656,7.71503
101.792,8.23192
101.808,8.29307
101.928,8.79628
101.959,8.93032
102.065,9.41078
102.11,9.63047
102.201,10.0802
102.246,10.3205
102.337,10.812
102.382,11.0751
102.473,11.6136
102.518,11.9023
102.609,12.4938
102.655,12.8115
102.745,13.4627
102.791,13.8128
102.878,14.5011
102.927,14.9188
103.002,15.5786
103.063,16.1451
103.127,16.7637
103.199,17.5075
103.252,18.07
103.312,18.7545
103.335,19.0176
103.418,20.0335
103.426,20.1309
103.502,21.1298
103.539,21.6627
103.615,22.7563
103.653,23.3466
103.728,24.5592
103.766,25.2063
103.804,25.8719
103.88,27.2761
103.955,28.8035
103.993,29.6117
104.031,30.4448
104.106,32.2095
104.182,34.1433
104.197,34.5387
104.258,36.2403
104.288,37.1105
104.333,38.5188
104.379,39.9598
104.409,40.9994
104.469,43.1251
104.477,43.4096
104.53,45.4437
104.545,46.0585
104.59,47.9444
104.613,48.9528
104.67,51.5319
104.681,52.0899
104.749,55.5172
104.817,59.3265
104.829,59.9784
104.882,63.237
104.885,63.4837
104.935,66.7748
104.953,68.1181
104.988,70.6054
105.026,73.5939
105.037,74.4401
105.099,79.7499
105.105,80.2821
105.147,84.2707
105.15,84.562
105.196,89.1864
105.241,94.202
105.244,94.5574
105.286,99.6469
105.292,100.421
105.332,105.572
105.341,106.841
105.377,112.027
105.382,112.725
105.422,119.138
105.431,120.596
105.463,126.135
105.486,130.183
105.504,133.66
105.522,137.219
105.545,141.938
105.559,144.84
105.586,151.004
105.595,153.112
105.627,160.963
105.631,162.115
105.667,171.939
105.713,185.564
105.743,195.583
105.773,206.449
105.804,218.266
105.834,231.152
105.864,245.244
105.894,260.703
105.922,275.952
105.923,276.854
105.946,290.708
105.95,293.652
105.97,306.722
105.977,312.073
105.994,324.148
106.005,332.345
106.018,343.167
106.032,354.735
106.043,363.987
106.059,379.565
106.067,386.856
106.086,407.22
106.091,412.047
106.107,430.202
106.114,438.171
106.127,455.265
106.135,465.005
106.148,483.813
106.156,494.544
106.17,515.321
106.177,527.189
106.191,550.229
106.198,563.403
106.212,589.053
106.219,603.736
106.233,632.099
106.235,636.957
106.249,667.978
106.251,673.272
106.265,707.147
106.267,712.935
106.281,749.401
106.281,749.838
106.297,796.813
106.297,797.732
106.311,843.961
106.313,851.015
106.326,895.374
106.33,909.785
106.34,951.5
106.346,974.703
106.355,1012.82
106.362,1046.5
106.369,1079.87
106.379,1125.97
106.384,1153.21
106.395,1213.97
106.398,1233.28
106.408,1289.04
106.413,1321.53
106.421,1376.3
106.426,1411.7
106.435,1471.33
106.44,1509.84
106.448,1574.71
106.454,1616.58
106.462,1687.08
106.467,1732.54
106.476,1809.06
106.481,1858.2
106.488,1926.27
106.497,2025.98
106.5,2051.47
106.51,2158.66
106.512,2185.95
106.522,2300.58
106.524,2329.76
106.534,2452.12
106.536,2483.24
106.546,2615.07
106.554,2732.81
106.564,2876.43
106.572,3005.05
106.582,3161.23
106.591,3300.87
106.6,3469.63
106.609,3620.22
106.618,3801.26
106.627,3962.49
106.637,4155.2
106.645,4326.84
106.661,4660.0
106.669,4842.33
106.685,5195.76
106.7,5526.56
106.727,6178.24
106.766,7086.34
106.776,7306.85
106.79,7632.47
106.8,7838.86
106.814,8141.57
106.824,8327.94
106.839,8598.04
106.848,8760.93
106.857,8897.49
106.867,9037.77
106.872,9112.48
106.888,9306.92
106.89,9326.82
106.91,9499.06
106.911,9508.38
106.928,9596.64
106.929,9601.84
106.948,9636.1
106.949,9636.75
106.949,9636.26
106.965,9612.54
106.969,9594.22
106.983,9531.45
106.988,9497.35
107.001,9392.33
107.006,9342.7
107.022,9163.99
107.028,9074.42
107.043,8870.38
107.051,8731.5
107.064,8513.52
107.073,8330.51
107.086,8094.43
107.095,7890.34
107.115,7472.33
107.124,7250.8
107.158,6462.69
107.207,5327.19
107.208,5299.74
107.232,4757.45
107.233,4731.28
107.25,4369.72
107.269,3977.8
107.289,3610.43
107.308,3269.14
107.323,3031.24
107.324,3011.78
107.34,2772.82
107.342,2736.87
107.358,2517.95
107.36,2484.95
107.37,2360.32
107.372,2329.69
107.382,2212.88
107.384,2184.18
107.394,2074.91
107.396,2048.07
107.406,1946.04
107.409,1920.99
107.418,1826.11
107.422,1791.23
107.432,1702.32
107.436,1660.88
107.447,1576.88
107.451,1541.39
107.461,1462.29
107.465,1432.09
107.476,1357.77
107.48,1332.24
107.491,1262.5
107.494,1241.07
107.506,1175.72
107.509,1157.87
107.521,1096.68
107.524,1081.95
107.535,1024.92
107.54,1004.54
107.553,948.776
107.553,945.582
107.567,891.56
107.567,890.145
107.581,841.937
107.582,836.75
107.594,796.252
107.597,787.978
107.612,743.016
107.612,740.762
107.626,702.213
107.631,691.008
107.641,664.584
107.649,646.192
107.661,618.874
107.667,605.602
107.681,577.906
107.687,565.935
107.7,541.041
107.708,527.564
107.718,510.128
107.729,493.11
107.737,481.84
107.749,464.167
107.75,462.006
107.771,433.905
107.773,432.033
107.792,408.419
107.797,403.324
107.814,385.175
107.821,377.446
107.835,363.91
107.845,354.047
107.857,343.068
107.87,332.804
107.882,322.796
107.894,313.438
107.906,304.331
107.924,291.53
107.93,287.384
107.954,271.814
107.979,257.565
107.985,254.204
108.003,244.394
108.015,238.298
108.039,226.424
108.045,223.669
108.069,212.93
108.075,210.415
108.1,200.602
108.106,198.3
108.13,189.307
108.136,187.193
108.16,178.94
108.169,176.024
108.19,169.385
108.202,165.805
108.22,160.562
108.236,156.432
108.251,152.396
108.269,147.813
108.281,144.824
108.302,139.883
108.315,136.961
108.349,129.671
108.352,129.058
108.383,122.975
108.402,119.466
108.417,116.734
108.444,112.264
108.468,108.212
108.485,105.618
108.519,100.55
108.527,99.4921
108.553,95.8752
108.568,93.9171
108.595,90.5837
108.631,86.3164
108.636,85.6635
108.678,81.1427
108.693,79.5865
108.72,76.9339
108.735,75.4974
108.761,73.0423
108.791,70.4134
108.824,67.6934
108.848,65.7654
108.886,62.8751
108.905,61.5189
108.931,59.6672
108.962,57.6832
108.999,55.2627
109.018,54.1401
109.067,51.2901
109.075,50.8823
109.136,47.7128
109.16,46.5125
109.204,44.4516
109.226,43.4492
109.275,41.3351
109.302,40.2643
109.328,39.2227
109.378,37.3841
109.381,37.2464
109.453,34.7866
109.461,34.5341
109.529,32.4215
109.54,32.078
109.604,30.2639
109.62,29.8473
109.68,28.291
109.699,27.8186
109.778,25.9628
109.794,25.631
109.858,24.2704
109.907,23.2931
109.937,22.7114
110.017,21.2761
110.02,21.2116
110.096,19.9654
110.134,19.3776
110.175,18.7512
110.247,17.73
110.255,17.6256
110.334,16.5912
110.361,16.2649
110.414,15.6313
110.47,14.992
110.493,14.7396
110.57,13.9418
110.613,13.5125
110.645,13.2078
110.72,12.5242
110.756,12.2144
110.796,11.8849
110.871,11.2865
110.899,11.0723
110.945,10.741
111.015,10.2516
111.049,10.019
111.085,9.79188
111.155,9.36042
111.207,9.05403
111.225,8.95143
111.295,8.57104
111.364,8.21182
111.367,8.20012
111.438,7.85817
111.51,7.53145
111.522,7.47933
111.581,7.22982
111.653,6.94398
111.715,6.70678
111.791,6.44004
111.848,6.24886
111.887,6.12627
111.906,6.06754
111.963,5.89839
112.011,5.76263
112.058,5.63189
112.068,5.60694
112.125,5.46359
112.182,5.32641
112.24,5.1952
112.249,5.1743
112.297,5.07532
112.34,4.98995
112.383,4.90768
112.426,4.82844
112.44,4.80293
112.46,4.76904
112.501,4.70372
112.542,4.64099
112.583,4.58082
112.62,4.52719
112.655,4.47959
112.69,4.43378
112.696,4.42644
112.725,4.3931
112.757,4.35796
112.786,4.32728
112.815,4.29779
112.845,4.26948
112.871,4.24501
112.894,4.22405
112.917,4.20383
112.929,4.19408
112.941,4.1855
112.962,4.17006
112.983,4.15623
113.003,4.14295
113.023,4.13022
113.044,4.11804
113.064,4.10641
113.085,4.09531
113.1,4.08735
113.115,4.07969
113.133,4.0713
113.15,4.06331
113.168,4.05571
113.173,4.05331
113.185,4.04966
113.202,4.04459
113.217,4.04066
113.23,4.03735
113.243,4.03426
113.256,4.03139
113.269,4.02873
113.278,4.02708
113.293,4.02454
113.307,4.02227
113.322,4.02026
113.336,4.01852
113.351,4.01704
113.365,4.01583
113.38,4.01488
113.395,4.0142
113.41,4.01376
113.425,4.01361
113.44,4.01376
113.456,4.01419
113.464,4.0146
113.471,4.01556
113.486,4.0181
113.507,4.02194
113.527,4.02629
113.547,4.03114
113.569,4.03691
113.592,4.04371
113.616,4.05118
113.639,4.05931
113.665,4.06925
113.694,4.08128
113.723,4.09434
113.752,4.10845
113.767,4.11605
113.784,4.12626
113.819,4.14811
113.854,4.17147
113.86,4.17561
113.889,4.19815
113.927,4.22914
113.968,4.2645
114.009,4.30192
114.049,4.3414
114.093,4.386
114.14,4.43622
114.186,4.48917
114.233,4.5494
114.285,4.62049
114.343,4.70363
114.401,4.79119
114.46,4.88322
114.524,4.9897
114.535,5.01012
114.594,5.11757
114.663,5.25326
114.733,5.39581
114.815,5.57098
114.838,5.62401
114.908,5.78909
115.001,6.02221
115.094,6.26872
115.141,6.39931
115.199,6.5681
115.286,6.83511
115.373,7.11513
115.461,7.40862
115.49,7.51189
115.577,7.83116
115.676,8.21336
115.781,8.63937
115.839,8.88879
115.886,9.09286
115.99,9.57604
116.072,9.97145
116.095,10.0864
116.2,10.6301
116.305,11.2017
116.444,12.0224
116.537,12.6068
116.584,12.9037
116.724,13.8545
116.77,14.1916
116.846,14.7477
116.968,15.699
117.003,15.987
117.09,16.7178
117.213,17.8015
117.236,18.0204
117.335,18.9642
117.457,20.2001
117.469,20.325
117.579,21.5286
117.702,22.9403
117.824,24.4612
117.934,25.9233
117.946,26.0795
118.074,27.9085
118.167,29.3324
118.214,30.0551
118.353,32.384
118.4,33.2194
118.493,34.9116
118.575,36.5065
118.633,37.6587
118.749,40.1438
118.772,40.6467
118.912,43.9046
118.925,44.2278
119.052,47.4669
119.103,48.8838
119.192,51.3608
119.281,54.0847
119.331,55.6249
119.459,59.9085
119.471,60.303
119.601,65.0992
119.637,66.5376
119.727,70.1558
119.815,74.0267
119.853,75.6759
119.955,80.6021
119.978,81.734
120.095,87.8932
120.104,88.3915
120.225,95.444
120.235,96.0334
120.337,102.587
120.374,105.172
120.449,110.401
120.514,115.374
120.561,118.968
120.654,126.797
120.672,128.382
120.784,138.764
120.793,139.712
120.886,149.279
120.896,150.244
120.98,159.775
121.007,162.98
121.073,171.075
121.082,172.241
121.157,182.204
121.166,183.536
121.231,192.938
121.259,197.253
121.305,204.506
121.343,210.729
121.38,217.013
121.454,230.667
121.478,234.985
121.543,248.078
121.566,253.074
121.608,262.154
121.641,269.708
121.673,277.323
121.715,287.812
121.739,293.689
121.79,307.558
121.804,311.374
121.864,329.14
121.869,330.518
121.927,348.986
121.932,350.585
122.004,375.591
122.023,382.665
122.081,404.972
122.083,405.953
122.144,431.649
122.158,437.627
122.204,459.597
122.234,473.994
122.265,489.648
122.286,500.575
122.325,523.001
122.357,541.095
122.386,559.277
122.425,584.442
122.457,606.657
122.494,632.739
122.528,659.317
122.539,668.015
122.576,698.314
122.585,706.142
122.623,740.597
122.631,747.373
122.671,786.536
122.676,792.045
122.718,837.048
122.735,855.196
122.766,891.934
122.794,925.642
122.824,966.003
122.833,977.128
122.872,1032.79
122.883,1049.88
122.911,1092.98
122.922,1111.53
122.95,1158.24
122.961,1178.39
122.989,1229.13
123.0,1251.3
123.039,1329.49
123.073,1403.0
123.079,1416.14
123.107,1482.43
123.129,1539.37
123.14,1568.09
123.162,1629.87
123.174,1660.98
123.196,1728.0
123.207,1761.77
123.229,1834.62
123.241,1871.32
123.263,1950.47
123.272,1983.7
123.297,2076.61
123.302,2098.22
123.33,2214.29
123.332,2222.09
123.362,2356.31
123.392,2501.96
123.421,2660.18
123.451,2832.27
123.481,3019.65
123.509,3210.64
123.511,3224.32
123.535,3403.51
123.54,3447.85
123.561,3611.66
123.57,3691.52
123.587,3836.32
123.598,3939.85
123.613,4078.84
123.624,4190.61
123.639,4340.62
123.65,4461.19
123.665,4623.0
123.676,4752.94
123.691,4927.32
123.703,5066.86
123.716,5230.67
123.729,5406.87
123.749,5685.4
123.755,5767.82
123.781,6154.6
123.783,6182.4
123.816,6723.02
123.85,7307.76
123.883,7935.56
123.92,8680.81
123.928,8837.85
123.958,9469.28
123.973,9799.56
124.014,10710.9
124.084,12309.7
124.096,12582.1
124.129,13281.4
124.139,13499.5
124.171,14119.2
124.182,14335.5
124.204,14711.6
124.21,14812.7
124.239,15260.7
124.241,15281.7
124.269,15628.1
124.297,15896.2
124.298,15905.8
124.325,16079.7
124.333,16111.2
124.353,16176.6
124.359,16183.8
124.366,16190.8
124.386,16165.2
124.394,16152.2
124.414,16063.8
124.423,16021.1
124.442,15874.1
124.454,15781.0
124.47,15601.3
124.489,15391.6
124.498,15260.0
124.523,14892.6
124.527,14830.2
124.558,14301.3
124.559,14283.5
124.602,13456.8
124.605,13402.4
124.666,12094.0
124.673,11955.0
124.755,10168.9
124.762,10007.2
124.8,9234.27
124.807,9080.54
124.844,8355.13
124.852,8210.94
124.878,7737.53
124.885,7603.08
124.911,7161.31
124.919,7035.92
124.945,6626.46
124.952,6510.29
124.978,6132.85
124.986,6025.81
125.012,5676.34
125.038,5350.68
125.045,5263.41
125.064,5046.82
125.071,4965.65
125.09,4764.03
125.098,4688.54
125.116,4501.01
125.124,4430.82
125.142,4256.49
125.15,4191.26
125.168,4029.22
125.176,3968.59
125.194,3817.98
125.202,3761.87
125.224,3594.62
125.228,3568.77
125.254,3388.97
125.284,3199.55
125.314,3024.85
125.343,2863.55
125.373,2714.42
125.403,2578.73
125.418,2511.31
125.433,2449.74
125.451,2373.38
125.478,2274.69
125.489,2232.73
125.511,2155.45
125.526,2104.29
125.548,2033.47
125.563,1986.6
125.586,1921.59
125.6,1878.56
125.623,1818.76
125.638,1779.17
125.66,1724.05
125.675,1687.55
125.697,1637.52
125.731,1562.98
125.735,1555.47
125.772,1480.84
125.778,1467.86
125.813,1404.97
125.826,1381.34
125.857,1328.58
125.873,1302.39
125.902,1258.38
125.921,1230.18
125.947,1193.71
125.968,1163.96
125.992,1134.01
126.016,1103.08
126.036,1078.79
126.063,1047.03
126.103,1003.26
126.111,995.177
126.148,957.902
126.171,934.757
126.204,905.082
126.232,879.828
126.26,856.633
126.292,829.762
126.316,812.086
126.353,783.996
126.371,771.028
126.413,742.044
126.427,733.102
126.474,703.488
126.483,697.994
126.534,668.011
126.567,650.275
126.595,635.195
126.632,616.617
126.67,598.173
126.707,581.23
126.744,564.413
126.781,548.923
126.818,533.545
126.856,519.347
126.893,505.247
126.93,492.198
126.967,479.237
127.005,467.214
127.042,455.271
127.079,444.361
127.154,422.683
127.233,401.82
127.238,400.6
127.317,381.479
127.331,378.125
127.401,362.687
127.424,357.573
127.484,345.296
127.517,338.726
127.568,329.169
127.61,321.407
127.694,307.007
127.703,305.42
127.82,287.304
127.843,283.707
127.922,272.51
127.936,270.547
128.043,256.678
128.066,253.684
128.164,242.22
128.197,238.424
128.285,229.002
128.327,224.569
128.406,216.883
128.458,211.942
128.527,205.735
128.588,200.39
128.648,195.45
128.718,189.785
128.769,185.936
128.849,180.025
128.9,176.476
128.979,171.026
129.04,167.192
129.147,160.452
129.179,158.579
129.314,150.867
129.319,150.623
129.459,143.348
129.482,142.142
129.598,136.592
129.65,134.166
129.808,127.249
129.817,126.845
129.947,121.61
129.985,120.123
130.134,114.609
130.152,113.924
130.32,108.195
130.506,102.323
130.693,96.9142
130.879,91.9168
131.065,87.3657
131.158,85.1051
131.344,81.0201
131.438,78.9933
131.624,75.3131
131.717,73.4865
131.903,70.1551
131.996,68.5011
132.182,65.4718
132.276,63.9674
132.462,61.2013
132.555,59.8272
132.741,57.2914
132.834,56.0314
133.021,53.698
133.114,52.5384
133.3,50.3845
133.393,49.3141
133.579,47.3238
133.673,46.3346
133.859,44.5035
134.045,42.6839
134.231,41.0075
134.417,39.3435
134.604,37.8072
134.79,36.2823
134.976,34.8683
135.163,33.4649
135.349,32.1579
135.535,30.8609
135.721,29.6481
135.908,28.4442
136.047,27.5956
136.28,26.1925
136.466,25.137
136.652,24.0922
136.853,23.0371
137.118,21.6584
137.24,21.0593
137.491,19.8441
137.627,19.2164
137.93,17.843
138.014,17.4812
138.329,16.1508
138.406,15.8452
138.699,14.6884
138.729,14.5736
138.993,13.6016
139.11,13.1761
139.286,12.5717
139.482,11.9132
139.58,11.6017
139.792,10.9427
139.86,10.7418
140.083,10.1051
140.141,9.94978
140.342,9.42583
140.421,9.23162
140.557,8.91139
140.701,8.5952
140.759,8.47631
140.931,8.14461
140.982,8.05457
141.075,7.90159
141.212,7.69552
141.262,7.62626
141.341,7.52893
141.449,7.41005
141.553,7.32203
141.636,7.26238
141.643,7.25827
141.715,7.22509
141.787,7.19931
141.822,7.19003
141.848,7.18844
141.911,7.19068
141.961,7.19722
142.011,7.20816
142.06,7.22306
142.096,7.24517
142.141,7.27636
142.176,7.30424
142.212,7.33481
142.248,7.36817
142.254,7.37355
142.275,7.4001
142.302,7.43494
142.324,7.46403
142.349,7.49936
142.374,7.53623
142.399,7.57467
142.423,7.6118
142.441,7.64141
142.444,7.64824
142.466,7.69045
142.487,7.73391
142.504,7.76923
142.523,7.80921
142.542,7.8502
142.561,7.89222
142.58,7.93529
142.599,7.97943
142.613,8.01383
142.615,8.01866
142.631,8.06297
142.647,8.1081
142.663,8.15407
142.68,8.20089
142.696,8.24857
142.712,8.29713
142.728,8.34657
142.746,8.40256
142.764,8.45969
142.782,8.51798
142.8,8.57743
142.807,8.60167
142.816,8.63459
142.832,8.69482
142.849,8.75606
142.865,8.81831
142.881,8.88159
142.897,8.94592
142.919,9.03335
142.929,9.07803
142.94,9.12572
142.962,9.22307
142.983,9.32244
143.005,9.42387
143.026,9.52741
143.048,9.63311
143.071,9.7501
143.073,9.75931
143.096,9.88676
143.122,10.0272
143.147,10.1708
143.176,10.339
143.2,10.4844
143.21,10.5452
143.232,10.6914
143.264,10.9077
143.298,11.1366
143.334,11.3917
143.339,11.4312
143.37,11.6673
143.406,11.9536
143.443,12.2638
143.476,12.5379
143.508,12.8353
143.54,13.1408
143.583,13.5612
143.618,13.9052
143.619,13.9239
143.655,14.3175
143.693,14.744
143.731,15.1841
143.763,15.5735
143.769,15.6419
143.806,16.1358
143.857,16.8187
143.907,17.5311
143.957,18.3079
144.008,19.1181
144.015,19.2385
144.051,19.8637
144.094,20.6416
144.122,21.1796
144.137,21.4589
144.18,22.3279
144.223,23.2294
144.23,23.3859
144.273,24.358
144.326,25.5949
144.327,25.6301
144.381,27.0125
144.435,28.4615
144.445,28.7453
144.489,30.0266
144.535,31.4264
144.544,31.7109
144.6,33.5752
144.624,34.4307
144.656,35.5731
144.712,37.705
144.714,37.7771
144.768,40.0201
144.8,41.3989
144.824,42.4972
144.876,44.9457
144.884,45.3393
144.928,47.5883
144.968,49.7611
144.979,50.4016
145.031,53.4354
145.052,54.7239
145.083,56.6946
145.135,60.1749
145.136,60.2771
145.186,63.9656
145.221,66.6391
145.238,68.021
145.29,72.4045
145.307,73.9529
145.342,77.1553
145.393,82.2473
145.445,87.8095
145.451,88.4668
145.497,93.8468
145.508,95.2789
145.548,100.41
145.566,102.755
145.6,107.558
145.623,110.977
145.652,115.354
145.678,119.567
145.704,123.878
145.73,128.496
145.755,133.222
145.781,138.292
145.807,143.483
145.833,149.064
145.859,154.782
145.885,160.862
145.893,162.94
145.937,173.996
145.944,175.887
145.988,188.501
145.991,189.336
146.039,204.172
146.04,204.657
146.082,219.065
146.086,220.592
146.118,232.534
146.129,237.116
146.149,245.342
146.177,257.132
146.181,259.044
146.224,279.468
146.253,294.403
146.272,304.647
146.282,310.321
146.31,327.44
146.319,332.875
146.339,345.925
146.366,364.385
146.368,365.701
146.397,387.163
146.397,387.732
146.423,408.743
146.429,413.348
146.46,441.034
146.46,441.423
146.485,465.319
146.491,471.643
146.51,491.025
146.523,505.195
146.535,518.711
146.554,542.033
146.559,548.567
146.582,578.02
146.584,580.905
146.609,616.096
146.619,630.874
146.631,649.562
146.643,669.832
146.652,685.694
146.667,712.204
146.674,724.689
146.692,758.383
146.696,766.841
146.716,808.804
146.718,812.479
146.74,862.012
146.741,864.099
146.762,915.912
146.765,925.009
146.784,974.528
146.788,987.74
146.804,1034.93
146.811,1056.49
146.825,1100.52
146.834,1131.85
146.846,1171.84
146.857,1214.54
146.866,1249.43
146.88,1305.36
146.887,1333.93
146.903,1405.18
146.908,1425.98
146.926,1514.94
146.928,1526.31
146.949,1635.64
146.968,1742.16
146.973,1776.03
146.986,1856.53
146.997,1930.94
147.004,1979.15
147.022,2101.65
147.023,2110.46
147.041,2253.62
147.046,2290.0
147.06,2407.39
147.07,2496.81
147.078,2571.48
147.094,2723.52
147.104,2828.18
147.118,2970.43
147.129,3084.27
147.142,3238.69
147.153,3361.8
147.167,3528.57
147.177,3660.93
147.191,3839.99
147.201,3982.19
147.221,4254.3
147.225,4321.82
147.248,4663.46
147.253,4734.76
147.276,5095.66
147.294,5395.95
147.317,5774.84
147.391,7013.97
147.409,7320.33
147.432,7684.49
147.449,7943.82
147.46,8110.85
147.475,8323.14
147.489,8503.68
147.502,8664.02
147.518,8847.07
147.527,8940.99
147.547,9131.97
147.549,9157.87
147.569,9307.4
147.572,9329.24
147.595,9449.09
147.596,9453.6
147.62,9530.25
147.62,9530.57
147.629,9539.65
147.643,9548.19
147.655,9532.92
147.669,9507.92
147.681,9466.11
147.692,9417.97
147.709,9317.32
147.715,9280.65
147.738,9095.32
147.742,9060.94
147.767,8806.31
147.773,8738.55
147.796,8462.36
147.804,8353.3
147.823,8089.04
147.835,7917.38
147.865,7469.09
147.878,7255.41
147.975,5694.46
147.977,5657.75
148.01,5158.41
148.016,5055.49
148.042,4683.71
148.049,4587.32
148.073,4254.8
148.074,4239.18
148.097,3943.32
148.099,3914.17
148.121,3652.52
148.127,3584.76
148.145,3381.53
148.154,3281.77
148.173,3095.69
148.182,3004.25
148.191,2919.3
148.21,2751.87
148.228,2599.14
148.237,2523.9
148.246,2453.97
148.26,2350.69
148.265,2318.51
148.283,2191.82
148.304,2060.96
148.306,2046.69
148.327,1926.88
148.329,1913.82
148.35,1804.26
148.352,1792.32
148.373,1692.14
148.375,1681.21
148.396,1589.57
148.398,1579.57
148.419,1495.67
148.421,1486.52
148.442,1410.26
148.45,1381.15
148.465,1331.44
148.479,1286.43
148.49,1253.17
148.507,1201.11
148.517,1176.49
148.536,1124.06
148.543,1106.71
148.565,1054.32
148.57,1043.07
148.594,991.032
148.597,984.878
148.622,933.427
148.623,931.552
148.65,882.691
148.651,880.884
148.677,838.024
148.685,825.559
148.707,790.986
148.718,775.421
148.742,742.809
148.751,729.828
148.776,699.042
148.785,688.269
148.81,659.15
148.818,650.267
148.844,622.674
148.851,615.416
148.878,589.224
148.885,583.366
148.913,558.461
148.918,553.813
148.947,530.242
148.958,521.137
148.987,499.705
148.999,491.297
149.033,467.786
149.039,463.944
149.079,438.825
149.119,415.752
149.125,412.657
149.16,394.438
149.171,388.809
149.217,366.703
149.22,365.344
149.263,346.469
149.309,327.879
149.355,310.72
149.361,308.73
149.418,289.208
149.424,287.291
149.476,271.489
149.493,266.314
149.533,255.208
149.562,247.411
149.591,240.223
149.634,229.622
149.648,226.367
149.706,213.561
149.712,212.3
149.763,201.844
149.789,196.7
149.829,189.299
149.867,182.549
149.904,176.284
149.944,169.661
149.979,164.373
150.022,157.882
150.054,153.45
150.108,145.928
150.128,143.348
150.195,135.017
150.203,134.002
150.278,125.35
150.281,125.023
150.353,117.355
150.367,115.845
150.427,109.937
150.453,107.379
150.501,103.058
150.551,98.5668
150.611,93.5077
150.643,90.9234
150.722,84.8366
150.735,83.8658
150.827,77.3579
150.833,76.9742
150.915,71.6213
150.943,69.8809
150.98,67.6601
151.002,66.3822
151.081,61.9703
151.089,61.5589
151.176,57.1643
151.182,56.8598
151.249,53.7727
151.251,53.6974
151.317,50.9623
151.318,50.9037
151.384,48.4419
151.385,48.3982
151.447,46.3801
151.451,46.2392
151.493,45.0636
151.518,44.3911
151.539,43.9068
151.574,43.1572
151.581,43.018
151.613,42.4751
151.643,42.0271
151.645,42.006
151.676,41.6941
151.7,41.5077
151.705,41.4813
151.724,41.4321
151.749,41.4191
151.767,41.4487
151.774,41.4853
151.793,41.6194
151.811,41.7886
151.815,41.8278
151.829,42.0333
151.845,42.2951
151.861,42.5874
151.863,42.6235
151.877,42.9699
151.893,43.3937
151.909,43.8535
151.914,44.0184
151.922,44.3076
151.936,44.8174
151.945,45.1733
151.958,45.7326
151.971,46.3234
151.973,46.4068
151.985,47.0681
151.996,47.6612
152.007,48.2777
152.017,48.9187
152.026,49.4777
152.031,49.844
152.045,50.8031
152.058,51.8068
152.062,52.087
152.071,52.9092
152.085,54.08
152.097,55.2211
152.098,55.2646
152.11,56.483
152.122,57.7491
152.133,58.9674
152.134,59.071
152.146,60.5206
152.158,62.0259
152.168,63.4212
152.172,63.9137
152.186,65.9717
152.2,68.1238
152.204,68.687
152.214,70.4709
152.229,72.9571
152.239,74.9083
152.243,75.595
152.257,78.4657
152.271,81.4696
152.275,82.2563
152.285,84.7431
152.299,88.2129
152.31,90.94
152.314,91.8977
152.328,95.908
152.34,99.4422
152.345,100.942
152.352,103.235
152.364,107.263
152.376,111.46
152.378,112.433
152.388,115.985
152.401,121.108
152.404,122.404
152.414,126.822
152.427,132.866
152.429,133.713
152.441,139.421
152.454,146.339
152.454,146.582
152.467,153.887
152.481,161.836
152.494,170.543
152.507,179.717
152.52,189.788
152.534,200.416
152.544,209.715
152.555,219.434
152.56,224.519
152.566,229.777
152.576,240.777
152.578,242.697
152.587,252.558
152.596,262.886
152.598,265.008
152.608,278.342
152.613,284.169
152.619,292.531
152.629,306.313
152.63,307.596
152.64,323.759
152.645,330.829
152.651,340.97
152.661,357.698
152.662,359.256
152.672,378.891
152.677,387.487
152.683,399.815
152.693,420.165
152.694,422.059
152.704,445.952
152.709,456.511
152.719,480.726
152.725,496.449
152.733,518.682
152.74,537.401
152.747,560.131
152.753,578.91
152.762,605.389
152.767,624.06
152.776,654.767
152.781,673.125
152.79,707.209
152.795,726.443
152.804,763.458
152.809,784.324
152.818,824.465
152.823,847.076
152.832,890.554
152.836,915.022
152.845,962.057
152.85,989.497
152.86,1041.35
152.865,1071.05
152.875,1131.47
152.879,1159.01
152.89,1229.01
152.893,1253.78
152.904,1334.65
152.914,1409.66
152.919,1448.02
152.934,1569.72
152.936,1582.01
152.951,1719.97
152.957,1773.21
152.968,1881.61
152.976,1960.44
152.985,2055.07
152.995,2162.49
153.002,2240.33
153.014,2379.3
153.019,2437.38
153.036,2645.7
153.04,2690.94
153.054,2865.4
153.069,3076.68
153.078,3203.21
153.102,3538.63
153.109,3644.12
153.133,4005.29
153.181,4746.75
153.21,5179.24
153.215,5264.57
153.238,5594.6
153.241,5635.12
153.261,5904.23
153.269,6016.89
153.286,6223.88
153.298,6357.38
153.312,6507.04
153.32,6589.57
153.335,6724.74
153.342,6784.47
153.358,6890.14
153.368,6954.86
153.38,7015.49
153.389,7052.87
153.4,7085.75
153.413,7116.9
153.42,7122.59
153.432,7128.31
153.437,7126.02
153.439,7124.11
153.456,7092.66
153.459,7086.73
153.475,7028.54
153.476,7027.16
153.494,6930.06
153.496,6920.2
153.517,6778.51
153.522,6735.38
153.537,6605.8
153.548,6504.84
153.568,6303.86
153.573,6239.15
153.597,5958.57
153.599,5940.71
153.627,5578.0
153.65,5271.68
153.673,4964.69
153.71,4458.63
153.732,4150.84
153.741,4038.73
153.761,3780.32
153.764,3744.77
153.786,3464.08
153.789,3429.49
153.809,3199.32
153.817,3102.11
153.827,2994.55
153.839,2873.51
153.849,2772.89
153.86,2659.93
153.87,2566.5
153.881,2461.73
153.891,2375.45
153.903,2278.47
153.906,2255.73
153.92,2143.64
153.924,2110.47
153.934,2038.18
153.945,1956.83
153.951,1921.32
153.967,1815.44
153.967,1812.2
153.984,1712.41
153.988,1687.35
154.001,1619.68
154.01,1571.22
154.017,1533.42
154.031,1466.07
154.034,1453.29
154.051,1379.59
154.053,1371.11
154.067,1312.05
154.074,1285.47
154.085,1247.05
154.096,1208.04
154.102,1186.95
154.117,1138.03
154.119,1131.43
154.137,1080.86
154.143,1062.37
154.154,1033.93
154.169,995.117
154.171,989.909
154.189,949.956
154.195,935.324
154.206,912.737
154.221,881.934
154.229,866.989
154.247,834.016
154.252,825.409
154.273,790.871
154.273,790.186
154.29,764.537
154.295,758.295
154.316,728.818
154.325,716.715
154.337,701.405
154.359,674.524
154.366,667.685
154.394,637.003
154.422,609.515
154.43,602.752
154.451,584.202
154.465,572.023
154.479,560.839
154.501,544.337
154.515,534.192
154.536,519.239
154.55,510.18
154.586,487.909
154.589,485.714
154.621,468.023
154.643,456.398
154.657,449.441
154.692,432.296
154.701,428.064
154.728,416.536
154.747,408.205
154.776,397.234
154.813,383.042
154.816,381.708
154.863,366.236
154.886,358.613
154.912,350.708
154.955,338.24
154.962,336.361
155.012,323.387
155.024,320.183
155.061,311.411
155.086,305.632
155.111,300.362
155.161,289.943
155.164,289.208
155.225,277.877
155.242,274.587
155.289,266.795
155.321,261.467
155.352,256.59
155.399,249.629
155.416,247.216
155.48,238.63
155.516,233.91
155.544,230.556
155.608,223.087
155.633,220.21
155.672,216.185
155.752,208.038
155.761,207.142
155.832,200.765
155.894,195.241
155.912,193.83
155.992,187.541
156.027,184.771
156.071,181.654
156.151,176.095
156.16,175.483
156.271,168.564
156.293,167.194
156.369,162.983
156.444,158.812
156.484,156.838
156.599,151.194
156.63,149.688
156.715,146.053
156.817,141.691
156.83,141.181
156.946,136.796
157.003,134.621
157.061,132.657
157.176,128.758
157.19,128.312
157.305,124.798
157.376,122.653
157.447,120.731
157.589,116.919
157.642,115.499
157.731,113.406
157.873,110.081
157.908,109.255
158.015,107.044
158.175,103.754
158.228,102.769
158.37,100.161
158.441,98.8647
158.565,96.8149
158.707,94.4886
158.76,93.7002
158.956,90.8291
159.009,90.0508
159.151,88.1819
159.329,85.8595
159.346,85.6499
159.542,83.3579
159.648,82.1157
159.834,80.1686
160.074,77.6835
160.145,77.0282
160.464,74.1014
160.5,73.7783
160.784,71.4656
160.926,70.3163
161.104,69.0219
161.352,67.2205
161.423,66.7538
161.742,64.6657
161.778,64.4349
162.062,62.7879
162.382,60.9441
162.417,60.7401
162.701,59.3054
163.056,57.5209
163.127,57.2041
163.553,55.3139
163.695,54.6869
163.979,53.5651
164.334,52.1694
164.405,51.922
164.831,50.4439
165.186,49.2174
165.292,48.8839
165.612,47.8879
165.79,47.3884
166.286,45.9959
166.606,45.104
166.783,44.6694
167.274,43.4731
167.6,42.6806
167.637,42.6085
167.879,42.1406
167.9,42.1004
167.939,42.0482
168.0,41.9688
168.0,97.2141
170.37,96.6043
172.774,95.9858
175.211,95.3586
175.75,95.22
178.23,94.6228
180.744,94.0173
183.294,93.4032
183.5,93.3535
186.089,92.7683
188.714,92.1749
191.25,91.6017
193.948,91.0277
196.684,90.4457
199.0,89.9531
201.808,89.4052
204.655,88.8495
207.542,88.286
210.47,87.7146
213.439,87.1351
214.5,86.9281
217.526,86.3982
220.595,85.8609
223.707,85.316
226.863,84.7633
230.0,84.2141
233.245,83.7038
236.536,83.1862
239.873,82.6614
243.257,82.1291
246.689,81.5893
247.5,81.4617
250.992,80.9679
254.533,80.467
258.124,79.9591
261.765,79.444
265.0,78.9865
268.739,78.5076
272.53,78.022
276.375,77.5295
280.274,77.03
282.5,76.7449
286.486,76.2797
290.527,75.808
294.626,75.3296
298.783,74.8444
300.0,74.7023
304.232,74.2443
308.525,73.7797
312.5,73.3495
316.909,72.9002
321.38,72.4445
325.0,72.0755
329.585,71.6463
334.235,71.211
338.95,70.7696
343.732,70.3219
348.582,69.868
350.0,69.7352
354.938,69.32
359.945,68.8988
365.024,68.4718
370.173,68.0387
375.0,67.6328
380.291,67.2303
385.656,66.8221
391.097,66.4081
396.614,65.9883
400.0,65.7306
405.643,65.3397
411.366,64.9432
417.17,64.5412
423.055,64.1334
425.0,63.9987
430.996,63.6184
437.077,63.2327
443.243,62.8416
449.496,62.445
450.0,62.4131
456.349,62.0426
462.787,61.6669
469.316,61.2859
475.0,60.9542
481.701,60.5928
488.497,60.2263
495.389,59.8546
500.0,59.606
507.054,59.2531
514.208,58.8952
521.462,58.5322
525.0,58.3552
532.407,58.0102
539.918,57.6602
547.535,57.3054
550.0,57.1906
557.76,56.8529
565.628,56.5105
573.609,56.1632
575.0,56.1027
583.112,55.7719
591.339,55.4365
599.682,55.0964
600.0,55.0834
608.465,54.7592
617.049,54.4304
625.0,54.1258
633.818,53.8078
642.76,53.4852
650.0,53.224
659.17,52.9201
668.47,52.612
677.901,52.2995
687.465,51.9826
697.164,51.6612
700.0,51.5672
709.876,51.2733
719.891,50.9751
730.047,50.6728
740.347,50.3662
750.0,50.0788
760.581,49.7938
771.312,49.5047
782.193,49.2116
793.229,48.9143
800.0,48.7319
811.287,48.4551
822.732,48.1744
834.34,47.8897
846.111,47.6009
850.0,47.5055
861.992,47.2362
874.153,46.9631
886.486,46.6861
898.993,46.4052
900.0,46.3826
912.697,46.1202
925.574,45.8541
938.632,45.5843
950.0,45.3494
963.403,45.0934
976.995,44.8338
990.778,44.5706
1000.0,44.3944
1014.11,44.1466
1028.42,43.8953
1042.92,43.6405
1057.64,43.3821
1062.5,43.2967
1077.49,43.0556
1092.69,42.8111
1108.11,42.5632
1123.74,42.3118
1125.0,42.2915
1140.87,42.0566
1156.97,41.8184
1173.29,41.5768
1187.5,41.3665
1204.25,41.1374
1221.24,40.905
1238.47,40.6693
1250.0,40.5117
1267.64,40.2878
1285.52,40.0609
1303.66,39.8307
1312.5,39.7184
1331.02,39.4996
1349.8,39.2776
1368.84,39.0525
1375.0,38.9797
1394.4,38.7655
1414.07,38.5483
1434.02,38.328
1437.5,38.2896
1457.78,38.0797
1478.35,37.8669
1499.2,37.6511
1500.0,37.6429
1521.16,37.4371
1542.62,37.2285
1562.5,37.0352
1584.54,36.8334
1606.9,36.6286
1625.0,36.4629
1647.93,36.2646
1671.18,36.0636
1687.5,35.9225
1711.31,35.7277
1735.45,35.5302
1750.0,35.4112
1774.69,35.2245
1799.73,35.0352
1825.12,34.8432
1850.87,34.6485
1875.0,34.466
1901.45,34.285
1928.28,34.1014
1955.48,33.9152
1983.07,33.7264
2000.0,33.6105
2028.22,33.4347
2056.83,33.2563
2085.85,33.0754
2115.28,32.8919
2125.0,32.8313
2154.98,32.6601
2185.38,32.4866
2216.21,32.3105
2247.48,32.132
2250.0,32.1176
2281.74,31.9508
2313.93,31.7816
2346.58,31.6101
2375.0,31.4607
2408.51,31.2979
2442.49,31.1328
2476.95,30.9654
2500.0,30.8534
2535.27,30.6944
2571.04,30.5331
2607.31,30.3695
2625.0,30.2898
2662.03,30.1342
2699.59,29.9765
2737.68,29.8165
2750.0,29.7647
2788.8,29.6124
2828.14,29.458
2868.04,29.3014
2875.0,29.2741
2915.56,29.1248
2956.69,28.9735
2998.41,28.82
3000.0,28.8142
3042.32,28.6678
3085.25,28.5194
3125.0,28.3819
3169.09,28.2383
3213.8,28.0926
3250.0,27.9747
3295.85,27.8374
3342.35,27.6981
3389.5,27.5569
3437.32,27.4137
3485.82,27.2685
3500.0,27.2261
3549.38,27.0931
3599.45,26.9583
3650.24,26.8215
3701.73,26.6829
3750.0,26.5529
3802.91,26.4239
3856.56,26.2931
3910.97,26.1604
3966.14,26.0259
4000.0,25.9433
4056.43,25.8179
4113.66,25.6907
4171.7,25.5617
4230.55,25.4309
4250.0,25.3877
4309.96,25.2656
4370.77,25.1418
4432.43,25.0162
4494.96,24.8888
4500.0,24.8786
4563.49,24.7595
4627.87,24.6387
4693.16,24.5163
4750.0,24.4097
4817.01,24.2934
4884.97,24.1755
4953.89,24.0559
5000.0,23.9759
5070.54,23.8623
5142.08,23.747
5214.62,23.6301
5250.0,23.5731
5324.07,23.4619
5399.18,23.3491
5475.35,23.2347
5500.0,23.1977
5577.6,23.0887
5656.29,22.9782
5736.08,22.8662
5750.0,22.8466
5831.12,22.7398
5913.39,22.6315
5996.82,22.5216
6000.0,22.5174
6084.65,22.4126
6170.49,22.3063
6250.0,22.2078
6338.18,22.1049
6427.6,22.0004
6500.0,21.9159
6591.7,21.8174
6684.7,21.7175
6779.01,21.6162
6874.65,21.5135
6971.64,21.4094
7000.0,21.3789
7098.76,21.2834
7198.91,21.1866
7300.47,21.0884
7403.47,20.9888
7500.0,20.8954
7605.81,20.8027
7713.12,20.7086
7821.93,20.6132
7932.29,20.5164
8000.0,20.4571
8112.87,20.3668
8227.32,20.2752
8343.4,20.1823
8461.11,20.0882
8500.0,20.0571
8619.92,19.969
8741.53,19.8798
8864.86,19.7892
8989.93,19.6974
9000.0,19.69
9126.97,19.6041
9255.74,19.5169
9386.32,19.4286
9500.0,19.3516
9634.03,19.2676
9769.95,19.1824
9907.78,19.096
10000.0,19.0382
10141.1,18.9567
10284.2,18.874
10429.2,18.7901
10576.4,18.7051
10625.0,18.677
10774.9,18.5975
10926.9,18.5168
11081.1,18.435
11237.4,18.3521
11250.0,18.3454
11408.7,18.2677
11569.7,18.1889
11732.9,18.109
11875.0,18.0395
12042.5,17.9635
12212.4,17.8864
12384.7,17.8082
12500.0,17.7559
12676.4,17.6815
12855.2,17.606
13036.6,17.5294
13125.0,17.4921
13310.2,17.4191
13498.0,17.3451
13688.4,17.27
13750.0,17.2457
13944.0,17.1763
14140.7,17.1058
14340.2,17.0344
14542.5,16.9619
14747.7,16.8885
14955.8,16.8139
15000.0,16.7981
15211.6,16.7308
15426.2,16.6626
15643.9,16.5935
15864.6,16.5233
16088.4,16.4522
16250.0,16.4008
16479.3,16.3355
16711.8,16.2693
16947.5,16.2021
17186.6,16.134
17429.1,16.0649
17500.0,16.0447
17746.9,15.9812
17997.3,15.9167
18251.2,15.8514
18508.7,15.7851
18750.0,15.7229
19014.5,15.661
19282.8,15.5981
19554.8,15.5344
19830.7,15.4697
20000.0,15.4301
20282.2,15.3695
20568.3,15.3081
20858.5,15.2458
21152.8,15.1827
21250.0,15.1618
21549.8,15.1026
21853.8,15.0425
22162.1,14.9815
22474.8,14.9197
22500.0,14.9147
22817.4,14.8567
23139.3,14.7978
23465.8,14.7381
23750.0,14.6861
24085.1,14.6291
24424.9,14.5713
24769.5,14.5127
25000.0,14.4735
25352.7,14.4193
25710.4,14.3643
26073.1,14.3086
26441.0,14.252
26814.0,14.1947
27192.3,14.1365
27500.0,14.0893
27888.0,14.0366
28281.4,13.9832
28680.4,13.9291
29085.1,13.8742
29495.4,13.8185
29911.5,13.7621
30000.0,13.7501
30423.2,13.6988
30852.5,13.6468
31287.7,13.5941
31729.2,13.5406
32176.8,13.4864
32500.0,13.4472
32958.5,13.3972
33423.5,13.3464
33895.0,13.2949
34373.2,13.2427
34858.2,13.1897
35000.0,13.1743
35493.8,13.1253
35994.5,13.0756
36502.4,13.0252
37017.3,12.9741
37500.0,12.9262
38029.1,12.8781
38565.6,12.8294
39109.7,12.78
39661.4,12.7299
40000.0,12.6991
40564.3,12.6519
41136.6,12.6041
41717.0,12.5555
42305.5,12.5063
42500.0,12.4901
43099.6,12.4436
43707.7,12.3966
44324.3,12.3488
44949.6,12.3004
45000.0,12.2965
50000.0,11.9483
50000.0,10.3214
60000.0,10.0287
60411.4,10.0166
61263.7,9.993
80000.0,9.59936
80564.3,9.58642
91512.6,9.42211
92158.1,9.42045
100000.0,9.31558
100705.0,9.30332
101411.0,9.2916
119976.0,9.08741
120000.0,9.08719
123386.0,9.0525
150000.0,8.84089
152116.0,8.82283
200000.0,8.54879
202822.0,8.53076
250000.0,8.33533
253527.0,8.31831
299104.0,8.17412
300000.0,8.17141
302057.0,8.16362
306318.0,8.14795
350000.0,8.03829
352469.0,8.03082
357442.0,8.01626
400000.0,7.93078
402822.0,7.92406
411366.0,7.90432
450000.0,7.84176
453174.0,7.83575
466052.0,7.81199
500000.0,7.7669
510631.0,7.75034
600000.0,7.65821
604232.0,7.65263
611787.0,7.64314
624795.0,7.62683
700000.0,7.56848
704906.0,7.56362
714883.0,7.55422
800000.0,7.5034
805643.0,7.49657
832932.0,7.48243
900000.0,7.44776
905460.0,7.44535
1000000.0,7.40434
1015460.0,7.39762
1068330.0,7.37464
1091040.0,7.37025
1100000.0,7.36951
1131260.0,7.35788
1200000.0,7.33287
1233880.0,7.32226
1300000.0,7.30167
1310920.0,7.29517
1313530.0,7.29595
1314980.0,7.29396
1316280.0,7.29219
1327050.0,7.29355
1328660.0,7.29129
1344230.0,7.28733
1345120.0,7.28817
1400000.0,7.27182
1402690.0,7.27067
1433500.0,7.26189
1451030.0,7.25429
1457250.0,7.2518
1494520.0,7.24349
1500000.0,7.24226
1505040.0,7.24072
1512010.0,7.23748
1516950.0,7.23578
1558280.0,7.22433
1570780.0,7.22089
1600000.0,7.21209
1635430.0,7.19796
1636840.0,7.19756
1639960.0,7.19676
1643880.0,7.19575
1651670.0,7.19385
1657890.0,7.19235
1660170.0,7.19308
1668030.0,7.19004
1700000.0,7.18052
1723440.0,7.17217
1732420.0,7.16908
1747480.0,7.16407
1777910.0,7.15396
1790220.0,7.15025
1800000.0,7.14702
1807920.0,7.14416
1808930.0,7.1438
1900000.0,7.11136
2000000.0,7.07616
2042520.0,7.05583
2100000.0,7.03353
2200000.0,6.99346
2262510.0,6.96537
2300000.0,6.94846
2348900.0,6.92391
2400000.0,6.90235
2416930.0,6.89437
2500000.0,6.85586
2517640.0,6.84693
2600000.0,6.80586
2655280.0,6.77691
2700000.0,6.75605
2800000.0,6.70758
2900000.0,6.65784
3000000.0,6.60724
3100000.0,6.55607
3200000.0,6.50462
3300000.0,6.45306
3400000.0,6.40196
3500000.0,6.35022
3600000.0,6.29917
3614700.0,6.29175
3800000.0,6.20137
4000000.0,6.10574
4201130.0,6.013
4500000.0,5.8814
4563490.0,5.85452
5000000.0,5.68546
5035270.0,5.67176
5500000.0,5.51557
5538800.0,5.50292
6000000.0,5.37848
6042320.0,5.36703
6289660.0,5.31356
6500000.0,5.26808
6545850.0,5.25816
7000000.0,5.18232
7049380.0,5.17413
7500000.0,5.119
7552910.0,5.11326
8000000.0,5.07995
8500000.0,5.05922
8554520.0,5.05895
9000000.0,5.05678
9500000.0,5.06897
9567010.0,5.07086
9634030.0,5.07275
10000000.0,5.08806
10141100.0,5.09645
10284200.0,5.10496
10429200.0,5.11358
10500000.0,5.11779
10576400.0,5.12247
10648100.0,5.12686
10725600.0,5.1316
10798400.0,5.13606
10876900.0,5.14087
10950700.0,5.14539
11000000.0,5.14841
11155200.0,5.15901
11312600.0,5.16977
11472200.0,5.18068
11500000.0,5.18258
11634000.0,5.19179
11662200.0,5.19373
11798200.0,5.20307
11826800.0,5.20504
11964600.0,5.21451
11993600.0,5.2165
12000000.0,5.21694
12133400.0,5.22637
12169300.0,5.2289
12304600.0,5.23846
12341000.0,5.24104
12478200.0,5.25073
12500000.0,5.25227
12676400.0,5.26293
12855200.0,5.27374
13000000.0,5.28249
13036600.0,5.28475
13220500.0,5.29612
13407000.0,5.30764
13500000.0,5.31339
13690500.0,5.32227
13883600.0,5.33128
14000000.0,5.33671
14079500.0,5.34054
14197500.0,5.34622
14278100.0,5.3501
14397800.0,5.35587
14479600.0,5.35981
14500000.0,5.36079
14704600.0,5.36788
14912000.0,5.37508
15000000.0,5.37813
15211600.0,5.38276
15426200.0,5.38745
15500000.0,5.38906
15643900.0,5.39236
15675200.0,5.39308
15718700.0,5.39346
15896400.0,5.39499
15940400.0,5.39537
16000000.0,5.39588
16120700.0,5.39694
16225700.0,5.39786
16348100.0,5.39893
16454600.0,5.39987
16500000.0,5.40026
16686800.0,5.3981
16732800.0,5.39757
16922200.0,5.39538
16968900.0,5.39484
17000000.0,5.39448
17208300.0,5.39237
17239800.0,5.39205
17451000.0,5.38991
17483100.0,5.38958
17500000.0,5.38941
17746900.0,5.38186
17997300.0,5.37421
18000000.0,5.37412
18251200.0,5.36644
18253900.0,5.36635
18500000.0,5.35883
18761000.0,5.34631
19000000.0,5.33486
19025700.0,5.33361
19268100.0,5.32188
19294100.0,5.32062
19500000.0,5.31066
19775100.0,5.2939
20000000.0,5.28021
