I,131
E_eV,Sig_b
1e-05,4042.24
1.10304e-05,3848.84
1.21669e-05,3664.7
1.34206e-05,3489.38
1.48034e-05,3322.44
1.63286e-05,3163.5
1.64438e-05,3153.14
1.80111e-05,3012.16
1.82652e-05,2992.42
1.98669e-05,2868.07
2.02893e-05,2839.75
2.19139e-05,2730.87
2.25366e-05,2694.83
2.41719e-05,2600.24
2.50341e-05,2557.17
2.66625e-05,2475.87
2.7807e-05,2426.51
2.94097e-05,2357.44
3.08885e-05,2302.4
3.244e-05,2244.69
3.43098e-05,2184.61
3.57825e-05,2137.33
3.81119e-05,2072.73
3.94694e-05,2035.11
4.23333e-05,1966.56
4.35362e-05,1937.78
4.70246e-05,1865.71
4.80221e-05,1845.12
5.22332e-05,1770.02
5.29701e-05,1756.89
5.80216e-05,1679.14
5.8428e-05,1672.88
6.44482e-05,1592.9
7.10888e-05,1516.75
7.15903e-05,1511.79
7.84136e-05,1444.25
8.00808e-05,1430.0
8.64931e-05,1375.22
8.95783e-05,1352.46
9.54051e-05,1309.5
0.000100202,1278.95
0.000105235,1246.92
0.000112086,1209.27
0.000116078,1187.34
0.000125379,1143.23
0.000128039,1130.62
0.000140249,1080.63
0.000141232,1076.61
0.000155784,1025.19
0.000157981,1018.48
0.000171835,976.239
0.000177964,960.098
0.00018954,929.631
0.000200465,904.801
0.00020907,885.256
0.000227404,849.295
0.000230612,843.006
0.000254374,802.784
0.000257962,797.538
0.000280584,764.493
0.000294692,746.694
0.000309494,728.034
0.000339009,695.903
0.000341383,693.32
0.000376558,660.277
0.00038999,649.38
0.000415358,628.816
0.000451781,603.319
0.000458155,598.86
0.000505362,570.345
0.000527054,559.03
0.000557433,543.196
0.000614869,517.345
0.000623544,513.974
0.000678223,492.739
0.000742901,471.051
0.000748105,469.307
0.000825188,447.004
0.00089755,428.927
0.000910213,425.765
0.001004,405.55
0.00110745,386.296
0.00122155,367.973
0.00134742,350.523
0.00139548,344.769
0.00148625,333.911
0.00163939,318.096
0.00180831,303.034
0.00199463,288.7
0.00220016,275.05
0.00242685,262.05
0.00267691,249.679
0.00295273,237.899
0.00325697,226.681
0.00342073,221.467
0.00359256,216.001
0.00396272,205.836
0.00437103,196.156
0.00482141,186.939
0.00520773,180.114
0.00531819,178.164
0.00586616,169.816
0.00647059,161.868
0.0071373,154.302
0.00787271,147.099
0.00868389,140.238
0.0088064,139.343
0.00957865,133.708
0.0105656,127.488
0.0116543,121.564
0.0128551,115.921
0.0141796,110.547
0.0156406,105.427
0.0172522,100.549
0.0179927,98.6139
0.0190298,95.9056
0.0209906,91.4851
0.0231534,87.2775
0.0252419,83.7437
0.0253,83.6518
0.0279068,79.8284
0.0307823,76.1852
0.033954,72.7126
0.0374525,69.4039
0.0413115,66.2494
0.0455681,63.2464
0.0502633,60.391
0.054456,58.1918
0.0554423,57.6748
0.0611549,55.0887
0.0674561,52.6253
0.0744066,50.2837
0.0820732,48.0461
0.0905297,45.9154
0.0998577,43.8915
0.110147,41.9648
0.122353,40.0038
0.13496,38.2595
0.149908,36.4916
0.166521,34.8027
0.183679,33.3081
0.202604,31.8873
0.22348,30.5341
0.248234,29.1586
0.271906,28.0183
0.302023,26.7726
0.335493,25.5814
0.370061,24.5303
0.408191,23.5289
0.45025,22.5744
0.503649,21.5407
0.547815,20.8025
0.608493,19.9237
0.675925,19.0834
0.727719,18.5309
0.740347,18.3963
0.81095,17.7379
0.888242,17.1078
0.972949,16.5114
1.05827,15.9724
1.19207,15.2596
1.34285,14.5843
1.47084,14.098
1.59982,13.6659
1.75239,13.2175
1.89271,12.8564
2.08772,12.4089
2.28682,12.022
2.45275,11.7308
2.70547,11.3389
2.94272,11.0222
3.20077,10.7167
3.48145,10.4233
3.76022,10.1666
4.17692,9.8279
4.5432,9.57551
4.87286,9.36792
5.41259,9.07148
5.88723,8.84766
6.35895,8.64883
6.91657,8.44069
7.4704,8.25821
8.29826,8.01843
8.96272,7.85413
9.68086,7.69148
10.7531,7.48151
11.6961,7.32281
12.7218,7.16951
13.8374,7.02234
14.9461,6.89323
16.6016,6.72375
17.8062,6.61783
19.3676,6.49257
21.5139,6.34401
22.5063,6.28497
23.4005,6.2318
25.2742,6.13192
27.4905,6.02775
29.3353,5.94945
30.0,5.92473
30.0,77.9994
30.4232,77.5023
30.8525,76.9982
31.2877,76.4869
31.7291,75.9684
32.1768,75.4426
32.1875,75.4301
32.6416,74.9485
33.1021,74.4601
33.5691,73.9648
34.0427,73.4625
34.375,73.1101
34.86,72.6427
35.3518,72.1686
35.8505,71.6879
36.3563,71.2004
36.5625,71.0016
37.0783,70.5472
37.6014,70.0863
38.1319,69.6189
38.6699,69.1449
38.75,69.0744
39.2967,68.6319
39.8511,68.1831
40.4133,67.728
40.9375,67.3038
41.5151,66.8723
42.1008,66.4348
42.6947,65.9911
43.125,65.6697
43.7334,65.2485
44.3504,64.8214
44.9761,64.3883
45.3125,64.1554
45.9518,63.7439
46.6001,63.3265
47.2575,62.9032
47.5,62.7471
48.1701,62.3444
48.8497,61.9361
49.5389,61.5221
49.6875,61.4328
50.3885,61.0386
51.0994,60.6388
51.8203,60.2333
51.875,60.2026
52.6069,59.8162
53.3491,59.4244
54.0625,59.0478
54.8252,58.6689
55.5987,58.2847
56.25,57.9611
57.0436,57.5994
57.8484,57.2326
58.6645,56.8606
59.4922,56.4833
60.3315,56.1008
60.625,55.967
61.4803,55.6172
62.3477,55.2625
63.2273,54.9028
64.1193,54.538
65.0,54.1778
65.917,53.8389
66.847,53.4951
67.7901,53.1466
68.7465,52.7931
69.375,52.5608
70.3538,52.2317
71.3463,51.898
72.3529,51.5596
73.3737,51.2164
73.75,51.0899
74.7905,50.7699
75.8456,50.4454
76.9157,50.1163
78.0008,49.7826
78.125,49.7444
79.2272,49.4328
80.345,49.1167
81.4785,48.7963
82.5,48.5074
83.6639,48.2036
84.8443,47.8954
86.0413,47.5829
86.875,47.3652
88.1006,47.0685
89.3436,46.7677
90.6041,46.4625
91.25,46.3062
92.5374,46.0162
93.8429,45.7221
95.1669,45.4239
95.625,45.3207
96.9741,45.037
98.3422,44.7493
99.7297,44.4576
100.0,44.4007
101.411,44.1266
102.842,43.8487
104.292,43.5668
105.764,43.2809
106.25,43.1865
107.749,42.9199
109.269,42.6495
110.811,42.3753
112.374,42.0973
112.5,42.0749
114.087,41.8152
115.697,41.5519
117.329,41.2848
118.75,41.0523
120.425,40.7991
122.124,40.5423
123.847,40.2818
125.0,40.1075
126.764,39.8602
128.552,39.6094
130.366,39.3551
131.25,39.2311
133.102,38.9893
134.98,38.7442
136.884,38.4956
137.5,38.4151
139.44,38.1786
141.407,37.9387
143.402,37.6955
143.75,37.653
145.778,37.4214
147.835,37.1865
149.92,36.9482
150.0,36.9391
152.116,36.7121
154.262,36.4818
156.25,36.2685
158.454,36.0458
160.69,35.8199
162.5,35.637
164.793,35.4243
167.118,35.2086
169.475,34.9898
171.866,34.768
174.291,34.543
175.0,34.4772
177.469,34.2715
179.973,34.0628
182.512,33.8512
185.087,33.6366
187.5,33.4355
190.145,33.2361
192.828,33.0338
195.548,32.8287
198.307,32.6208
200.0,32.4931
202.822,32.2996
205.683,32.1032
208.585,31.9041
211.528,31.7022
212.5,31.6355
215.498,31.4473
218.538,31.2563
221.621,31.0627
224.748,30.8663
225.0,30.8505
228.174,30.6671
231.393,30.4812
234.658,30.2926
237.5,30.1284
240.851,29.9495
244.249,29.7682
247.695,29.5842
250.0,29.4612
253.527,29.2865
257.104,29.1094
260.731,28.9299
262.5,28.8423
266.203,28.6716
269.959,28.4985
273.768,28.3229
275.0,28.2661
278.88,28.0991
282.814,27.9297
286.804,27.758
287.5,27.728
291.556,27.5645
295.669,27.3986
299.841,27.2304
300.0,27.224
304.232,27.0637
308.525,26.9011
312.5,26.7505
316.909,26.5933
321.38,26.4338
325.0,26.3047
329.585,26.1545
334.235,26.0022
338.95,25.8478
343.732,25.6912
348.582,25.5323
350.0,25.4859
354.938,25.3407
359.945,25.1934
365.024,25.044
370.173,24.8925
375.0,24.7506
380.291,24.6098
385.656,24.4671
391.097,24.3223
396.614,24.1755
400.0,24.0854
405.643,23.9487
411.366,23.8101
417.17,23.6695
423.055,23.5269
425.0,23.4798
430.996,23.3469
437.077,23.2121
443.243,23.0753
449.496,22.9367
450.0,22.9255
456.349,22.7961
462.787,22.6648
469.316,22.5316
475.0,22.4157
481.701,22.2894
488.497,22.1614
495.389,22.0316
500.0,21.9447
507.054,21.8215
514.208,21.6965
521.462,21.5698
525.0,21.508
532.407,21.3875
539.918,21.2654
547.535,21.1415
550.0,21.1014
557.76,20.9836
565.628,20.8641
573.609,20.7429
575.0,20.7218
583.112,20.6064
591.339,20.4894
599.682,20.3708
600.0,20.3662
608.465,20.2531
617.049,20.1384
625.0,20.0321
633.818,19.9212
642.76,19.8087
650.0,19.7176
659.17,19.6117
668.47,19.5042
677.901,19.3953
687.465,19.2848
697.164,19.1728
700.0,19.14
709.876,19.0376
719.891,18.9337
730.047,18.8283
740.347,18.7215
750.0,18.6214
760.581,18.5221
771.312,18.4215
782.193,18.3194
793.229,18.2159
800.0,18.1524
811.287,18.0562
822.732,17.9586
834.34,17.8596
846.111,17.7592
850.0,17.7261
861.992,17.6325
874.153,17.5376
886.486,17.4414
898.993,17.3438
900.0,17.3359
912.697,17.2448
925.574,17.1524
938.632,17.0587
950.0,16.9772
963.403,16.8883
976.995,16.7983
990.778,16.7069
1000.0,16.6458
1014.11,16.5598
1028.42,16.4726
1042.92,16.3841
1057.64,16.2944
1062.5,16.2648
1077.49,16.1812
1092.69,16.0964
1108.11,16.0104
1123.74,15.9232
1125.0,15.9162
1140.87,15.8348
1156.97,15.7522
1173.29,15.6685
1187.5,15.5956
1204.25,15.5162
1221.24,15.4358
1238.47,15.3542
1250.0,15.2996
1267.64,15.2221
1285.52,15.1436
1303.66,15.0639
1312.5,15.0251
1331.02,14.9494
1349.8,14.8726
1368.84,14.7948
1375.0,14.7696
1394.4,14.6956
1414.07,14.6206
1434.02,14.5444
1437.5,14.5312
1457.78,14.4587
1478.35,14.3852
1499.2,14.3107
1500.0,14.3079
1521.16,14.2369
1542.62,14.1649
1562.5,14.0982
1584.54,14.0286
1606.9,13.9581
1625.0,13.9009
1647.93,13.8345
1671.18,13.7671
1694.75,13.6988
1718.66,13.6295
1742.91,13.5593
1750.0,13.5387
1774.69,13.4745
1799.73,13.4094
1825.12,13.3434
1850.87,13.2765
1875.0,13.2137
1901.45,13.1516
1928.28,13.0885
1955.48,13.0246
1983.07,12.9598
2000.0,12.92
2028.22,12.8597
2056.83,12.7985
2085.85,12.7365
2115.28,12.6736
2125.0,12.6528
2154.98,12.5942
2185.38,12.5348
2216.21,12.4746
2247.48,12.4135
2250.0,12.4085
2281.74,12.3515
2313.93,12.2937
2346.58,12.235
2375.0,12.184
2408.51,12.1284
2442.49,12.0721
2476.95,12.0149
2500.0,11.9767
2535.27,11.9225
2571.04,11.8676
2607.31,11.8118
2625.0,11.7846
2662.03,11.7317
2699.59,11.678
2737.68,11.6236
2750.0,11.606
2788.8,11.5542
2828.14,11.5018
2868.04,11.4485
2875.0,11.4393
2915.56,11.3886
2956.69,11.3373
2998.41,11.2852
3000.0,11.2832
3042.32,11.2351
3085.25,11.1863
3128.77,11.1369
3172.92,11.0867
3217.68,11.0358
3250.0,10.9991
3295.85,10.9528
3342.35,10.9058
3389.5,10.8581
3437.32,10.8098
3485.82,10.7608
3500.0,10.7465
3549.38,10.7017
3599.45,10.6564
3650.24,10.6104
3701.73,10.5637
3750.0,10.52
3802.91,10.4767
3856.56,10.4328
3910.97,10.3883
3966.14,10.3432
4000.0,10.3155
4056.43,10.2735
4113.66,10.231
4171.7,10.1879
4230.55,10.1441
4250.0,10.1297
4309.96,10.089
4370.77,10.0477
4432.43,10.0058
4494.96,9.96334
4500.0,9.95992
4563.49,9.92033
4627.87,9.88019
4693.16,9.83948
4750.0,9.80404
4817.01,9.7655
4884.97,9.72642
4953.89,9.68679
5000.0,9.66027
5070.54,9.6227
5142.08,9.58459
5214.62,9.54594
5250.0,9.5271
5324.07,9.49043
5399.18,9.45325
5475.35,9.41555
5500.0,9.40335
5577.6,9.3687
5656.29,9.33356
5736.08,9.29793
5817.01,9.26179
5899.08,9.22515
5982.3,9.18798
6000.0,9.18008
6084.65,9.14687
6170.49,9.11319
6257.55,9.07903
6345.83,9.04439
6435.36,9.00927
6500.0,8.9839
6591.7,8.95197
6684.7,8.91958
6779.01,8.88674
6874.65,8.85343
6971.64,8.81966
7000.0,8.80978
7098.76,8.77899
7198.91,8.74777
7300.47,8.71611
7403.47,8.684
7500.0,8.65391
7605.81,8.62417
7713.12,8.59402
7821.93,8.56344
7932.29,8.53242
8000.0,8.5134
8112.87,8.48462
8227.32,8.45543
8343.4,8.42583
8461.11,8.39581
8500.0,8.3859
8619.92,8.358
8741.53,8.32971
8864.86,8.30103
8989.93,8.27193
9000.0,8.26959
9126.97,8.24251
9255.74,8.21505
9386.32,8.1872
9500.0,8.16296
9634.03,8.13664
9769.95,8.10995
9907.78,8.08288
10000.0,8.06477
10141.1,8.03941
10284.2,8.01369
10429.2,7.98761
10576.4,7.96116
10625.0,7.95242
10774.9,7.92785
10926.9,7.90294
11081.1,7.87768
11237.4,7.85206
11250.0,7.84999
11408.7,7.82616
11569.7,7.802
11732.9,7.77749
11875.0,7.75615
12042.5,7.73301
12212.4,7.70953
12384.7,7.68572
12500.0,7.6698
12676.4,7.6481
12855.2,7.6261
13036.6,7.60379
13220.5,7.58116
13407.0,7.55822
13596.1,7.53495
13750.0,7.51602
13944.0,7.49537
14140.7,7.47443
14340.2,7.45319
14542.5,7.43165
14747.7,7.40981
14955.8,7.38766
15000.0,7.38295
15211.6,7.36322
15426.2,7.34321
15643.9,7.32292
15864.6,7.30235
16088.4,7.28148
16250.0,7.26642
16479.3,7.24752
16711.8,7.22835
16947.5,7.20892
17186.6,7.18921
17429.1,7.16922
17500.0,7.16338
17746.9,7.14523
17997.3,7.12682
18251.2,7.10816
18508.7,7.08923
18750.0,7.07149
19014.5,7.05402
19282.8,7.03631
19554.8,7.01834
19830.7,7.00013
20000.0,6.98895
20282.2,6.9721
20568.3,6.95502
20858.5,6.93769
21152.8,6.92012
21250.0,6.91432
21549.8,6.89804
21853.8,6.88153
22162.1,6.86479
22474.8,6.84781
22500.0,6.84645
22817.4,6.83069
23139.3,6.81472
23465.8,6.79852
23750.0,6.78441
24085.1,6.76914
24424.9,6.75366
24769.5,6.73796
25000.0,6.72745
25352.7,6.71262
25710.4,6.69759
26073.1,6.68234
26250.0,6.6749
26620.3,6.66049
26995.9,6.64588
27376.8,6.63106
27500.0,6.62627
27888.0,6.61273
28281.4,6.59899
28680.4,6.58507
29085.1,6.57095
29495.4,6.55663
29911.5,6.5421
30000.0,6.53902
30423.2,6.52612
30852.5,6.51305
31287.7,6.49979
31729.2,6.48635
32176.8,6.47271
32500.0,6.46286
32958.5,6.45055
33423.5,6.43805
33895.0,6.42539
34373.2,6.41254
34858.2,6.39951
35000.0,6.3957
35493.8,6.38389
35994.5,6.37192
36502.4,6.35978
37017.3,6.34746
37500.0,6.33592
38029.1,6.32458
38565.6,6.31307
39109.7,6.3014
39661.4,6.28956
40000.0,6.2823
40564.3,6.27138
41136.6,6.2603
41717.0,6.24907
42305.5,6.23768
42500.0,6.23392
43099.6,6.22337
43707.7,6.21267
44324.3,6.20182
44949.6,6.19082
45000.0,6.18994
45634.9,6.17973
46278.7,6.16937
46931.6,6.15888
47500.0,6.14974
48170.1,6.13984
48849.7,6.1298
49538.9,6.11962
50000.0,6.11281
50705.4,6.10318
51420.8,6.09342
52146.2,6.08351
52500.0,6.07869
53240.7,6.06932
53991.8,6.05982
54753.5,6.05018
55000.0,6.04706
55775.9,6.03793
56562.8,6.02867
57360.8,6.01928
57500.0,6.01764
58311.2,6.00873
59133.9,5.99969
59968.2,5.99053
60000.0,5.99018
60846.5,5.98173
61704.9,5.97316
62575.5,5.96447
63458.3,5.95566
64353.6,5.94673
65000.0,5.94028
65917.0,5.93215
66847.0,5.92391
67790.1,5.91556
68746.5,5.90708
69716.4,5.89849
70000.0,5.89598
70987.6,5.88813
71989.1,5.88017
73004.7,5.8721
74034.7,5.86392
75000.0,5.85625
76058.1,5.84864
77131.2,5.84092
78219.3,5.83309
79322.9,5.82515
80000.0,5.82028
81128.7,5.81287
82273.2,5.80536
83434.0,5.79774
84611.1,5.79001
85000.0,5.78745
86199.2,5.78022
87415.3,5.77288
88648.6,5.76544
89899.3,5.75789
90000.0,5.75728
91269.7,5.7502
92557.4,5.74301
93863.2,5.73572
95000.0,5.72938
100000.0,5.70342
100000.0,5.69956
112230.0,5.67651
124596.0,5.65415
134745.0,5.63646
146776.0,5.616
150853.0,5.60918
154060.0,5.61363
163014.0,5.61396
175308.0,5.61523
185508.0,5.61688
196878.0,5.61915
200000.0,5.61985
201411.0,5.6176
211474.0,5.62726
223621.0,5.63793
227539.0,5.64148
242277.0,5.65365
244854.0,5.65564
250000.0,5.65975
251764.0,5.66219
273861.0,5.69356
279684.0,5.70147
300000.0,5.72928
306318.0,5.73677
337599.0,5.79293
349936.0,5.81456
371775.0,5.85302
387316.0,5.87984
405344.0,5.91106
412240.0,5.92096
440065.0,5.95993
466653.0,5.99731
496496.0,6.03848
500000.0,6.04698
508953.0,6.06131
517308.0,6.07463
527712.0,6.09115
541371.0,6.11273
556998.0,6.13729
569014.0,6.15607
587525.0,6.18484
606639.0,6.21437
628742.0,6.24528
663415.0,6.29351
700000.0,6.34412
733798.0,6.38229
738758.0,6.38781
764064.0,6.41576
775894.0,6.42869
779662.0,6.43281
797433.0,6.45593
800000.0,6.45931
805643.0,6.45936
814303.0,6.46687
828862.0,6.47922
836239.0,6.48544
843682.0,6.49155
849633.0,6.49638
858766.0,6.50384
864824.0,6.51526
883455.0,6.53648
897979.0,6.54315
900000.0,6.54523
911931.0,6.55267
924021.0,6.56019
933193.0,6.56573
948683.0,6.57507
949464.0,6.57552
956524.0,6.57967
974004.0,6.5896
974405.0,6.58982
985293.0,6.59586
987745.0,6.59719
1000000.0,6.60386
1006750.0,6.60612
1013550.0,6.60857
1027850.0,6.61929
1054020.0,6.62603
1067870.0,6.62957
1087140.0,6.63806
1096910.0,6.64231
1106760.0,6.64653
1130980.0,6.64895
1143300.0,6.65006
1155740.0,6.6511
1156740.0,6.65181
1157750.0,6.65252
1165920.0,6.65392
1168900.0,6.65444
1178740.0,6.65614
1180150.0,6.65637
1196170.0,6.65904
1202990.0,6.66014
1214570.0,6.66182
1219430.0,6.6625
1226270.0,6.66343
1250000.0,6.66664
1271760.0,6.66308
1293890.0,6.65947
1308200.0,6.65884
1316740.0,6.65791
1325330.0,6.65687
1341010.0,6.65793
1348920.0,6.65682
1356880.0,6.65568
1379710.0,6.64763
1387410.0,6.64488
1414740.0,6.63495
1435590.0,6.62723
1442610.0,6.62461
1451430.0,6.62139
1456750.0,6.61945
1471020.0,6.61412
1478210.0,6.61139
1478850.0,6.61115
1483630.0,6.60933
1500000.0,6.60308
1514520.0,6.59712
1531890.0,6.58977
1542130.0,6.58431
1558930.0,6.57503
1577570.0,6.56463
1581630.0,6.56229
1592780.0,6.55584
1604650.0,6.54902
1607860.0,6.54717
1620190.0,6.53981
1651380.0,6.52163
1651710.0,6.52144
1657250.0,6.51819
1675750.0,6.50688
1683840.0,6.50192
1702990.0,6.49029
1716600.0,6.48172
1724550.0,6.47676
1731690.0,6.47232
1750000.0,6.46001
1809410.0,6.41638
1845120.0,6.38928
1855280.0,6.38159
1870830.0,6.3693
1903780.0,6.34383
1926280.0,6.32648
1934340.0,6.31996
1950550.0,6.30701
1975460.0,6.28709
1990490.0,6.27375
2000000.0,6.26531
2028220.0,6.23671
2051330.0,6.21036
2075840.0,6.18246
2090490.0,6.16519
2147960.0,6.09748
2151150.0,6.09359
2163110.0,6.0795
2181500.0,6.05787
2199390.0,6.03996
2213360.0,6.02602
2239560.0,5.99992
2286410.0,5.95095
2318670.0,5.91833
2325560.0,5.91227
2339300.0,5.90023
2362870.0,5.87961
2365370.0,5.87728
2388200.0,5.85623
2400770.0,5.84464
2415300.0,5.8313
2436700.0,5.81168
2447070.0,5.8023
2457260.0,5.79318
2464330.0,5.78686
2498850.0,5.76086
2500880.0,5.75923
2510180.0,5.75181
2514420.0,5.74846
2566740.0,5.7072
2600500.0,5.68096
2615680.0,5.66917
2617280.0,5.66786
2624580.0,5.66191
2631750.0,5.65612
2638790.0,5.65048
2650310.0,5.64126
2699830.0,5.60833
2713780.0,5.59906
2746930.0,5.57759
2748010.0,5.57684
2752930.0,5.57344
2776800.0,5.55701
2780380.0,5.55455
2809850.0,5.53427
2849490.0,5.50722
2853300.0,5.5049
2871240.0,5.49426
2874410.0,5.49239
2876120.0,5.49139
2913150.0,5.46959
2915270.0,5.46827
2951290.0,5.44582
2962630.0,5.43876
3000000.0,5.41568
3080280.0,5.34461
3155830.0,5.27777
3159160.0,5.27483
3193320.0,5.24526
3250740.0,5.19555
3298840.0,5.15393
3307230.0,5.14682
3311840.0,5.1432
3336120.0,5.12336
3412670.0,5.06086
3450120.0,5.03029
3451260.0,5.02945
3461670.0,5.02179
3461670.0,5.02179
3511450.0,4.98577
3542840.0,4.96307
3580950.0,4.93447
3589050.0,4.92842
3596320.0,4.92304
3596660.0,4.92278
3598940.0,4.9211
3638010.0,4.89415
3645060.0,4.8893
3687650.0,4.86002
3693250.0,4.85617
3697500.0,4.85325
3716400.0,4.84027
3725320.0,4.83415
3725320.0,4.83415
3742440.0,4.82254
3763370.0,4.80834
3766320.0,4.80635
3767660.0,4.80544
3780960.0,4.79645
3787770.0,4.79232
3807460.0,4.78039
3818410.0,4.77374
3821180.0,4.77206
3831520.0,4.76585
3840650.0,4.76037
3841410.0,4.75991
3852580.0,4.75297
3860220.0,4.74823
3879070.0,4.73656
3879880.0,4.73606
3882090.0,4.73469
3901240.0,4.72285
3919520.0,4.71156
3925930.0,4.70759
3939480.0,4.69923
3951390.0,4.69193
3953810.0,4.69044
3959550.0,4.68692
3964590.0,4.68384
3968750.0,4.68129
3989580.0,4.66855
4000000.0,4.66218
4015620.0,4.65374
4038580.0,4.64135
4061050.0,4.62922
4082780.0,4.61748
4082940.0,4.6174
4104380.0,4.60583
4125260.0,4.59456
4145710.0,4.58353
4160240.0,4.57569
4163640.0,4.57385
4165630.0,4.57279
4185130.0,4.56237
4210600.0,4.54876
4235260.0,4.53558
4253910.0,4.52562
4259160.0,4.52281
4282310.0,4.51044
4304740.0,4.49846
4305740.0,4.49793
4326470.0,4.48695
4340710.0,4.47941
4347520.0,4.47581
4367910.0,4.46501
4379830.0,4.4587
4387660.0,4.45496
4406800.0,4.44582
4418120.0,4.4404
4425330.0,4.43696
4451990.0,4.42422
4469700.0,4.41576
4469700.0,4.41576
4477540.0,4.41205
4501780.0,4.40057
4519480.0,4.39219
4525010.0,4.38957
4547040.0,4.37915
4568160.0,4.36915
4576920.0,4.365
4588190.0,4.35967
4596750.0,4.35562
4607390.0,4.35061
4631930.0,4.33906
4645330.0,4.33276
4647540.0,4.33172
4652310.0,4.32965
4654940.0,4.3285
4676500.0,4.31912
4679210.0,4.31794
4696720.0,4.31033
4715680.0,4.30209
4736890.0,4.29286
4742040.0,4.29064
4765720.0,4.2804
4769010.0,4.27898
4787090.0,4.27117
4787450.0,4.27102
4800740.0,4.26528
4801340.0,4.26502
4825640.0,4.25454
4847440.0,4.24513
4862070.0,4.23882
4866510.0,4.23691
4866670.0,4.23684
4883140.0,4.22977
4890500.0,4.22662
4910570.0,4.21802
4932880.0,4.20846
4932930.0,4.20844
4956880.0,4.19818
4976800.0,4.18965
4978440.0,4.18894
4983230.0,4.18689
5000000.0,4.17998
5022590.0,4.17581
5041500.0,4.17232
5062550.0,4.16844
5084390.0,4.1644
5085110.0,4.16427
5105420.0,4.16052
5115260.0,4.15871
5125720.0,4.15679
5163070.0,4.14994
5166280.0,4.14935
5166520.0,4.1493
5205150.0,4.14223
5242020.0,4.13547
5260940.0,4.13201
5277360.0,4.129
5310140.0,4.123
5310880.0,4.12287
5323390.0,4.12058
5343010.0,4.11701
5348100.0,4.11609
5373490.0,4.11147
5402700.0,4.10617
5425540.0,4.10202
5440030.0,4.09939
5474790.0,4.09307
5475030.0,4.09303
5485030.0,4.09122
5507840.0,4.0871
5524550.0,4.08408
5538600.0,4.08155
5562860.0,4.07717
5567440.0,4.07634
5607560.0,4.06911
5608800.0,4.06888
5617500.0,4.06731
5626420.0,4.0657
5635150.0,4.06413
5643580.0,4.06261
5643660.0,4.0626
5651990.0,4.06109
5656870.0,4.06021
5657430.0,4.06011
5668130.0,4.05819
5676640.0,4.05667
5678500.0,4.05633
5688550.0,4.05453
5696850.0,4.05304
5698280.0,4.05278
5704140.0,4.05173
5707710.0,4.05109
5716850.0,4.04945
5725690.0,4.04787
5734270.0,4.04633
5734740.0,4.04624
5742570.0,4.04484
5750620.0,4.0434
5758410.0,4.042
5767900.0,4.0403
5769620.0,4.03999
5776710.0,4.03872
5777100.0,4.03865
5780360.0,4.03806
5790550.0,4.03624
5796910.0,4.03511
5800310.0,4.0345
5804500.0,4.03375
5809580.0,4.03285
5818450.0,4.03126
5824500.0,4.03018
5826880.0,4.02977
5833400.0,4.02866
5834950.0,4.02839
5845260.0,4.02663
5854930.0,4.02497
5863950.0,4.02343
5864000.0,4.02342
5872500.0,4.02197
5880470.0,4.0206
5887300.0,4.01944
5891560.0,4.01871
5897960.0,4.01761
5901510.0,4.01701
5910640.0,4.01544
5916230.0,4.01449
5923470.0,4.01325
5924760.0,4.01303
5926700.0,4.0127
5934110.0,4.01143
5935860.0,4.01114
5943880.0,4.00977
5953960.0,4.00805
5961740.0,4.00673
5962400.0,4.00661
5971800.0,4.00501
5981870.0,4.00329
5990940.0,4.00175
6000000.0,4.00021
6011690.0,4.00099
6023260.0,4.00176
6034670.0,4.00253
6045970.0,4.00328
6046390.0,4.00331
6060880.0,4.00428
6075550.0,4.00526
6089990.0,4.00623
6090850.0,4.00629
6104210.0,4.00718
6109370.0,4.00753
6118210.0,4.00812
6131990.0,4.00904
6133020.0,4.00911
6145550.0,4.00995
6158900.0,4.01084
6172040.0,4.01172
6173450.0,4.01182
6184980.0,4.01259
6197720.0,4.01344
6200170.0,4.01361
6210250.0,4.01428
6220740.0,4.01499
6222590.0,4.01511
6225110.0,4.01528
6234740.0,4.01593
6246690.0,4.01674
6258460.0,4.01753
6270050.0,4.01831
6273540.0,4.01854
6281460.0,4.01908
6292680.0,4.01983
6298950.0,4.02025
6303740.0,4.02058
6314620.0,4.02131
6318940.0,4.0216
6325320.0,4.02203
6341100.0,4.02309
6356460.0,4.02413
6361510.0,4.02447
6371500.0,4.02514
6386160.0,4.02613
6389200.0,4.02634
6400500.0,4.0271
6401410.0,4.02716
6407020.0,4.02754
6414480.0,4.02804
6428170.0,4.02897
6441500.0,4.02987
6454560.0,4.03076
6456930.0,4.03092
6467270.0,4.03162
6479730.0,4.03246
6480740.0,4.03253
6491860.0,4.03328
6503740.0,4.03409
6506780.0,4.0343
6515310.0,4.03487
6526640.0,4.03564
6541430.0,4.03665
6552520.0,4.0374
6555760.0,4.03762
6569640.0,4.03856
6583090.0,4.03947
6596120.0,4.04035
6606710.0,4.04107
6606830.0,4.04108
6608740.0,4.04121
6612800.0,4.04149
6620970.0,4.04204
6632810.0,4.04285
6644290.0,4.04363
6655400.0,4.04439
6655870.0,4.04442
6666170.0,4.04512
6681740.0,4.04618
6696500.0,4.04719
6698890.0,4.04735
6710650.0,4.04815
6724070.0,4.04906
6736940.0,4.04994
6739420.0,4.05011
6749140.0,4.05077
6754090.0,4.05111
6760840.0,4.05157
6775790.0,4.05259
6779490.0,4.05284
6784830.0,4.0532
6789800.0,4.05354
6802940.0,4.05444
6815250.0,4.05528
6826800.0,4.05607
6837620.0,4.05681
6838620.0,4.05688
6852530.0,4.05783
6866210.0,4.05876
6878490.0,4.0596
6887110.0,4.06019
6889760.0,4.06037
6894100.0,4.06067
6903540.0,4.06132
6915600.0,4.06214
6925710.0,4.06283
6931070.0,4.0632
6931920.0,4.06326
6943460.0,4.06405
6953820.0,4.06476
6965370.0,4.06555
6977310.0,4.06637
6977740.0,4.0664
6992580.0,4.06741
7000000.0,4.06792
7046860.0,4.07688
7067360.0,4.0808
7105800.0,4.08816
7123730.0,4.09159
7155120.0,4.09759
7182590.0,4.10285
7210060.0,4.1081
7230660.0,4.11204
7237620.0,4.11337
7237620.0,4.11337
7266710.0,4.11894
7282160.0,4.1219
7305330.0,4.12633
7328510.0,4.13077
7351680.0,4.1352
7374860.0,4.13964
7421120.0,4.14849
7433940.0,4.15095
7453630.0,4.15472
7453640.0,4.15472
7483310.0,4.1604
7483320.0,4.1604
7503790.0,4.16427
7549810.0,4.17298
7604330.0,4.18329
7606090.0,4.18363
7615230.0,4.18535
7653790.0,4.19265
7655330.0,4.19294
7697060.0,4.20084
7718520.0,4.2049
7737340.0,4.20846
7750470.0,4.21095
7752600.0,4.21135
7753700.0,4.21156
7783530.0,4.21721
7815280.0,4.22322
7837640.0,4.22745
7878780.0,4.23524
7893450.0,4.23802
7915940.0,4.24227
7922070.0,4.24343
7931510.0,4.24522
7974020.0,4.25327
7977170.0,4.25387
8000000.0,4.25819
8021770.0,4.26249
8043540.0,4.26678
8084350.0,4.27484
8122620.0,4.28239
8140560.0,4.28593
8158490.0,4.28947
8192120.0,4.29611
8238430.0,4.30525
8239070.0,4.30537
8253210.0,4.30817
8280920.0,4.31364
8297190.0,4.31685
8308640.0,4.31911
8319080.0,4.32117
8354090.0,4.32808
8357130.0,4.32868
8396910.0,4.33653
8419370.0,4.34096
8434370.0,4.34393
8454020.0,4.34781
8482440.0,4.35342
8482460.0,4.35342
8493090.0,4.35552
8509210.0,4.3587
8514670.0,4.35978
8556060.0,4.36795
8577210.0,4.37213
8604370.0,4.37749
8619850.0,4.38054
8637310.0,4.38399
8670770.0,4.3906
8671020.0,4.39065
8676840.0,4.3918
8696600.0,4.3957
8706750.0,4.39765
8751120.0,4.40621
8767710.0,4.40941
8796750.0,4.41501
8825780.0,4.4206
8833850.0,4.42216
8847560.0,4.4248
8888000.0,4.4326
8899960.0,4.43491
8935690.0,4.44179
8944000.0,4.4434
8978560.0,4.45006
9000000.0,4.45419
9046960.0,4.46049
9068980.0,4.46344
9111630.0,4.46916
9132260.0,4.47193
9170960.0,4.47712
9189100.0,4.47956
9191360.0,4.47986
9224240.0,4.48472
9240210.0,4.48708
9241250.0,4.48724
9273130.0,4.49195
9305020.0,4.49667
9332920.0,4.5008
9360820.0,4.50493
9385230.0,4.50854
9409640.0,4.51215
9424570.0,4.51436
9452360.0,4.51921
9472300.0,4.52269
9494640.0,4.5266
9506090.0,4.5286
9537710.0,4.53412
9551070.0,4.53645
9565240.0,4.53893
9591130.0,4.54345
9601150.0,4.5452
9648370.0,4.55345
9654810.0,4.55458
9672130.0,4.5576
9699880.0,4.56245
9719200.0,4.56583
9751400.0,4.57145
9782480.0,4.57572
9804390.0,4.57872
9809670.0,4.57954
9813550.0,4.58014
9833460.0,4.58323
9834700.0,4.58342
9836860.0,4.58375
9847050.0,4.58533
9856610.0,4.58681
9860160.0,4.58736
9863380.0,4.58786
9865570.0,4.5882
9873980.0,4.58951
9881850.0,4.59073
9888430.0,4.59174
9892700.0,4.59241
9902650.0,4.59395
9911590.0,4.59533
9916320.0,4.59607
9919780.0,4.5966
9922430.0,4.59701
9929810.0,4.59816
9930080.0,4.5982
9938590.0,4.59952
9945090.0,4.60053
9946260.0,4.60071
9955920.0,4.60221
9958420.0,4.60259
9964000.0,4.60346
9973000.0,4.60485
9976470.0,4.60539
9982640.0,4.60635
9991320.0,4.60769
10000000.0,4.60904
10023300.0,4.61136
10046100.0,4.61362
10062500.0,4.61525
10068400.0,4.61583
10090200.0,4.618
10091800.0,4.61816
10111400.0,4.62011
10121100.0,4.62107
10132100.0,4.62217
10141100.0,4.62306
10152400.0,4.62418
10172200.0,4.62615
10176000.0,4.62653
10191500.0,4.62807
10201800.0,4.62909
10210400.0,4.62995
10222700.0,4.63118
10228800.0,4.63178
10246800.0,4.63357
10247000.0,4.63359
10251700.0,4.63405
10264400.0,4.63532
10270600.0,4.63593
10275800.0,4.63645
10281600.0,4.63703
10284200.0,4.63728
10293400.0,4.6382
10304000.0,4.63926
10315400.0,4.64039
10321100.0,4.64095
10325800.0,4.64142
10333000.0,4.64214
10336800.0,4.64252
10342300.0,4.64306
10346900.0,4.64351
10357600.0,4.64458
10367300.0,4.64554
10377600.0,4.64657
10387000.0,4.64751
10397100.0,4.64851
10403300.0,4.64912
10405900.0,4.64939
10406200.0,4.64941
10415900.0,4.65038
10424800.0,4.65126
10429200.0,4.65171
10434200.0,4.6522
10436600.0,4.65244
10442700.0,4.65314
10451900.0,4.65418
10460100.0,4.65512
10477000.0,4.65705
10477300.0,4.65708
10477900.0,4.65715
10480200.0,4.65741
10493400.0,4.65891
10501700.0,4.65986
10516900.0,4.66159
10524800.0,4.6625
10539400.0,4.66416
10543100.0,4.66459
10545200.0,4.66482
10546900.0,4.66502
10560800.0,4.6666
10567900.0,4.66742
10576400.0,4.66838
10581200.0,4.66894
10588100.0,4.66972
10600700.0,4.67115
10607200.0,4.6719
10619300.0,4.67328
10620300.0,4.67339
10625500.0,4.67399
10626900.0,4.67415
10628600.0,4.67434
10636900.0,4.67529
10648900.0,4.67666
10653900.0,4.67723
10670900.0,4.67916
10675500.0,4.67969
10691400.0,4.68151
10693900.0,4.6818
10695800.0,4.68201
10710700.0,4.68371
10714800.0,4.68418
10715600.0,4.68427
10725600.0,4.68541
10728800.0,4.68578
10732600.0,4.68621
10749300.0,4.68812
10750000.0,4.6882
10754000.0,4.68865
10772600.0,4.69077
10776500.0,4.69123
10786700.0,4.69239
10793500.0,4.69316
10797300.0,4.69359
10807200.0,4.69473
10809900.0,4.69507
10812500.0,4.6954
10812600.0,4.69541
10824300.0,4.6969
10833700.0,4.6981
10846300.0,4.6997
10854500.0,4.70074
10862900.0,4.70181
10865500.0,4.70215
10872700.0,4.70306
10876900.0,4.7036
10879500.0,4.70393
10882300.0,4.70429
10895500.0,4.70597
10903500.0,4.70698
10914700.0,4.70841
10921200.0,4.70923
10928700.0,4.71019
10931400.0,4.71054
10936000.0,4.71112
10940900.0,4.71174
10958900.0,4.71403
10959800.0,4.71416
10962000.0,4.71443
10979400.0,4.71665
10981000.0,4.71685
11000000.0,4.71927
11021000.0,4.72123
11041300.0,4.72312
11061000.0,4.72495
11061600.0,4.72501
11080100.0,4.72673
11083900.0,4.72709
11098600.0,4.72845
11118200.0,4.73028
11125100.0,4.73093
11150600.0,4.7333
11155200.0,4.73373
11157400.0,4.73394
11174800.0,4.73556
11187200.0,4.73672
11187300.0,4.73673
11189500.0,4.73693
11197900.0,4.73772
11219000.0,4.73968
11219900.0,4.73977
11240900.0,4.742
11247800.0,4.74273
11249700.0,4.74293
11260900.0,4.74411
11277800.0,4.7459
11280000.0,4.74613
11300800.0,4.74833
11304500.0,4.74872
11312600.0,4.74957
11327000.0,4.7511
11327400.0,4.75114
11335700.0,4.75202
11348900.0,4.75341
11356700.0,4.75423
11366400.0,4.75527
11367400.0,4.75536
11369100.0,4.75554
11376000.0,4.75627
11376200.0,4.7563
11385100.0,4.75724
11385200.0,4.75725
11388000.0,4.75754
11394100.0,4.75819
11402800.0,4.75911
11411200.0,4.76
11413100.0,4.7602
11414300.0,4.76032
11419300.0,4.76086
11423100.0,4.76126
11427200.0,4.76169
11434800.0,4.7625
11437900.0,4.76282
11442200.0,4.76328
11449400.0,4.76404
11456300.0,4.76477
11459500.0,4.76511
11466400.0,4.76583
11472200.0,4.76644
11475900.0,4.76684
11481600.0,4.76745
11485000.0,4.7678
11485200.0,4.76782
11485200.0,4.76782
11493600.0,4.76871
11501900.0,4.76959
11501900.0,4.76959
11508500.0,4.77028
11509800.0,4.77042
11517300.0,4.77122
11527000.0,4.77224
11528800.0,4.77244
11531700.0,4.77275
11536000.0,4.77319
11544400.0,4.77409
11552400.0,4.77493
11555000.0,4.7752
11559800.0,4.77572
11569500.0,4.77674
11570100.0,4.7768
11576500.0,4.77748
11579500.0,4.77779
11587900.0,4.77869
11595000.0,4.77944
11595600.0,4.77951
11598800.0,4.77983
11601000.0,4.78007
11601600.0,4.78013
11602900.0,4.78027
11605100.0,4.78053
11613400.0,4.78149
11620600.0,4.78233
11621300.0,4.7824
11629800.0,4.78338
11634000.0,4.78388
11637400.0,4.78427
11639200.0,4.78447
11645900.0,4.78525
11655000.0,4.78631
11660700.0,4.78696
11663200.0,4.78726
11671400.0,4.7882
11676500.0,4.78871
11686600.0,4.78969
11696400.0,4.79065
11701600.0,4.79115
11705900.0,4.79157
11712500.0,4.79221
11715100.0,4.79247
11724000.0,4.79334
11729200.0,4.79385
11732600.0,4.79418
11741000.0,4.795
11748400.0,4.79572
11749100.0,4.79579
11753600.0,4.79622
11756900.0,4.79655
11763100.0,4.79715
11764500.0,4.7973
11771900.0,4.79801
11773900.0,4.79821
11782500.0,4.79905
11784400.0,4.79923
11792600.0,4.80004
11792700.0,4.80005
11793600.0,4.80014
11798200.0,4.80058
11802300.0,4.80098
11811400.0,4.80188
11818600.0,4.80258
11820200.0,4.80274
11828600.0,4.80355
11831500.0,4.80383
11836100.0,4.80428
11836600.0,4.80433
11846800.0,4.80533
11851200.0,4.80576
11856400.0,4.80626
11861400.0,4.80675
11865300.0,4.80714
11873600.0,4.80794
11873800.0,4.80796
11876800.0,4.80826
11878500.0,4.80842
11881600.0,4.80873
11886400.0,4.8092
11892500.0,4.80979
11899500.0,4.81047
11902500.0,4.81078
11908900.0,4.81144
11911400.0,4.81171
11917000.0,4.81229
11919600.0,4.81256
11929700.0,4.81359
11938500.0,4.8145
11940200.0,4.81468
11946200.0,4.81529
11946700.0,4.81535
11953800.0,4.81608
11955800.0,4.81629
11962000.0,4.81693
11963900.0,4.81713
11964600.0,4.8172
11973000.0,4.81806
11974400.0,4.81821
11982200.0,4.81902
11982600.0,4.81906
11991300.0,4.81996
12000000.0,4.82085
12011700.0,4.82177
12015600.0,4.82208
12023300.0,4.82268
12031000.0,4.82329
12034700.0,4.82358
12046000.0,4.82446
12046100.0,4.82448
12046400.0,4.8245
12057100.0,4.82534
12061000.0,4.82565
12062500.0,4.82576
12068200.0,4.82621
12075700.0,4.8268
12079000.0,4.82706
12089800.0,4.82791
12090200.0,4.82794
12090900.0,4.82799
12100500.0,4.82874
12104400.0,4.82905
12111000.0,4.82957
12118400.0,4.83015
12121400.0,4.83039
12125000.0,4.83067
12131700.0,4.8312
12132100.0,4.83123
12133000.0,4.8313
12141800.0,4.83199
12145700.0,4.8323
12151900.0,4.83278
12159100.0,4.83335
12161800.0,4.83356
12169300.0,4.83415
12171600.0,4.83433
12172200.0,4.83438
12173400.0,4.83448
12179700.0,4.83497
12181300.0,4.83509
12185100.0,4.8354
12190800.0,4.83585
12197900.0,4.8364
12200300.0,4.83659
12209700.0,4.83733
12210400.0,4.83738
12211800.0,4.83749
12218900.0,4.83805
12222700.0,4.83835
12228000.0,4.83877
12234100.0,4.83924
12234400.0,4.83927
12234900.0,4.83931
12246000.0,4.84019
12246800.0,4.84025
12248500.0,4.84038
12250000.0,4.8405
12257800.0,4.84111
12258600.0,4.84117
12261700.0,4.84142
12269400.0,4.84202
12270200.0,4.84208
12273300.0,4.84233
12280800.0,4.84292
12282200.0,4.84303
12283400.0,4.84312
12284600.0,4.84322
12287200.0,4.84342
12292100.0,4.84381
12295800.0,4.8441
12303100.0,4.84468
12303900.0,4.84473
12306800.0,4.84496
12314000.0,4.84553
12316800.0,4.84575
12317600.0,4.84582
12320100.0,4.84601
12324700.0,4.84637
12328300.0,4.84665
12335300.0,4.84721
12336000.0,4.84726
12337000.0,4.84734
12338800.0,4.84748
12341000.0,4.84765
12345700.0,4.84802
12351500.0,4.84848
12354200.0,4.84869
12355900.0,4.84883
12359500.0,4.84911
12366000.0,4.84962
12366600.0,4.84967
12369300.0,4.84988
12371900.0,4.85009
12371900.0,4.85009
12375900.0,4.8504
12381400.0,4.85083
12384000.0,4.85104
12385600.0,4.85116
12395200.0,4.85192
12395900.0,4.85197
12398400.0,4.85217
12399500.0,4.85226
12404700.0,4.85266
12409900.0,4.85308
12412400.0,4.85327
12414000.0,4.8534
12423100.0,4.85412
12423700.0,4.85416
12426200.0,4.85435
12432100.0,4.85483
12437100.0,4.85521
12437200.0,4.85522
12439500.0,4.85541
12441000.0,4.85552
12449800.0,4.85621
12450300.0,4.85626
12452600.0,4.85644
12458400.0,4.85689
12463100.0,4.85727
12465400.0,4.85744
12471000.0,4.85788
12472300.0,4.85798
12475700.0,4.85825
12477900.0,4.85843
12483300.0,4.85886
12484800.0,4.85897
12487100.0,4.85915
12490100.0,4.85939
12492000.0,4.85953
12495400.0,4.8598
12502000.0,4.86032
12505200.0,4.86058
12507200.0,4.86073
12507800.0,4.86078
12513600.0,4.86124
12515100.0,4.86136
12518700.0,4.86164
12523200.0,4.862
12525000.0,4.86213
12529900.0,4.86253
12532400.0,4.86272
12538100.0,4.86317
12540900.0,4.86339
12547000.0,4.86387
12551100.0,4.86419
12551600.0,4.86423
12552500.0,4.86431
12561200.0,4.86499
12562100.0,4.86506
12566500.0,4.86541
12572300.0,4.86586
12574900.0,4.86607
12579300.0,4.86641
12580100.0,4.86648
12582300.0,4.86665
12588200.0,4.86711
12592000.0,4.86742
12592300.0,4.86744
12593200.0,4.86751
12601000.0,4.86813
12601600.0,4.86817
12605900.0,4.86851
12610900.0,4.8689
12613500.0,4.86911
12615300.0,4.86925
12617000.0,4.86938
12618200.0,4.86948
12625600.0,4.87006
12626400.0,4.87013
12628900.0,4.87033
12630100.0,4.87042
12630200.0,4.87042
12637300.0,4.87098
12640500.0,4.87124
12641700.0,4.87133
12648600.0,4.87188
12651800.0,4.87213
12653000.0,4.87223
12658400.0,4.87267
12659600.0,4.87277
12662600.0,4.87302
12670200.0,4.87364
12673200.0,4.87389
12674300.0,4.87398
12674900.0,4.87403
12683400.0,4.87473
12684400.0,4.87482
12685500.0,4.87491
12689500.0,4.87523
12691700.0,4.87541
12693300.0,4.87555
12700200.0,4.87611
12702900.0,4.87634
12703900.0,4.87642
12712200.0,4.8771
12714100.0,4.87726
12715600.0,4.87738
12717700.0,4.87755
12721200.0,4.87784
12727400.0,4.87836
12729900.0,4.87856
12730800.0,4.87863
12740100.0,4.8794
12742400.0,4.87959
12743300.0,4.87967
12747600.0,4.88002
12751100.0,4.88031
12752200.0,4.8804
12754400.0,4.88059
12759400.0,4.88099
12763700.0,4.88135
12765800.0,4.88153
12774400.0,4.88224
12774700.0,4.88226
12776700.0,4.88243
12787100.0,4.88328
12788500.0,4.8834
12788800.0,4.88342
12796700.0,4.88408
12797000.0,4.8841
12797100.0,4.88411
12801700.0,4.88449
12802000.0,4.88451
12806400.0,4.88488
12814100.0,4.88551
12814400.0,4.88554
12815400.0,4.88563
12822200.0,4.88618
12826000.0,4.88649
12827000.0,4.88658
12831200.0,4.88692
12836800.0,4.88739
12837800.0,4.88747
12846800.0,4.88822
12847900.0,4.88831
12852000.0,4.88864
12857400.0,4.88909
12860900.0,4.88938
12865600.0,4.88977
12866300.0,4.88983
12866600.0,4.88985
12870700.0,4.89019
12873800.0,4.89045
12878000.0,4.8908
12878700.0,4.89086
12885700.0,4.89143
12889600.0,4.89175
12889900.0,4.89178
12891800.0,4.89194
12898600.0,4.8925
12899900.0,4.89261
12900100.0,4.89262
12903400.0,4.89289
12906300.0,4.89314
12912500.0,4.89365
12912500.0,4.89365
12915500.0,4.89389
12918000.0,4.89411
12923400.0,4.89455
12928300.0,4.89496
12930600.0,4.89515
12937200.0,4.89569
12937200.0,4.8957
12943400.0,4.89621
12943700.0,4.89624
12948500.0,4.89663
12948700.0,4.89665
12956600.0,4.8973
12957500.0,4.89738
12958000.0,4.89742
12961500.0,4.89771
12968500.0,4.89829
12972700.0,4.89864
12975300.0,4.89885
12979700.0,4.89922
12981200.0,4.89935
12986300.0,4.89977
12987600.0,4.89988
12989900.0,4.90006
13000000.0,4.9009
13012000.0,4.90178
13023700.0,4.90264
13032000.0,4.90325
13035100.0,4.90347
13046200.0,4.90429
13047100.0,4.90435
13057100.0,4.90509
13062100.0,4.90545
13067700.0,4.90587
13078100.0,4.90663
13088300.0,4.90737
13090200.0,4.90752
13101500.0,4.90835
13114400.0,4.90929
13116600.0,4.90945
13118500.0,4.90959
13126800.0,4.91023
13128200.0,4.91033
13138900.0,4.91115
13143000.0,4.91147
13150600.0,4.91204
13153000.0,4.91223
13161900.0,4.91291
13172800.0,4.91374
13176200.0,4.914
13183400.0,4.91455
13183400.0,4.91456
13186300.0,4.91478
13189200.0,4.915
13193700.0,4.91534
13203700.0,4.91611
13209900.0,4.91658
13213400.0,4.91684
13216300.0,4.91707
13224300.0,4.91768
13227300.0,4.91791
13229600.0,4.91809
13240500.0,4.91893
13243800.0,4.91917
13253200.0,4.9199
13265300.0,4.92082
13276800.0,4.9217
13277400.0,4.92175
13280500.0,4.92199
13287700.0,4.92254
13296300.0,4.9232
13298200.0,4.92334
13306800.0,4.924
13311600.0,4.92437
13323000.0,4.92525
13324200.0,4.92533
13332500.0,4.92597
13336000.0,4.92624
13344500.0,4.92689
13347000.0,4.92708
13357300.0,4.92788
13364900.0,4.92845
13365500.0,4.9285
13367000.0,4.92862
13368400.0,4.92873
13369400.0,4.9288
13370400.0,4.92888
13380400.0,4.92965
13391900.0,4.93053
13392700.0,4.93059
13402300.0,4.93133
13403700.0,4.93143
13406000.0,4.93161
13413800.0,4.93221
13422100.0,4.93285
13426100.0,4.93316
13436900.0,4.93399
13440200.0,4.93424
13440500.0,4.93426
13450800.0,4.93506
13454400.0,4.93533
13459300.0,4.93571
13461900.0,4.93591
13466100.0,4.93623
13471200.0,4.93663
13481600.0,4.93742
13483500.0,4.93757
13486800.0,4.93783
13492600.0,4.93827
13497100.0,4.93862
13505900.0,4.9393
13512600.0,4.93981
13512600.0,4.93981
13521300.0,4.94048
13529300.0,4.9411
13536400.0,4.94164
13539100.0,4.94185
13547700.0,4.94251
13554200.0,4.94301
13558000.0,4.9433
13558500.0,4.94334
13560200.0,4.94347
13567500.0,4.94403
13572000.0,4.94438
13577600.0,4.94481
13587900.0,4.9456
13589900.0,4.94575
13595000.0,4.94615
13603500.0,4.9468
13607600.0,4.94712
13607700.0,4.94713
13620000.0,4.948
13632200.0,4.94888
13637600.0,4.94926
13654500.0,4.95047
13656700.0,4.95063
13670500.0,4.95161
13678200.0,4.95216
13685900.0,4.95271
13699600.0,4.95369
13699800.0,4.9537
13700400.0,4.95375
13705800.0,4.95415
13709000.0,4.95438
13714400.0,4.95478
13718400.0,4.95508
13727700.0,4.95576
13740400.0,4.9567
13749300.0,4.95736
13753600.0,4.95768
13753600.0,4.95768
13756600.0,4.9579
13770000.0,4.9589
13771800.0,4.95903
13779300.0,4.95959
13786100.0,4.96008
13797900.0,4.96096
13798800.0,4.96103
13799400.0,4.96108
13799700.0,4.96109
13812000.0,4.962
13827500.0,4.96316
13829400.0,4.9633
13834900.0,4.96371
13845100.0,4.96446
13849100.0,4.96476
13859400.0,4.96552
13876200.0,4.96677
13876500.0,4.96678
13886800.0,4.96755
13891900.0,4.96793
13901900.0,4.96867
13902300.0,4.9687
13903000.0,4.96875
13905400.0,4.96893
13920400.0,4.97005
13922800.0,4.97022
13926400.0,4.9705
13927200.0,4.97055
13932400.0,4.97094
13943300.0,4.97175
13949300.0,4.97219
13951500.0,4.97236
13960200.0,4.97301
13966700.0,4.97349
13975700.0,4.97416
13978600.0,4.97437
13992900.0,4.97544
13994400.0,4.97555
14000000.0,4.97597
14023200.0,4.9778
14031200.0,4.97844
14045400.0,4.97956
14062500.0,4.9809
14073800.0,4.9818
14089800.0,4.98307
14100500.0,4.98391
14117200.0,4.98523
14125000.0,4.98585
14125400.0,4.98588
14141100.0,4.98712
14148900.0,4.98774
14170800.0,4.98948
14186000.0,4.99068
14186000.0,4.99068
14197500.0,4.99159
14201300.0,4.9919
14218800.0,4.99328
14228700.0,4.99407
14242400.0,4.99515
14243500.0,4.99525
14253900.0,4.99607
14269300.0,4.99729
14289100.0,4.99886
14289600.0,4.99891
14298100.0,4.99958
14307700.0,5.00034
14323400.0,5.00159
14336000.0,5.0026
14342200.0,5.00309
14345400.0,5.00335
14373200.0,5.00556
14373800.0,5.00561
14381700.0,5.00623
14396500.0,5.00741
14397800.0,5.00752
14398600.0,5.00758
14406200.0,5.0082
14422300.0,5.00948
14429700.0,5.01007
14440800.0,5.01096
14445900.0,5.01136
14449300.0,5.01163
14450100.0,5.01169
14475000.0,5.01369
14500000.0,5.01569
14531200.0,5.01818
14560500.0,5.02051
14562500.0,5.02067
14569700.0,5.02125
14589800.0,5.02285
14600900.0,5.02374
14600900.0,5.02374
14617200.0,5.02504
14625000.0,5.02566
14637900.0,5.02669
14641100.0,5.02695
14671100.0,5.02935
14686000.0,5.03054
14701600.0,5.0318
14706900.0,5.03222
14738900.0,5.03479
14743500.0,5.03516
14750000.0,5.03567
14771600.0,5.03741
14780200.0,5.0381
14800100.0,5.0397
14806900.0,5.04025
14807700.0,5.04031
14812500.0,5.0407
14836800.0,5.04265
14855200.0,5.04413
14858700.0,5.04442
14873800.0,5.04563
14875000.0,5.04573
14906300.0,5.04826
14918900.0,5.04927
14929300.0,5.05012
14939700.0,5.05096
14969900.0,5.0534
14973000.0,5.05365
15000000.0,5.05584
15038600.0,5.05847
15053600.0,5.05951
15070800.0,5.06068
15073800.0,5.06088
15093900.0,5.06226
15106800.0,5.06315
15124100.0,5.06433
15145300.0,5.06579
15174400.0,5.06779
15179900.0,5.06818
15184400.0,5.06848
15211600.0,5.07036
15214600.0,5.07056
15263700.0,5.07327
15309700.0,5.07581
15312800.0,5.07598
15331300.0,5.07701
15336500.0,5.0773
15352800.0,5.0782
15355700.0,5.07836
15393300.0,5.08045
15398700.0,5.08075
15411000.0,5.08143
15412300.0,5.0815
15426200.0,5.08228
15436300.0,5.08284
15449000.0,5.08355
15466800.0,5.08454
15500100.0,5.0864
15506700.0,5.08677
15506700.0,5.08677
15515700.0,5.08727
15558200.0,5.08965
15560600.0,5.08979
15562600.0,5.0899
15570200.0,5.09033
15595400.0,5.09174
15597200.0,5.09184
15615600.0,5.09288
15617300.0,5.09298
15643900.0,5.09448
15663600.0,5.09559
15669500.0,5.09593
15687400.0,5.09694
15697900.0,5.09753
15724100.0,5.09902
15726500.0,5.09916
15752200.0,5.10062
15774600.0,5.1019
15779100.0,5.10215
15794900.0,5.10305
15801700.0,5.10344
15831000.0,5.10511
15837400.0,5.10548
15852700.0,5.10636
15855400.0,5.10652
15864600.0,5.10704
15865400.0,5.10709
15872500.0,5.1075
15889100.0,5.10845
15913500.0,5.10986
15928700.0,5.11074
15930300.0,5.11083
15957500.0,5.1124
15971200.0,5.11319
15976200.0,5.11349
16000000.0,5.11487
16062500.0,5.11223
16121100.0,5.10976
16125000.0,5.1096
16148600.0,5.10861
16225700.0,5.10539
16227500.0,5.10531
16231000.0,5.10517
16234400.0,5.10503
16298400.0,5.10237
16327100.0,5.10119
16343800.0,5.1005
16363500.0,5.09969
16371900.0,5.09934
16443100.0,5.09643
16450500.0,5.09613
16454600.0,5.09595
16478100.0,5.095
16487100.0,5.09463
16500000.0,5.09411
16512700.0,5.0936
16519100.0,5.09334
16573600.0,5.09115
16578100.0,5.09096
16615300.0,5.08947
16639400.0,5.08851
16650200.0,5.08808
16686800.0,5.08663
16714300.0,5.08554
16747600.0,5.08423
16763300.0,5.08361
16785800.0,5.08273
16846100.0,5.08038
16847900.0,5.08031
16859400.0,5.07986
16862300.0,5.07975
16891800.0,5.07861
16922200.0,5.07744
16931100.0,5.0771
16949300.0,5.07641
16970600.0,5.07559
17000000.0,5.0745
17091800.0,5.07085
17125000.0,5.06953
17127400.0,5.06943
17176000.0,5.06751
17179700.0,5.06737
17234200.0,5.06524
17239800.0,5.06501
17279000.0,5.06348
17279000.0,5.06348
17282200.0,5.06336
17330100.0,5.0615
17369100.0,5.05999
17413800.0,5.05827
17448000.0,5.05697
17483100.0,5.05563
17484800.0,5.05556
17497600.0,5.05508
17500000.0,5.05499
17503900.0,5.05484
17515600.0,5.0544
17523200.0,5.05411
17530600.0,5.05383
17538000.0,5.05355
17545200.0,5.05328
17547200.0,5.0532
17549200.0,5.05313
17552300.0,5.05301
17559300.0,5.05275
17560400.0,5.05271
17562500.0,5.05263
17566200.0,5.05249
17573000.0,5.05224
17579600.0,5.05199
17586200.0,5.05174
17589800.0,5.05161
17592700.0,5.0515
17602200.0,5.05115
17602700.0,5.05113
17611500.0,5.0508
17611900.0,5.05078
17620500.0,5.05046
17621000.0,5.05044
17629400.0,5.05013
17629800.0,5.05011
17630200.0,5.0501
17638000.0,5.04981
17638500.0,5.04979
17646500.0,5.04949
17646900.0,5.04948
17654700.0,5.04918
17655200.0,5.04917
17661900.0,5.04892
17662800.0,5.04888
17663200.0,5.04887
17670300.0,5.0486
17670700.0,5.04859
17671100.0,5.04858
17678400.0,5.04831
17678800.0,5.04829
17685900.0,5.04803
17686300.0,5.04801
17693200.0,5.04776
17693600.0,5.04774
17700400.0,5.04749
17700700.0,5.04748
17705400.0,5.04731
17707400.0,5.04724
17711500.0,5.04708
17714600.0,5.04697
17716400.0,5.0469
17722700.0,5.04667
17723500.0,5.04664
17725300.0,5.04658
17729700.0,5.04642
17732200.0,5.04633
17733900.0,5.04626
17740500.0,5.04602
17742200.0,5.04596
17748700.0,5.04572
17750000.0,5.04568
17750200.0,5.04567
17750300.0,5.04567
17756500.0,5.04544
17758100.0,5.04538
17764100.0,5.04516
17765600.0,5.0451
17771500.0,5.04489
17773000.0,5.04484
17778100.0,5.04465
17778600.0,5.04463
17780000.0,5.04458
17785600.0,5.04438
17786900.0,5.04433
17788000.0,5.04429
17792300.0,5.04413
17793600.0,5.04409
17800000.0,5.04385
17801900.0,5.04379
17809400.0,5.04352
17811100.0,5.04345
17818000.0,5.0432
17818200.0,5.0432
17819900.0,5.04314
17826700.0,5.04289
17828300.0,5.04283
17834700.0,5.0426
17836200.0,5.04254
17842400.0,5.04232
17843900.0,5.04227
17849700.0,5.04206
17851100.0,5.04201
17856700.0,5.0418
17857400.0,5.04178
17858100.0,5.04176
17865700.0,5.04148
17866900.0,5.04144
17874100.0,5.04118
17875300.0,5.04114
17876400.0,5.0411
17882000.0,5.0409
17883100.0,5.04086
17889300.0,5.04063
17890400.0,5.0406
17896200.0,5.04039
17897200.0,5.04035
17905800.0,5.04005
17906700.0,5.04001
17914500.0,5.03974
17915300.0,5.03971
17922000.0,5.03947
17922400.0,5.03946
17923200.0,5.03943
17928000.0,5.03926
17929300.0,5.03921
17929600.0,5.0392
17937000.0,5.03894
17938400.0,5.03889
17944800.0,5.03866
17946100.0,5.03861
17951700.0,5.03841
17952500.0,5.03839
17952800.0,5.03838
17960400.0,5.03811
17961300.0,5.03808
17967700.0,5.03785
17968400.0,5.03783
17975800.0,5.03757
17976300.0,5.03755
17979900.0,5.03742
17984400.0,5.03726
17984800.0,5.03725
17992200.0,5.03698
17992400.0,5.03698
18000000.0,5.03671
18007800.0,5.03546
18015600.0,5.03422
18023300.0,5.03299
18027100.0,5.03238
18030900.0,5.03177
18038500.0,5.03056
18046000.0,5.02935
18049700.0,5.02876
18053400.0,5.02816
18060800.0,5.02698
18068200.0,5.0258
18071800.0,5.02522
18075400.0,5.02464
18082700.0,5.02348
18086200.0,5.02291
18093400.0,5.02177
18096900.0,5.0212
18104000.0,5.02007
18107500.0,5.01951
18114500.0,5.01839
18117900.0,5.01784
18124800.0,5.01673
18125000.0,5.01671
18128200.0,5.01619
18135100.0,5.0151
18138400.0,5.01456
18145200.0,5.01349
18148500.0,5.01295
18155200.0,5.01189
18158500.0,5.01136
18165100.0,5.01031
18168300.0,5.00979
18174800.0,5.00875
18178100.0,5.00824
18184500.0,5.00721
18187700.0,5.0067
18194000.0,5.00569
18197200.0,5.00519
18203400.0,5.00419
18206600.0,5.00369
18212800.0,5.0027
18215800.0,5.00221
18222000.0,5.00123
18225000.0,5.00074
18231100.0,4.99978
18234100.0,4.9993
18234400.0,4.99925
18240100.0,4.99834
18243000.0,4.99787
18248900.0,4.99693
18251900.0,4.99646
18253900.0,4.99613
18257700.0,4.99553
18260600.0,4.99506
18266400.0,4.99414
18269300.0,4.99369
18275000.0,4.99278
18277800.0,4.99233
18282200.0,4.99162
18283500.0,4.99143
18286300.0,4.99098
18291900.0,4.99009
18294600.0,4.98965
18297400.0,4.98921
18302900.0,4.98834
18308400.0,4.98746
18311000.0,4.98704
18319100.0,4.98576
18319200.0,4.98574
18327000.0,4.98449
18329800.0,4.98405
18334900.0,4.98324
18340300.0,4.98238
18342700.0,4.982
18343800.0,4.98183
18350400.0,4.98078
18350600.0,4.98075
18360500.0,4.97917
18360700.0,4.97913
18370500.0,4.97758
18370700.0,4.97755
18371900.0,4.97735
18380400.0,4.97602
18380600.0,4.97599
18390000.0,4.97448
18390200.0,4.97445
18399600.0,4.97297
18399800.0,4.97294
18409000.0,4.97148
18409100.0,4.97145
18413800.0,4.97071
18418200.0,4.97001
18418400.0,4.96998
18425800.0,4.96881
18427300.0,4.96857
18427500.0,4.96854
18436200.0,4.96715
18436400.0,4.96712
18445000.0,4.96576
18445200.0,4.96573
18453700.0,4.96438
18453900.0,4.96436
18462200.0,4.96303
18462400.0,4.96301
18470700.0,4.9617
18470800.0,4.96168
18478900.0,4.96039
18479100.0,4.96037
18480400.0,4.96016
18487100.0,4.9591
18487100.0,4.9591
18487200.0,4.95908
18495100.0,4.95783
18495200.0,4.95781
18503000.0,4.95659
18503100.0,4.95656
18510700.0,4.95536
18511500.0,4.95524
18514700.0,4.95473
18518400.0,4.95415
18525900.0,4.95295
18526100.0,4.95293
18533300.0,4.95178
18537100.0,4.95118
18540600.0,4.95063
18547900.0,4.94947
18551300.0,4.94893
18558500.0,4.9478
18560400.0,4.9475
18561800.0,4.94727
18568800.0,4.94617
18569300.0,4.94608
18572000.0,4.94565
18578800.0,4.94458
18582000.0,4.94408
18588700.0,4.94303
18591800.0,4.94254
18598300.0,4.94151
18601300.0,4.94103
18607700.0,4.94003
18610600.0,4.93956
18615300.0,4.93882
18616800.0,4.93859
18619700.0,4.93813
18625800.0,4.93717
18628600.0,4.93673
18630900.0,4.93637
18634500.0,4.9358
18637300.0,4.93536
18643000.0,4.93445
18645700.0,4.93403
18648600.0,4.93357
18654000.0,4.93273
18659600.0,4.93185
18662100.0,4.93145
18670000.0,4.93021
18670200.0,4.93017
18677700.0,4.929
18680500.0,4.92855
18687800.0,4.92741
18690500.0,4.92698
18697500.0,4.92588
18700200.0,4.92545
18707000.0,4.92439
18709600.0,4.92398
18711500.0,4.92368
18716100.0,4.92295
18718600.0,4.92255
18723100.0,4.92184
18725000.0,4.92155
18727400.0,4.92117
18733600.0,4.9202
18736000.0,4.91983
18741900.0,4.9189
18744200.0,4.91854
18747600.0,4.91801
18750000.0,4.91763
18752200.0,4.91728
18757800.0,4.91641
18763700.0,4.91548
18765400.0,4.91522
18772600.0,4.91408
18772700.0,4.91407
18774700.0,4.91375
18783300.0,4.91241
18785200.0,4.91211
18793300.0,4.91083
18795200.0,4.91054
18803000.0,4.90932
18804700.0,4.90905
18812100.0,4.90788
18813800.0,4.90762
18814500.0,4.90751
18815400.0,4.90736
18820900.0,4.90651
18822400.0,4.90627
18829200.0,4.90521
18830700.0,4.90497
18837200.0,4.90397
18841300.0,4.90332
18847300.0,4.90238
18851200.0,4.90177
18856900.0,4.90088
18860500.0,4.90032
18865800.0,4.89948
18869200.0,4.89895
18874200.0,4.89817
18877400.0,4.89768
18882100.0,4.89694
18888800.0,4.8959
18889400.0,4.89579
18891800.0,4.89542
18899000.0,4.8943
18899600.0,4.89421
18907700.0,4.89294
18908300.0,4.89284
18908900.0,4.89275
18914100.0,4.89195
18917300.0,4.89145
18924800.0,4.89027
18924900.0,4.89025
18934200.0,4.88881
18934300.0,4.88879
18938200.0,4.88819
18942400.0,4.88753
18942500.0,4.88751
18952800.0,4.88592
18953100.0,4.88587
18958900.0,4.88496
18961400.0,4.88457
18969200.0,4.88336
18971100.0,4.88307
18973700.0,4.88267
18978300.0,4.88195
18979800.0,4.88172
18987000.0,4.8806
18989200.0,4.88027
18995700.0,4.87926
19000000.0,4.87859
19031200.0,4.87409
19037500.0,4.87319
19061500.0,4.86972
19090800.0,4.86549
19119300.0,4.86139
19125000.0,4.86057
19146800.0,4.85743
19173400.0,4.85359
19179700.0,4.85269
19199300.0,4.84987
19211800.0,4.84807
19224300.0,4.84627
19248500.0,4.84278
19250000.0,4.84257
19260300.0,4.84109
19268100.0,4.83998
19283400.0,4.83778
19294800.0,4.83615
19306100.0,4.83453
19316800.0,4.83299
19327500.0,4.83146
19330100.0,4.83109
19343800.0,4.82913
19348500.0,4.82845
19358800.0,4.82697
19378900.0,4.8241
19388600.0,4.82271
19407700.0,4.81998
19417100.0,4.81863
19435300.0,4.81603
19437500.0,4.81572
19444100.0,4.81477
19470100.0,4.81108
19470600.0,4.811
19497600.0,4.80717
19503200.0,4.80637
19503700.0,4.8063
19534200.0,4.80195
19534700.0,4.80188
19539900.0,4.80115
19563300.0,4.79781
19563800.0,4.79775
19569300.0,4.79696
19578400.0,4.79567
19590600.0,4.79394
19591100.0,4.79388
19616200.0,4.79031
19623200.0,4.78932
19629000.0,4.7885
19651800.0,4.78526
19663000.0,4.78367
19683800.0,4.78073
19694300.0,4.77924
19713100.0,4.77658
19718800.0,4.77578
19723100.0,4.77516
19731300.0,4.77401
19747800.0,4.77169
19764900.0,4.76929
19779400.0,4.76726
19794300.0,4.76516
19806900.0,4.76338
19811600.0,4.76273
19815600.0,4.76217
19832000.0,4.75987
19842300.0,4.75842
19853000.0,4.75692
19854700.0,4.75669
19862000.0,4.75566
19889700.0,4.75177
19896500.0,4.75082
19907700.0,4.74926
19927600.0,4.74647
19932100.0,4.74585
19953500.0,4.74286
19956400.0,4.74246
19984500.0,4.73853
19985400.0,4.7384
20000000.0,4.73637
