Mg,26
E_eV,Sig_b
1e-05,33.6621
1.10304e-05,32.0619
1.21669e-05,30.5388
1.34206e-05,29.0891
1.48034e-05,27.7093
1.63286e-05,26.3962
1.80111e-05,25.1465
1.98669e-05,23.9573
2.19139e-05,22.8258
2.41719e-05,21.7491
2.66625e-05,20.7247
2.94097e-05,19.7501
3.244e-05,18.823
3.57825e-05,17.9412
3.94694e-05,17.1025
4.35362e-05,16.3049
4.80221e-05,15.5465
5.29701e-05,14.8254
5.8428e-05,14.14
6.44482e-05,13.4886
7.10888e-05,12.8696
7.84136e-05,12.2844
7.89667e-05,12.2406
8.64931e-05,11.728
8.77133e-05,11.6456
9.54051e-05,11.1992
9.74335e-05,11.0824
0.000105235,10.6966
0.000108226,10.5499
0.000116078,10.2192
0.000120219,10.0463
0.000128039,9.76583
0.000133535,9.57043
0.000141232,9.33552
0.000148333,9.12066
0.000155784,8.92721
0.000164763,8.69614
0.000171835,8.54
0.000183021,8.29527
0.00018954,8.17295
0.000203293,7.91727
0.00020907,7.82522
0.000225822,7.56075
0.000230612,7.49596
0.000250835,7.22502
0.000254374,7.18442
0.000278632,6.9088
0.000280584,6.88983
0.000309494,6.61148
0.000341383,6.35154
0.000343791,6.33208
0.000376558,6.10615
0.000381871,6.06984
0.000415358,5.87576
0.00042716,5.80798
0.000458155,5.65797
0.000477821,5.56368
0.000505362,5.4525
0.00053449,5.33607
0.000557433,5.25893
0.00059788,5.12432
0.000614869,5.07682
0.000668788,4.92764
0.000678223,4.90583
0.000748105,4.74611
0.000752426,4.73632
0.000825188,4.59993
0.0008476,4.55835
0.000910213,4.46238
0.000954766,4.39482
0.001004,4.33359
0.00108307,4.23637
0.00110745,4.21196
0.00122155,4.09911
0.00122861,4.09221
0.00134742,3.99847
0.00140354,3.9547
0.00148625,3.90307
0.0016033,3.83092
0.00163939,3.81324
0.00180831,3.73163
0.00184442,3.7144
0.00199463,3.65832
0.00213675,3.60599
0.00220016,3.58796
0.00242685,3.52446
0.00249277,3.50625
0.00267691,3.46755
0.00292847,3.4155
0.00295273,3.41175
0.00325697,3.36551
0.00348903,3.3308
0.00359256,3.3195
0.00396272,3.27989
0.00421534,3.25332
0.00437103,3.24165
0.00482141,3.20859
0.00516494,3.18384
0.00531819,3.17617
0.00586616,3.1494
0.0064627,3.12086
0.00647059,3.12061
0.0071373,3.09977
0.00787271,3.07733
0.00831632,3.06408
0.00868389,3.05702
0.00957865,3.04032
0.0105656,3.02237
0.0110057,3.01455
0.0116543,3.00752
0.0128551,2.99492
0.0141796,2.98143
0.0152963,2.97035
0.0156406,2.96839
0.0172522,2.9596
0.0190298,2.95026
0.0209906,2.94029
0.0226437,2.93213
0.0231534,2.93041
0.0251384,2.92396
0.0252419,2.92365
0.0253,2.92348
0.0279068,2.91828
0.0307823,2.91283
0.033954,2.90707
0.0374525,2.90097
0.0413115,2.89448
0.0424854,2.89257
0.0455681,2.89036
0.0502633,2.8872
0.0554423,2.88392
0.0611549,2.8805
0.0674561,2.87692
0.0744066,2.87314
0.0820732,2.86915
0.0855961,2.86738
0.0905297,2.86647
0.0998577,2.8649
0.110147,2.86331
0.121496,2.8617
0.134014,2.86006
0.147823,2.85837
0.163054,2.85664
0.179855,2.85483
0.198386,2.85295
0.218827,2.85098
0.241375,2.8489
0.251736,2.84798
0.266245,2.84761
0.293678,2.847
0.323938,2.84641
0.357316,2.84584
0.394132,2.84528
0.434743,2.84475
0.479537,2.84422
0.528947,2.84371
0.583448,2.84322
0.648105,2.8427
0.714884,2.84221
0.788543,2.84174
0.869792,2.84127
0.959413,2.84079
1.05827,2.84032
1.16731,2.83984
1.2966,2.83933
1.4302,2.83883
1.57757,2.83833
1.74011,2.83781
1.91941,2.83727
2.11718,2.83671
2.33533,2.83612
2.57595,2.8355
2.88146,2.83476
3.13414,2.83416
3.17835,2.83414
3.50584,2.83397
3.86707,2.83381
4.26552,2.83366
4.70503,2.83351
5.15372,2.83338
5.76495,2.83323
6.35895,2.8331
6.96502,2.83298
7.68268,2.83287
8.47428,2.83275
9.34744,2.83264
10.3106,2.83254
11.5334,2.83242
12.6333,2.83233
13.8374,2.83224
15.1569,2.83215
16.7187,2.83206
18.4413,2.83196
20.3414,2.83188
22.9133,2.83177
25.0984,2.83169
27.4905,2.83161
29.9012,2.83153
32.9822,2.83144
36.3806,2.83135
40.1291,2.83126
45.205,2.83115
50.2121,2.83105
54.6152,2.83096
59.4045,2.83088
65.0696,2.83078
71.7742,2.83067
79.1696,2.83055
85.5089,2.83045
91.7134,2.83036
100.46,2.83023
109.269,2.83011
118.018,2.82999
128.368,2.82985
141.594,2.82968
155.097,2.8295
167.516,2.82935
183.492,2.82915
200.98,2.82893
218.604,2.82871
236.12,2.8285
255.027,2.82828
279.348,2.82799
308.131,2.82765
335.151,2.82733
367.095,2.82696
402.102,2.82655
434.3,2.82618
472.384,2.82574
510.234,2.8253
558.865,2.82475
612.16,2.82414
665.842,2.82353
729.304,2.82281
798.853,2.82202
868.906,2.82122
938.481,2.82044
1013.68,2.81959
1101.65,2.8186
1206.65,2.81741
1320.39,2.81613
1462.59,2.81453
1602.07,2.81296
1740.71,2.8114
1880.09,2.80983
2030.74,2.80814
2187.85,2.80638
2396.49,2.80404
2622.25,2.8015
2925.16,2.79811
3181.68,2.79523
3457.01,2.79214
3734.0,2.78904
4032.99,2.78568
4314.8,2.78253
4627.88,2.77902
5052.54,2.77426
5469.58,2.76959
5850.3,2.76532
6363.32,2.75957
6636.47,2.75651
6913.99,2.7542
7445.83,2.74975
7977.68,2.74531
8509.52,2.74087
9041.36,2.73643
9629.95,2.73151
10176.3,2.72695
10787.0,2.72185
11537.8,2.71558
12375.0,2.70859
13296.1,2.7009
14160.0,2.69368
14891.6,2.68757
15208.3,2.68493
15844.3,2.68102
16900.6,2.67454
17956.9,2.66805
19125.0,2.66088
20210.1,2.65422
21273.8,2.64769
22337.4,2.64116
23401.1,2.63463
24464.8,2.6281
25694.9,2.62054
25874.9,2.61944
26967.4,2.6146
28519.8,2.60771
29993.3,2.60118
31688.7,2.59367
33439.5,2.5859
35101.7,2.57853
36420.5,2.57269
37983.8,2.56576
39336.8,2.55976
40139.0,2.55726
42251.5,2.55067
44364.1,2.54408
46476.7,2.53749
48589.3,2.5309
50674.9,2.5244
52814.4,2.51772
55311.7,2.50994
56366.0,2.50665
57439.1,2.50424
59566.5,2.49946
61693.8,2.49469
63377.3,2.49091
65031.1,2.48719
65719.2,2.48565
66080.0,2.48484
66604.5,2.48366
66866.7,2.48307
67128.9,2.48248
67286.0,2.48213
67482.4,2.48169
67600.2,2.48143
67678.8,2.48125
67757.3,2.48107
67845.7,2.48088
67900.7,2.48075
67951.7,2.48064
68000.8,2.48053
68047.9,2.48042
68081.9,2.48035
68113.2,2.48028
68144.5,2.48021
68176.3,2.48014
68197.7,2.48009
68219.1,2.48004
68240.5,2.47999
68262.0,2.47995
68283.4,2.4799
68304.9,2.47985
68321.0,2.47982
68337.7,2.47978
68354.7,2.47974
68371.7,2.4797
68383.1,2.47968
68394.4,2.47965
68405.8,2.47963
68417.1,2.47961
68426.1,2.47959
68435.1,2.47957
68444.2,2.47955
68453.2,2.47953
68462.2,2.47951
68471.2,2.47949
68480.2,2.47947
68487.0,2.47946
68495.5,2.47944
68501.8,2.47943
68508.1,2.47942
68514.4,2.47941
68520.8,2.47939
68527.1,2.47938
68533.4,2.47937
68539.7,2.47936
68545.5,2.47935
68545.9,2.47935
68551.4,2.47948
68555.4,2.47958
68559.3,2.47967
68563.2,2.47977
68567.1,2.47987
68571.1,2.47996
68574.6,2.48005
68578.1,2.48014
68581.7,2.48023
68585.2,2.48031
68588.8,2.4804
68592.3,2.48049
68595.8,2.48058
68599.4,2.48067
68603.0,2.48077
68605.5,2.48083
68607.9,2.4809
68610.4,2.48097
68612.9,2.48103
68615.3,2.4811
68617.8,2.48117
68620.0,2.48123
68622.1,2.48129
68624.1,2.48135
68626.2,2.48141
68628.3,2.48148
68630.3,2.48154
68632.4,2.48161
68634.5,2.48167
68636.3,2.48173
68637.8,2.48179
68639.4,2.48185
68641.0,2.4819
68642.6,2.48197
68643.7,2.48201
68644.9,2.48206
68646.1,2.48212
68647.3,2.48217
68648.4,2.48223
68649.3,2.48228
68650.3,2.48233
68651.2,2.48239
68651.9,2.48243
68652.5,2.48247
68653.2,2.48252
68653.8,2.48257
68654.4,2.48263
68655.1,2.48269
68655.7,2.48275
68656.4,2.48282
68657.0,2.4829
68657.5,2.48296
68658.0,2.48303
68658.5,2.48312
68659.0,2.4832
68659.5,2.4833
68660.0,2.4834
68660.5,2.4835
68661.0,2.48362
68661.5,2.48375
68662.0,2.4839
68662.4,2.48405
68662.9,2.48423
68663.4,2.48441
68663.9,2.48462
68664.4,2.48485
68664.9,2.4851
68665.3,2.4853
68665.6,2.48552
68666.0,2.48575
68666.3,2.48596
68666.7,2.48624
68667.1,2.48655
68667.5,2.48687
68667.9,2.48722
68668.3,2.48759
68668.7,2.48799
68669.1,2.48842
68669.5,2.48888
68669.9,2.48937
68670.2,2.48989
68670.6,2.49045
68671.0,2.49104
68671.4,2.49168
68671.8,2.49235
68672.2,2.49306
68672.8,2.49412
68673.3,2.49521
68673.8,2.49639
68674.3,2.49765
68674.8,2.49901
68675.3,2.50046
68675.8,2.50202
68676.4,2.50368
68676.9,2.50544
68677.1,2.50634
68677.4,2.50738
68677.9,2.50947
68678.4,2.51179
68679.0,2.51424
68679.8,2.51815
68680.6,2.52235
68681.4,2.52683
68682.2,2.53158
68683.1,2.53707
68684.0,2.54284
68685.3,2.55195
68687.1,2.56508
68690.2,2.5877
68691.6,2.59765
68692.9,2.60546
68693.9,2.61162
68694.4,2.61406
68694.9,2.61624
68695.7,2.61938
68696.7,2.62283
68697.8,2.62533
68698.8,2.62655
68699.8,2.62688
68699.9,2.62686
68700.9,2.62607
68702.0,2.62414
68702.9,2.62173
68703.6,2.61917
68704.5,2.61557
68705.6,2.61016
68706.6,2.60415
68707.8,2.59646
68709.2,2.58708
68711.3,2.57143
68713.6,2.55436
68714.8,2.54594
68716.0,2.53787
68716.9,2.53212
68717.9,2.52607
68718.6,2.52179
68719.3,2.51774
68720.1,2.51393
68720.6,2.51128
68721.2,2.50854
68721.8,2.50595
68722.4,2.50351
68723.0,2.50122
68723.6,2.49907
68724.2,2.49706
68724.7,2.49518
68725.2,2.49371
68725.8,2.49207
68726.4,2.49054
68727.0,2.48912
68727.4,2.48824
68727.8,2.48751
68728.2,2.48683
68728.6,2.48619
68729.0,2.48559
68729.4,2.48503
68729.8,2.4845
68730.1,2.484
68730.5,2.48354
68730.9,2.48311
68731.3,2.48271
68731.8,2.48225
68732.3,2.48182
68732.8,2.48144
68733.3,2.48108
68733.8,2.48076
68734.1,2.48054
68734.5,2.48034
68735.0,2.48008
68735.5,2.47985
68736.0,2.47965
68736.5,2.47946
68737.0,2.47929
68737.5,2.47914
68737.9,2.479
68738.4,2.47887
68738.9,2.47876
68739.3,2.47868
68739.8,2.47859
68740.2,2.47852
68740.6,2.47845
68741.1,2.47838
68741.5,2.47832
68742.1,2.47825
68742.7,2.47819
68743.3,2.47814
68743.9,2.47809
68744.5,2.47805
68745.1,2.47801
68745.7,2.47797
68746.2,2.47794
68746.8,2.47792
68747.7,2.47788
68748.6,2.47785
68749.4,2.47783
68750.2,2.47781
68751.0,2.47779
68752.1,2.47777
68753.3,2.47775
68754.5,2.47773
68755.7,2.47772
68756.5,2.47771
68758.0,2.4777
68759.6,2.47769
68761.2,2.47768
68763.0,2.47767
68764.9,2.47767
68766.8,2.47766
68768.6,2.47766
68770.5,2.47766
68772.4,2.47766
68774.2,2.47767
68776.1,2.47767
68778.6,2.47768
68781.1,2.47768
68783.6,2.47769
68786.1,2.4777
68788.6,2.47771
68791.1,2.47773
68793.6,2.47774
68796.1,2.47775
68799.4,2.47777
68802.7,2.47779
68806.0,2.47781
68809.3,2.47783
68812.6,2.47785
68815.9,2.47787
68819.1,2.47789
68822.4,2.47791
68826.4,2.47794
68830.3,2.47797
68834.2,2.47799
68838.1,2.47802
68842.1,2.47805
68846.0,2.47808
68851.9,2.47812
68853.9,2.47814
68856.8,2.47813
68862.7,2.47812
68868.6,2.47811
68874.5,2.47809
68880.5,2.47808
68886.4,2.47807
68892.3,2.47806
68898.2,2.47805
68905.2,2.47804
68913.4,2.47802
68921.5,2.47801
68929.6,2.478
68937.8,2.47798
68945.9,2.47797
68954.1,2.47796
68962.2,2.47794
68972.1,2.47793
68983.8,2.47791
68995.5,2.47789
69007.2,2.47787
69019.0,2.47785
69030.7,2.47783
69048.2,2.47781
69065.9,2.47778
69083.8,2.47775
69101.7,2.47773
69119.6,2.4777
69131.6,2.47768
69155.5,2.47764
69176.7,2.47761
69197.9,2.47758
69226.2,2.47754
69254.4,2.47749
69281.6,2.47745
69320.5,2.47739
69359.5,2.47734
69398.4,2.47728
69450.4,2.4772
69502.3,2.47712
69580.2,2.47701
69649.5,2.4769
69718.7,2.4768
69822.6,2.47664
69909.1,2.47651
70065.0,2.47628
70203.5,2.47607
70342.0,2.47587
70619.0,2.47545
70896.0,2.47504
71450.0,2.47421
72281.0,2.47297
73581.6,2.47103
76417.2,2.4668
79206.0,2.46264
83112.1,2.45681
87575.4,2.45015
91394.0,2.44445
92038.7,2.44404
96502.0,2.44122
100965.0,2.4384
105428.0,2.43559
109954.0,2.43273
113045.0,2.43078
114607.0,2.43057
116082.0,2.43038
119196.0,2.43178
123785.0,2.43385
128128.0,2.4358
131544.0,2.43734
134341.0,2.4386
135857.0,2.44093
141159.0,2.44908
144805.0,2.45469
148160.0,2.45985
149439.0,2.46181
151756.0,2.46845
155161.0,2.47819
158597.0,2.48803
161969.0,2.49768
165405.0,2.5129
168554.0,2.52685
171215.0,2.53864
172989.0,2.5465
173876.0,2.55207
176537.0,2.56877
178311.0,2.5799
180085.0,2.59103
181859.0,2.60217
183633.0,2.61718
185407.0,2.63219
187181.0,2.64721
188955.0,2.66222
190507.0,2.67535
192060.0,2.69261
193612.0,2.70986
194776.0,2.7228
195718.0,2.73327
196273.0,2.73943
197382.0,2.75175
197936.0,2.75792
198490.0,2.76572
199599.0,2.78133
200486.0,2.79381
201373.0,2.8063
202260.0,2.81879
202925.0,2.82815
203480.0,2.83596
203812.0,2.84064
204478.0,2.85001
205143.0,2.86169
205808.0,2.87336
206252.0,2.88115
206695.0,2.88894
207138.0,2.89672
207582.0,2.90451
208026.0,2.9123
208469.0,2.92009
208912.0,2.92788
209356.0,2.93566
209800.0,2.94346
210132.0,2.9493
210243.0,2.95125
210465.0,2.95618
210797.0,2.96358
211130.0,2.97099
211463.0,2.97839
211684.0,2.98333
211906.0,2.98826
212128.0,2.9932
212350.0,2.99814
212571.0,3.00308
212793.0,3.00802
212904.0,3.01049
213126.0,3.01543
213348.0,3.02037
213569.0,3.02532
213791.0,3.03026
213902.0,3.03274
214013.0,3.03625
214290.0,3.04504
214456.0,3.05031
214623.0,3.05558
214789.0,3.06086
214955.0,3.06614
215122.0,3.07142
215288.0,3.07671
215454.0,3.08199
215620.0,3.08728
215676.0,3.08905
215731.0,3.09185
215842.0,3.09746
215953.0,3.10308
216064.0,3.10869
216175.0,3.11431
216286.0,3.11993
216397.0,3.12556
216494.0,3.13048
216618.0,3.13682
216743.0,3.14699
216826.0,3.15377
216909.0,3.16055
216993.0,3.16734
217076.0,3.17414
217156.0,3.18071
217195.0,3.18389
217234.0,3.18881
217311.0,3.19868
217389.0,3.20854
217472.0,3.21913
217516.0,3.22477
217605.0,3.23608
217672.0,3.24845
217738.0,3.26084
217805.0,3.27323
217871.0,3.28564
217938.0,3.30344
218004.0,3.32126
218071.0,3.33909
218137.0,3.35694
218204.0,3.38204
218270.0,3.40716
218315.0,3.42393
218337.0,3.4349
218381.0,3.45684
218426.0,3.4788
218448.0,3.48979
218470.0,3.50396
218514.0,3.53233
218559.0,3.56071
218581.0,3.57492
218603.0,3.59275
218647.0,3.62845
218670.0,3.64631
218692.0,3.66807
218736.0,3.71162
218758.0,3.73342
218780.0,3.76028
218825.0,3.81405
218847.0,3.84097
218868.0,3.8728
218900.0,3.92058
218931.0,3.9684
218963.0,4.02687
218994.0,4.08539
219015.0,4.13193
219053.0,4.21528
219081.0,4.28941
219110.0,4.3636
219138.0,4.45266
219166.0,4.54179
219196.0,4.6528
219206.0,4.68984
219226.0,4.77503
219246.0,4.86029
219256.0,4.9096
219286.0,5.05766
219316.0,5.23015
219326.0,5.2877
219344.0,5.4051
219356.0,5.48589
219370.0,5.59381
219386.0,5.71014
219397.0,5.80446
219415.0,5.95548
219416.0,5.96493
219432.0,6.12642
219446.0,6.25569
219450.0,6.30503
219468.0,6.5025
219476.0,6.58897
219491.0,6.78783
219506.0,6.97266
219514.0,7.10081
219525.0,7.26112
219530.0,7.33186
219545.0,7.57961
219561.0,7.8536
219565.0,7.93194
219576.0,8.14883
219585.0,8.32244
219592.0,8.46688
219605.0,8.75598
219612.0,8.91661
219625.0,9.23812
219632.0,9.41696
219645.0,9.77497
219652.0,9.97619
219668.0,10.4796
219672.0,10.5914
219684.0,11.0017
219685.0,11.0423
219698.0,11.5294
219700.0,11.57
219712.0,12.0557
219715.0,12.1883
219725.0,12.6201
219731.0,12.8602
219738.0,13.2247
219746.0,13.5894
219758.0,14.2095
219762.0,14.3787
219777.0,15.2462
219778.0,15.2953
219794.0,16.1964
219798.0,16.4991
219818.0,17.7462
219819.0,17.8237
219840.0,19.2756
219842.0,19.4305
219895.0,23.3611
219898.0,23.5861
219916.0,24.8123
219923.0,25.3177
219932.0,25.8277
219942.0,26.4468
219947.0,26.7246
219954.0,27.0803
219963.0,27.4412
219967.0,27.5963
219974.0,27.8031
219979.0,27.979
219984.0,28.0697
219992.0,28.2169
219995.0,28.2374
220000.0,28.276
220004.0,28.3018
220011.0,28.2714
220016.0,28.2478
220021.0,28.1636
220028.0,28.0484
220032.0,27.9544
220040.0,27.7109
220047.0,27.45
220053.0,27.2472
220063.0,26.7403
220071.0,26.3488
220079.0,25.8922
220090.0,25.2622
220098.0,24.6999
220118.0,23.3672
220140.0,21.8527
220166.0,19.9887
220167.0,19.9151
220188.0,18.5359
220190.0,18.3888
220208.0,17.2828
220215.0,16.9087
220228.0,16.1225
220231.0,15.9968
220248.0,15.0621
220266.0,14.2016
220268.0,14.1028
220282.0,13.5109
220284.0,13.4123
220295.0,12.9608
220302.0,12.6901
220308.0,12.4428
220319.0,12.0304
220322.0,11.9556
220337.0,11.4283
220341.0,11.2919
220355.0,10.8788
220361.0,10.6921
220373.0,10.3772
220381.0,10.1511
220393.0,9.86164
220401.0,9.66022
220413.0,9.39554
220416.0,9.33105
220431.0,9.00239
220433.0,8.97397
220447.0,8.7019
220453.0,8.59201
220463.0,8.42528
220478.0,8.16114
220483.0,8.08373
220502.0,7.80665
220513.0,7.64208
220525.0,7.48509
220542.0,7.27216
220543.0,7.25964
220560.0,7.07248
220572.0,6.92945
220577.0,6.88082
220602.0,6.63784
220604.0,6.6206
220630.0,6.38791
220631.0,6.3793
220656.0,6.18347
220670.0,6.0781
220684.0,5.98751
220711.0,5.80648
220713.0,5.79538
220742.0,5.629
220754.0,5.56249
220772.0,5.47667
220797.0,5.35279
220801.0,5.3362
220830.0,5.21187
220840.0,5.17045
220860.0,5.1
220889.0,4.99439
220901.0,4.95218
220918.0,4.8992
220948.0,4.81095
220960.0,4.77567
220977.0,4.73085
221006.0,4.6562
221018.0,4.62636
221046.0,4.56832
221085.0,4.48548
221096.0,4.46064
221124.0,4.41306
221163.0,4.34514
221175.0,4.32477
221202.0,4.2853
221241.0,4.22895
221253.0,4.21206
221280.0,4.18028
221319.0,4.13491
221359.0,4.08956
221370.0,4.07597
221398.0,4.05109
221437.0,4.01556
221476.0,3.98006
221488.0,3.96942
221535.0,3.93545
221593.0,3.89303
221605.0,3.88455
221652.0,3.85753
221711.0,3.82379
221738.0,3.80805
221769.0,3.79421
221840.0,3.7631
221910.0,3.73202
221926.0,3.72512
221981.0,3.70707
222051.0,3.68389
222114.0,3.6633
222121.0,3.66146
222192.0,3.64487
222262.0,3.62829
222333.0,3.61173
222395.0,3.59701
222403.0,3.59582
222473.0,3.5851
222520.0,3.57796
222614.0,3.56368
222708.0,3.54941
222771.0,3.53991
222802.0,3.53715
222896.0,3.5289
222990.0,3.52065
223084.0,3.5124
223178.0,3.50417
223271.0,3.49593
223397.0,3.49057
223522.0,3.48521
223647.0,3.47985
223772.0,3.4745
223897.0,3.46915
224023.0,3.46759
224148.0,3.46603
224273.0,3.46447
224392.0,3.463
224511.0,3.46152
224679.0,3.45943
224736.0,3.45874
224848.0,3.45979
225017.0,3.46137
225186.0,3.46296
225354.0,3.46455
225523.0,3.46614
225720.0,3.468
225973.0,3.47039
226086.0,3.47145
226198.0,3.47423
226423.0,3.4798
226648.0,3.48536
226873.0,3.49093
227098.0,3.4965
227323.0,3.50208
227548.0,3.50765
227773.0,3.51322
227998.0,3.5188
228223.0,3.52437
228561.0,3.53627
228898.0,3.54817
229236.0,3.56007
229573.0,3.57197
229798.0,3.5799
230248.0,3.59578
230698.0,3.61165
231148.0,3.62752
231598.0,3.64712
232048.0,3.66671
232498.0,3.68631
232948.0,3.70591
233398.0,3.7255
234073.0,3.7549
234523.0,3.7745
234748.0,3.78605
235423.0,3.8207
236098.0,3.85535
236998.0,3.90155
237898.0,3.94776
238798.0,4.00111
239698.0,4.05446
240598.0,4.10781
241048.0,4.13449
241498.0,4.16484
242849.0,4.2559
244199.0,4.34696
245999.0,4.48478
246899.0,4.55369
247799.0,4.62962
249599.0,4.78148
251399.0,4.95244
252299.0,5.03793
253199.0,5.13181
254999.0,5.31958
256799.0,5.52981
257699.0,5.63492
258599.0,5.74968
260399.0,5.9792
263099.0,6.36084
265799.0,6.77307
267599.0,7.06781
271199.0,7.69848
276738.0,8.74925
280200.0,9.41021
282900.0,9.92575
284700.0,10.2377
285600.0,10.3936
286500.0,10.5329
288300.0,10.8114
290100.0,11.0471
291900.0,11.2441
294150.0,11.4227
294600.0,11.4584
295050.0,11.4748
297480.0,11.563
297795.0,11.5745
298785.0,11.5824
299640.0,11.5698
300720.0,11.554
302700.0,11.4725
304500.0,11.3565
307200.0,11.1141
309900.0,10.8154
313500.0,10.3444
315300.0,10.0843
320701.0,9.30394
324076.0,8.81622
325201.0,8.65365
327001.0,8.4126
329701.0,8.05104
330601.0,7.93052
332401.0,7.71337
335101.0,7.38763
337801.0,7.09175
338701.0,6.99312
340501.0,6.81346
342301.0,6.63379
343201.0,6.55304
345901.0,6.31078
346801.0,6.23002
348601.0,6.08784
351301.0,5.87456
354001.0,5.68491
355801.0,5.55848
356701.0,5.50316
359402.0,5.33721
361202.0,5.22658
362102.0,5.17836
364802.0,5.03372
366602.0,4.93729
367502.0,4.89492
370202.0,4.7678
372002.0,4.68306
372902.0,4.64581
375602.0,4.53405
378302.0,4.42228
381002.0,4.3237
382802.0,4.25797
384602.0,4.19225
385502.0,4.15938
386852.0,4.11537
389215.0,4.03834
390002.0,4.01267
391802.0,3.95398
393602.0,3.89529
395402.0,3.83661
396752.0,3.79346
398102.0,3.75032
399453.0,3.70717
400803.0,3.66402
401703.0,3.63526
402603.0,3.6065
403503.0,3.57773
404403.0,3.54897
405303.0,3.52021
405753.0,3.50583
406203.0,3.48952
407103.0,3.4569
408003.0,3.42428
408678.0,3.39982
409353.0,3.37536
410028.0,3.3509
410478.0,3.33459
410703.0,3.325
411378.0,3.29621
411828.0,3.27703
412278.0,3.25784
412728.0,3.23865
413178.0,3.21946
413403.0,3.20987
413853.0,3.19068
414303.0,3.16783
414753.0,3.14499
415203.0,3.12214
415653.0,3.09929
416103.0,3.07645
416328.0,3.06503
416553.0,3.05146
416890.0,3.03112
417228.0,3.01078
417566.0,2.99043
417903.0,2.97009
418241.0,2.94975
418466.0,2.93619
418578.0,2.92822
418893.0,2.90591
419162.0,2.88683
419431.0,2.86775
419700.0,2.84868
419969.0,2.8296
420238.0,2.81053
420418.0,2.79782
420508.0,2.79115
420687.0,2.77782
420866.0,2.76449
421046.0,2.75116
421225.0,2.73783
421405.0,2.7245
421584.0,2.71118
421764.0,2.69786
421853.0,2.6912
422033.0,2.67788
422212.0,2.66457
422392.0,2.65126
422571.0,2.64186
422750.0,2.63247
422885.0,2.62542
423020.0,2.61839
423154.0,2.61565
423289.0,2.61291
423423.0,2.61018
423558.0,2.61351
423692.0,2.61685
423782.0,2.61909
423827.0,2.62288
423928.0,2.63141
424029.0,2.63994
424051.0,2.64184
424130.0,2.65372
424231.0,2.66899
424253.0,2.67239
424332.0,2.69056
424424.0,2.71202
424455.0,2.71913
424513.0,2.73756
424592.0,2.7628
424601.0,2.76667
424702.0,2.80844
424729.0,2.8194
424803.0,2.85963
424889.0,2.90558
424897.0,2.91162
424977.0,2.96607
424995.0,2.97818
425057.0,3.02926
425102.0,3.06576
425137.0,3.10096
425208.0,3.17136
425217.0,3.18198
425297.0,3.2775
425314.0,3.29874
425377.0,3.38625
425394.0,3.41126
425456.0,3.51203
425474.0,3.54083
425536.0,3.65691
425554.0,3.69008
425616.0,3.82382
425634.0,3.86204
425696.0,4.01614
425714.0,4.06018
425776.0,4.2377
425793.0,4.28843
425856.0,4.49275
425873.0,4.55115
425935.0,4.78593
425953.0,4.85302
426006.0,5.07833
426015.0,5.11941
426060.0,5.32483
426095.0,5.50412
426113.0,5.59378
426166.0,5.88622
426175.0,5.93907
426219.0,6.20333
426255.0,6.43589
426299.0,6.72662
426335.0,6.9843
426379.0,7.30642
426461.0,7.95644
426477.0,8.08887
426576.0,8.94024
426619.0,9.30784
426698.0,10.0043
426716.0,10.159
426752.0,10.45
426796.0,10.8136
426805.0,10.8775
426854.0,11.2288
426876.0,11.3885
426902.0,11.5493
426929.0,11.7101
426951.0,11.8194
426982.0,11.9724
427000.0,12.0372
427036.0,12.1668
427043.0,12.1849
427086.0,12.2855
427089.0,12.2906
427142.0,12.3428
427144.0,12.343
427160.0,12.3445
427202.0,12.3083
427222.0,12.2912
427264.0,12.1951
427284.0,12.1496
427330.0,11.9919
427346.0,11.9394
427408.0,11.6711
427430.0,11.5569
427495.0,11.2257
427656.0,10.2754
427692.0,10.0671
427736.0,9.80641
427816.0,9.33718
427852.0,9.12866
427896.0,8.88636
427958.0,8.54721
427976.0,8.45803
428056.0,8.05679
428065.0,8.01222
428136.0,7.68835
428171.0,7.52644
428215.0,7.34387
428278.0,7.08832
428295.0,7.02276
428375.0,6.7278
428384.0,6.69503
428455.0,6.4599
428490.0,6.34235
428535.0,6.21068
428597.0,6.02638
428615.0,5.97913
428694.0,5.76653
428703.0,5.74291
428774.0,5.57332
428810.0,5.48854
428854.0,5.39325
428916.0,5.25988
428934.0,5.22563
429014.0,5.0715
429023.0,5.05438
429094.0,4.93439
429174.0,4.79943
429182.0,4.78444
429263.0,4.66875
429342.0,4.55536
429357.0,4.53707
429452.0,4.42423
429509.0,4.35609
429510.0,4.3548
429613.0,4.25538
429676.0,4.1945
429717.0,4.16281
429787.0,4.10917
429815.0,4.09234
429898.0,4.04189
429981.0,4.00597
430008.0,3.994
430064.0,3.98161
430133.0,3.96614
430147.0,3.96522
430174.0,3.96339
430230.0,3.96946
430278.0,3.97479
430313.0,3.98757
430382.0,4.01318
430396.0,4.02249
430479.0,4.07842
430562.0,4.16082
430644.0,4.27187
430728.0,4.4163
430810.0,4.59885
430866.0,4.74439
430921.0,4.91335
430949.0,5.01009
430976.0,5.10685
431032.0,5.32719
431087.0,5.57684
431115.0,5.71753
431142.0,5.85824
431198.0,6.17375
431253.0,6.52552
431281.0,6.72036
431308.0,6.91523
431366.0,7.3627
431396.0,7.6179
431426.0,7.87311
431486.0,8.42833
431546.0,9.02438
431576.0,9.34275
431631.0,9.93046
431659.0,10.2363
431742.0,11.1537
431797.0,11.7652
431823.0,12.0556
431846.0,12.2891
431895.0,12.7939
431902.0,12.8701
431944.0,13.2502
431981.0,13.5922
431993.0,13.682
432036.0,14.0233
432045.0,14.0798
432095.0,14.3981
432098.0,14.4141
432150.0,14.6748
432153.0,14.6862
432203.0,14.8581
432211.0,14.8849
432258.0,14.971
432277.0,15.0044
432314.0,15.0241
432341.0,15.0044
432383.0,14.9748
432452.0,14.8419
432454.0,14.8347
432521.0,14.6285
432590.0,14.3573
432664.0,14.0154
432701.0,13.8445
432747.0,13.6077
432830.0,13.1816
432913.0,12.7555
432996.0,12.3295
433079.0,11.9036
433088.0,11.8562
433162.0,11.5132
433245.0,11.1274
433254.0,11.0846
433328.0,10.7796
433411.0,10.4366
433420.0,10.3985
433494.0,10.1312
433577.0,9.83045
433586.0,9.79704
433660.0,9.56398
433743.0,9.30181
433752.0,9.27268
433826.0,9.06963
433909.0,8.84123
433918.0,8.81585
433992.0,8.63859
434075.0,8.43919
434084.0,8.41703
434158.0,8.26168
434241.0,8.08692
434250.0,8.0675
434324.0,7.92788
434361.0,7.85807
434407.0,7.78085
434490.0,7.64185
434582.0,7.48743
434600.0,7.46102
434711.0,7.30255
434803.0,7.17051
434822.0,7.14773
434932.0,7.01104
435024.0,6.89714
435043.0,6.87732
435154.0,6.75843
435246.0,6.65935
435264.0,6.642
435393.0,6.52051
435467.0,6.4511
435615.0,6.32891
435707.0,6.25254
435739.0,6.22979
435864.0,6.14203
435947.0,6.08352
436080.0,5.98926
436214.0,5.91041
436390.0,5.80642
436449.0,5.77175
436564.0,5.71434
436755.0,5.6196
436830.0,5.58229
436979.0,5.51994
437164.0,5.4432
437348.0,5.36648
437533.0,5.30355
437717.0,5.24063
437901.0,5.17772
438086.0,5.12542
438270.0,5.07311
438455.0,5.02081
438639.0,4.9777
438916.0,4.91302
439192.0,4.84835
439469.0,4.79535
439746.0,4.74235
439930.0,4.70702
440022.0,4.69271
440299.0,4.64976
440576.0,4.60682
440806.0,4.57104
440944.0,4.54957
441221.0,4.51478
441590.0,4.46841
441959.0,4.42203
442328.0,4.38488
442696.0,4.34773
443019.0,4.31522
443342.0,4.28272
443665.0,4.25723
443987.0,4.23174
444333.0,4.20443
444679.0,4.17712
445025.0,4.14981
445198.0,4.13912
445716.0,4.10704
446235.0,4.07497
446754.0,4.04289
446956.0,4.03035
447362.0,4.01071
447971.0,3.98125
448580.0,3.9518
449188.0,3.92235
449391.0,3.91253
449848.0,3.89353
449899.0,3.89142
449911.0,3.89332
449918.0,3.89427
449924.0,3.89522
449929.0,3.89593
449933.0,3.89665
449938.0,3.89736
449941.0,3.89784
449945.0,3.89832
449948.0,3.89879
449949.0,3.89903
449951.0,3.90081
449954.0,3.90436
449957.0,3.90791
449960.0,3.91146
449964.0,3.91501
449967.0,3.91856
449968.0,3.92033
449970.0,3.92383
449973.0,3.93083
449976.0,3.93784
449979.0,3.94484
449983.0,3.95184
449987.0,3.96234
449992.0,3.97532
450006.0,4.01387
450012.0,4.03079
450017.0,4.04348
450022.0,4.05616
450025.0,4.06462
450026.0,4.06702
450031.0,4.07421
450036.0,4.0814
450040.0,4.08858
450043.0,4.09337
450046.0,4.09483
450053.0,4.09775
450059.0,4.10067
450068.0,4.10504
450074.0,4.10795
450081.0,4.10806
450112.0,4.1086
450124.0,4.10881
450149.0,4.10924
503527.0,4.06103
563286.0,4.00705
604232.0,3.97007
700000.0,3.88358
805643.0,3.78818
837083.0,3.75979
900000.0,3.70665
1000000.0,3.62224
1202520.0,3.45123
1286330.0,3.39429
1449860.0,3.28319
1500000.0,3.25233
1738690.0,3.10541
1852280.0,3.04116
1878670.0,3.02624
1878920.0,3.0261
1880300.0,3.02727
1892770.0,3.02098
1906620.0,3.014
1923070.0,3.00571
1936950.0,2.99871
1940150.0,2.9971
1952530.0,2.99035
1968720.0,2.98151
1979830.0,2.97544
1996630.0,2.96628
2000000.0,2.96444
2122250.0,2.90193
2151250.0,2.8871
2214850.0,2.86065
2250000.0,2.84604
2318570.0,2.81431
2388440.0,2.78198
2416050.0,2.77159
2500000.0,2.74
2745780.0,2.64542
2940080.0,2.584
3000000.0,2.56787
3052470.0,2.54989
3054100.0,2.54973
3165570.0,2.52044
3180960.0,2.51616
3277050.0,2.48948
3348420.0,2.46822
3354920.0,2.46628
3500000.0,2.43016
3727290.0,2.37799
4000000.0,2.32251
4093470.0,2.30339
4151220.0,2.29425
4260630.0,2.27507
4345520.0,2.26005
4409340.0,2.25005
4485630.0,2.23801
4500000.0,2.23612
4500170.0,2.23605
4518870.0,2.23316
4576380.0,2.22488
4627310.0,2.21741
4717790.0,2.20381
4753350.0,2.19832
4756710.0,2.19779
4786810.0,2.19308
4786880.0,2.19307
4892250.0,2.18012
4975260.0,2.16951
5000000.0,2.16634
5021660.0,2.16206
5035270.0,2.16035
5090220.0,2.15546
5165020.0,2.1461
5201450.0,2.14082
5240850.0,2.13647
5245940.0,2.1359
5330720.0,2.12629
5369710.0,2.12183
5411610.0,2.11694
5440610.0,2.11349
5449790.0,2.11238
5496400.0,2.10788
5498200.0,2.10813
5500000.0,2.10839
5543160.0,2.10379
5593940.0,2.09833
5639300.0,2.0934
5655480.0,2.09162
5666620.0,2.09039
5686500.0,2.08886
5686510.0,2.08886
5797610.0,2.07764
5910890.0,2.06601
5955280.0,2.06215
6000000.0,2.05829
6060330.0,2.05357
6121270.0,2.04876
6167380.0,2.04508
6245000.0,2.03881
6284170.0,2.03556
6310750.0,2.03333
6371220.0,2.02819
6436300.0,2.02269
6480560.0,2.01891
6500000.0,2.01806
6745370.0,2.00138
6871500.0,1.9926
7000000.0,1.98352
7371750.0,1.96269
7500000.0,1.95544
8000000.0,1.93366
8153810.0,1.92698
8228430.0,1.9237
8269220.0,1.92192
8310570.0,1.91958
8648420.0,1.90923
8822460.0,1.90403
9000000.0,1.89958
9119320.0,1.89759
9225010.0,1.89509
9240210.0,1.89473
9331930.0,1.89314
9386320.0,1.89182
9412940.0,1.89128
9424570.0,1.89104
9494640.0,1.8898
9565240.0,1.888
9612600.0,1.88681
9618540.0,1.8867
9744050.0,1.88435
9804390.0,1.88266
9852930.0,1.88139
9871190.0,1.88092
9901710.0,1.88013
9938730.0,1.87931
10000000.0,1.87816
10141100.0,1.87641
10225900.0,1.87536
10241100.0,1.87517
10284200.0,1.8748
10370200.0,1.87406
10414200.0,1.87369
10425800.0,1.87359
10429200.0,1.87353
10561100.0,1.87155
10576400.0,1.87132
10613800.0,1.87076
10619700.0,1.87069
10725600.0,1.8695
10769500.0,1.86901
10805200.0,1.86861
10808200.0,1.86856
10876900.0,1.8675
10902100.0,1.86711
10960700.0,1.86632
11000000.0,1.8658
11012600.0,1.86546
11025200.0,1.86534
11155200.0,1.86412
11168000.0,1.864
11241900.0,1.86331
11325500.0,1.86254
11400500.0,1.86184
11426800.0,1.8616
11485300.0,1.86126
11496900.0,1.86119
11524300.0,1.86103
11614800.0,1.8605
11647300.0,1.86031
11659100.0,1.86024
11674100.0,1.86016
11741800.0,1.85977
11805800.0,1.85912
11811700.0,1.85907
11838800.0,1.85885
11890400.0,1.85844
11902500.0,1.85834
11978300.0,1.85774
12000000.0,1.85757
12169300.0,1.85609
12173800.0,1.85605
12242500.0,1.85545
12321300.0,1.85489
12341000.0,1.85475
12427700.0,1.85413
12487600.0,1.85372
12515100.0,1.85353
12615600.0,1.85284
12661400.0,1.8526
12691700.0,1.85244
12742400.0,1.85217
12806400.0,1.85211
12840000.0,1.85208
12853800.0,1.85207
12870700.0,1.85206
12902800.0,1.85203
13000000.0,1.85204
13121000.0,1.85098
13183400.0,1.85044
13243100.0,1.84991
13274800.0,1.84967
13369400.0,1.84893
13404800.0,1.84865
13490700.0,1.84798
13551200.0,1.8479
13558000.0,1.84789
13616300.0,1.84782
13662000.0,1.84781
13749300.0,1.84778
13830000.0,1.84776
13903100.0,1.84774
13943300.0,1.84775
14000000.0,1.84776
14121300.0,1.84703
14197500.0,1.84657
14243600.0,1.84629
14275300.0,1.84611
14397800.0,1.84541
14405500.0,1.84537
14429000.0,1.84523
14491400.0,1.84488
14551900.0,1.84488
14600900.0,1.84488
14616900.0,1.84488
14695800.0,1.84491
14704400.0,1.84491
14806900.0,1.84495
14807200.0,1.84495
14809300.0,1.84495
14903300.0,1.84499
14936200.0,1.84501
15000000.0,1.84505
15015800.0,1.84498
15175000.0,1.84427
15227700.0,1.84403
15323000.0,1.84361
15429600.0,1.84313
15442500.0,1.84308
15489500.0,1.84288
15491900.0,1.84287
15660400.0,1.84271
15663100.0,1.84271
15807600.0,1.84257
15854700.0,1.84254
15881300.0,1.84251
16000000.0,1.84242
16175200.0,1.84211
16225700.0,1.84202
16323400.0,1.84185
16430000.0,1.84167
16454600.0,1.84163
16490000.0,1.84157
16670400.0,1.84127
16686800.0,1.84124
16744300.0,1.84115
16807900.0,1.84117
16834400.0,1.84118
16922200.0,1.84123
17000000.0,1.84126
17161000.0,1.84118
17239800.0,1.84114
17244700.0,1.84114
17403100.0,1.84105
17488000.0,1.84101
17492900.0,1.84101
17500700.0,1.841
17648600.0,1.84093
17677400.0,1.84092
17744600.0,1.84089
17871900.0,1.84099
17891800.0,1.84101
17897600.0,1.84102
18000000.0,1.8411
18150100.0,1.84115
18253900.0,1.84119
18337700.0,1.84122
18406100.0,1.84124
18493200.0,1.84127
18571500.0,1.8413
18665800.0,1.84134
18744900.0,1.84137
18833500.0,1.84147
18856100.0,1.8415
18872000.0,1.84152
18929200.0,1.84159
19000000.0,1.84167
19196200.0,1.84193
19245200.0,1.842
19467000.0,1.8423
19493600.0,1.84233
19516700.0,1.84237
19619000.0,1.8425
19741700.0,1.84267
19872200.0,1.84285
19895800.0,1.84288
20000000.0,1.84302
