Sr,90
E_eV,Sig_b
1e-05,36.0338
1.10304e-05,34.3495
1.21669e-05,32.7477
1.34206e-05,31.2246
1.48034e-05,29.7766
1.63286e-05,28.4002
1.80111e-05,27.092
1.98669e-05,25.8488
2.19139e-05,24.6678
2.41719e-05,23.5519
2.43424e-05,23.4679
2.66625e-05,22.4911
2.70386e-05,22.3332
2.94097e-05,21.483
3.0035e-05,21.2594
3.244e-05,20.5252
3.33618e-05,20.2447
3.57825e-05,19.6157
3.70589e-05,19.2852
3.94694e-05,18.7524
4.11636e-05,18.3791
4.35362e-05,17.9332
4.57253e-05,17.5231
4.80221e-05,17.1562
5.079e-05,16.7155
5.29701e-05,16.4197
5.64184e-05,15.9534
5.8428e-05,15.7219
6.26675e-05,15.2353
6.44482e-05,15.0612
6.96122e-05,14.5584
7.10888e-05,14.4361
7.73227e-05,13.9215
7.84136e-05,13.8449
8.58914e-05,13.3221
8.64931e-05,13.2864
9.54051e-05,12.759
0.000105235,12.2673
0.000105978,12.2303
0.000116078,11.8059
0.000118546,11.7026
0.000128039,11.3698
0.000132606,11.2103
0.000141232,10.9584
0.000148333,10.7518
0.000155784,10.5708
0.000165925,10.3253
0.000171835,10.2061
0.000185603,9.92935
0.00018954,9.86386
0.00020907,9.54035
0.000230612,9.24851
0.000235515,9.18233
0.000254374,8.97385
0.000265292,8.85362
0.000280584,8.71681
0.000300943,8.53543
0.000309494,8.47404
0.000341383,8.24613
0.000376558,8.04504
0.000387258,7.98413
0.000415358,7.85678
0.000442397,7.7348
0.000458155,7.67905
0.000505362,7.5129
0.000508927,7.5004
0.000557433,7.36928
0.000589562,7.28286
0.000614869,7.23116
0.000678223,7.10244
0.000687792,7.0831
0.000748105,6.99202
0.000808048,6.90201
0.000825188,6.88307
0.000910213,6.78974
0.000955979,6.73979
0.001004,6.70208
0.00110745,6.62139
0.00114695,6.59077
0.00122155,6.5503
0.00134742,6.48255
0.00139548,6.45684
0.00148625,6.42399
0.00163939,6.36902
0.00173389,6.33536
0.00180831,6.31807
0.00199463,6.27523
0.00220016,6.22837
0.00242685,6.19663
0.00267691,6.16199
0.0028914,6.13254
0.00295273,6.12765
0.00325697,6.10371
0.00359256,6.07762
0.00396272,6.04915
0.00437103,6.03258
0.00482141,6.01458
0.00531819,5.99499
0.00574431,5.97837
0.00586616,5.97609
0.00647059,5.96497
0.0071373,5.95294
0.00787271,5.93988
0.00868389,5.92568
0.00899364,5.92033
0.00957865,5.9162
0.0105656,5.90943
0.0116543,5.90213
0.0128551,5.89425
0.0141796,5.88571
0.0156406,5.87644
0.0160851,5.87367
0.0172522,5.87064
0.0190298,5.86616
0.0209906,5.86135
0.0231534,5.85617
0.0251838,5.8514
0.0252419,5.85136
0.0253,5.85131
0.0279068,5.84939
0.0307823,5.84739
0.033954,5.84528
0.0374525,5.84305
0.0413115,5.84068
0.0455681,5.83816
0.0502633,5.83546
0.0554423,5.83257
0.0611549,5.82946
0.0674561,5.82609
0.0709599,5.82426
0.0744066,5.82399
0.0820732,5.82345
0.0905297,5.82292
0.0998577,5.8224
0.110147,5.82188
0.121496,5.82137
0.134014,5.82085
0.147823,5.82032
0.164204,5.81975
0.181123,5.81921
0.199786,5.81866
0.220371,5.81809
0.24478,5.81746
0.270002,5.81684
0.299923,5.81615
0.333143,5.81541
0.367469,5.81469
0.405332,5.81392
0.447096,5.81311
0.496642,5.81217
0.543978,5.81129
0.60426,5.8102
0.675925,5.80894
0.74557,5.80773
0.757603,5.80753
0.822391,5.80742
0.907128,5.80729
1.02182,5.80715
1.11142,5.80705
1.21741,5.80695
1.35226,5.80684
1.48122,5.80675
1.62239,5.80666
1.77711,5.80658
1.94649,5.8065
2.11718,5.80642
2.40169,5.80632
2.70547,5.80623
2.94272,5.80618
3.20077,5.80612
3.48145,5.80606
3.76022,5.80601
4.17692,5.80595
4.57503,5.8059
4.90699,5.80586
5.41259,5.80581
5.88723,5.80576
6.35895,5.80573
6.91657,5.80569
7.4704,5.80565
8.29826,5.80561
8.96272,5.80558
9.74868,5.80554
10.829,5.8055
11.6961,5.80547
12.7218,5.80544
13.8374,5.80541
14.9461,5.80539
16.6016,5.80536
17.9318,5.80533
19.3676,5.80531
21.5139,5.80528
23.4005,5.80526
25.2742,5.80524
27.6845,5.80521
29.9012,5.80519
33.2148,5.80517
35.6249,5.80515
38.7489,5.80513
43.0409,5.80511
46.4895,5.80509
50.5663,5.80507
55.0005,5.80506
59.8236,5.80504
66.4498,5.80502
71.2714,5.805
77.5213,5.80498
86.1121,5.80496
93.0073,5.80494
101.163,5.80493
110.034,5.80491
119.684,5.80489
132.947,5.80486
142.593,5.80485
155.097,5.80483
172.085,5.8048
185.874,5.80478
202.174,5.80476
221.443,5.80473
239.186,5.80471
265.679,5.80468
283.956,5.80465
308.856,5.80462
344.171,5.80458
371.748,5.80455
404.347,5.80451
442.886,5.80447
478.372,5.80443
528.431,5.80438
566.774,5.80434
620.824,5.80428
688.342,5.80421
743.496,5.80416
808.694,5.80409
885.771,5.80401
956.744,5.80394
1056.86,5.80384
1125.02,5.80377
1133.55,5.80377
1239.77,5.80377
1376.68,5.80376
1486.99,5.80376
1617.39,5.80376
1768.28,5.80376
1904.48,5.80375
2113.72,5.80375
2267.09,5.80375
2479.54,5.80375
2753.37,5.80375
2973.98,5.80374
3244.57,5.80374
3489.87,5.80374
3864.3,5.80374
4144.7,5.80374
4500.01,5.80374
4508.15,5.80374
5004.08,5.80373
5403.84,5.80373
5876.91,5.80373
6000.0,5.80373
6000.0,8.70357
6084.65,8.69587
6170.49,8.68807
6250.0,8.68085
6338.18,8.67352
6427.6,8.6661
6500.0,8.66009
6591.7,8.65341
6684.7,8.64663
6779.01,8.63976
6874.65,8.6328
6971.64,8.62573
7000.0,8.62367
7098.76,8.61761
7198.91,8.61147
7300.47,8.60525
7403.47,8.59893
7500.0,8.59301
7605.81,8.58754
7713.12,8.58198
7821.93,8.57635
7932.29,8.57063
8000.0,8.56713
8112.87,8.56219
8227.32,8.55718
8343.4,8.5521
8461.11,8.54694
8500.0,8.54524
8619.92,8.5408
8741.53,8.53629
8864.86,8.53172
8989.93,8.52709
9000.0,8.52671
9126.97,8.52273
9255.74,8.5187
9386.32,8.51461
9500.0,8.51105
9634.03,8.5075
9769.95,8.50391
9907.78,8.50027
10000.0,8.49783
10141.1,8.49476
10284.2,8.49165
10429.2,8.48849
10576.4,8.4853
10625.0,8.48424
10774.9,8.48164
10926.9,8.47901
11081.1,8.47635
11237.4,8.47364
11250.0,8.47342
11408.7,8.47127
11569.7,8.46909
11732.9,8.46687
11875.0,8.46495
12042.5,8.46321
12212.4,8.46145
12384.7,8.45966
12500.0,8.45847
12676.4,8.45712
12855.2,8.45575
13036.6,8.45437
13125.0,8.45369
13310.2,8.45271
13498.0,8.45172
13688.4,8.45071
13750.0,8.45039
13944.0,8.44976
14140.7,8.44911
14340.2,8.44847
14375.0,8.44835
14577.8,8.44805
14783.5,8.44774
14992.0,8.44743
15000.0,8.44742
15211.6,8.44743
15426.2,8.44744
15625.0,8.44744
15845.4,8.44775
16069.0,8.44806
16250.0,8.44831
16479.3,8.4489
16711.8,8.4495
16875.0,8.44992
17113.1,8.45078
17354.5,8.45165
17500.0,8.45217
17746.9,8.45339
17997.3,8.45462
18251.2,8.45588
18508.7,8.45714
18750.0,8.45833
19014.5,8.46002
19282.8,8.46173
19554.8,8.46346
19830.7,8.46522
20000.0,8.4663
20282.2,8.46841
20568.3,8.47056
20858.5,8.47273
21152.8,8.47494
21250.0,8.47567
21549.8,8.47818
21853.8,8.48073
22162.1,8.48332
22474.8,8.48594
22500.0,8.48615
22817.4,8.48903
23139.3,8.49196
23465.8,8.49492
23750.0,8.49751
24085.1,8.50073
24424.9,8.50401
24769.5,8.50732
25000.0,8.50954
25352.7,8.5131
25710.4,8.51671
26073.1,8.52036
26250.0,8.52215
26620.3,8.526
26995.9,8.52991
27376.8,8.53388
27500.0,8.53516
27888.0,8.53929
28281.4,8.54348
28680.4,8.54774
28750.0,8.54848
29155.6,8.55287
29566.9,8.55733
29984.1,8.56185
30000.0,8.56203
30423.2,8.56666
30852.5,8.57135
31250.0,8.5757
31690.9,8.58057
32138.0,8.5855
32500.0,8.58949
32958.5,8.59457
33423.5,8.59972
33895.0,8.60495
34373.2,8.61025
34858.2,8.61563
35000.0,8.6172
35493.8,8.62267
35994.5,8.62821
36502.4,8.63383
37017.3,8.63953
37500.0,8.64488
38029.1,8.65068
38565.6,8.65657
39109.7,8.66255
39661.4,8.6686
40000.0,8.67232
40564.3,8.67844
41136.6,8.68464
41717.0,8.69094
42305.5,8.69732
42500.0,8.69943
43099.6,8.70582
43707.7,8.7123
44324.3,8.71887
44949.6,8.72553
45000.0,8.72607
45634.9,8.7327
46278.7,8.73942
46931.6,8.74624
47500.0,8.75217
48170.1,8.75901
48849.7,8.76595
49538.9,8.77299
50000.0,8.7777
50705.4,8.78463
51420.8,8.79166
52146.2,8.79879
52881.9,8.80603
53628.0,8.81336
54384.6,8.8208
55000.0,8.82685
55775.9,8.83408
56562.8,8.84142
57360.8,8.84886
58170.1,8.85641
58990.8,8.86406
59823.0,8.87182
60000.0,8.87347
60846.5,8.88093
61704.9,8.88849
62575.5,8.89616
63458.3,8.90394
64353.6,8.91183
65000.0,8.91753
65917.0,8.92515
66847.0,8.93288
67790.1,8.94073
68746.5,8.94868
69716.4,8.95675
70000.0,8.9591
70987.6,8.96663
71989.1,8.97426
73004.7,8.982
74034.7,8.98985
75079.2,8.99781
76138.4,9.00588
77212.6,9.01406
78301.9,9.02236
79406.6,9.03078
80000.0,9.0353
81128.7,9.04291
82273.2,9.05062
83434.0,9.05845
84611.1,9.06638
85804.8,9.07443
87015.3,9.08259
88243.0,9.09086
89487.9,9.09925
90000.0,9.10271
100000.0,9.16219
100000.0,9.14683
129534.0,9.23
150000.0,9.28767
152116.0,9.28696
205683.0,9.26917
228476.0,9.221
260731.0,9.15281
304173.0,9.01692
312816.0,8.97696
355497.0,8.77964
363056.0,8.75024
424566.0,8.51101
427561.0,8.50109
500000.0,8.26116
507054.0,8.23783
591614.0,7.87977
680494.0,7.56666
714769.0,7.44592
719891.0,7.42877
811287.0,7.1228
841031.0,7.02324
849930.0,6.99519
857271.0,6.9721
864950.0,6.94798
873582.0,6.92092
882575.0,6.89277
888759.0,6.87344
898119.0,6.84421
900000.0,6.83834
924021.0,6.7666
930539.0,6.7466
956524.0,6.6669
961260.0,6.65199
962068.0,6.64944
985293.0,6.58605
1000000.0,6.5451
1057370.0,6.38152
1087340.0,6.29434
1137700.0,6.17311
1190520.0,6.04291
1211380.0,5.9995
1250000.0,5.9177
1258820.0,5.89451
1372890.0,5.64568
1433160.0,5.5316
1470040.0,5.46097
1500000.0,5.41028
1607200.0,5.21954
1674480.0,5.1072
1686290.0,5.09348
1700070.0,5.0734
1717730.0,5.04765
1744590.0,5.00854
1750000.0,5.00066
1762340.0,4.97989
1789520.0,4.94323
1842760.0,4.87056
1889640.0,4.80575
1905600.0,4.78351
1913530.0,4.76957
1954220.0,4.72336
2000000.0,4.66714
2052060.0,4.60927
2114520.0,4.5384
2127610.0,4.52325
2171420.0,4.48021
2172350.0,4.47931
2231760.0,4.42054
2247500.0,4.40354
2374010.0,4.28536
2390750.0,4.27004
2525320.0,4.16776
2540740.0,4.15593
2556260.0,4.14412
2592320.0,4.11922
2594100.0,4.118
2629310.0,4.0935
2660630.0,4.07154
2673020.0,4.06313
2698160.0,4.04587
2730170.0,4.02646
2741690.0,4.01939
2769260.0,4.00274
2795260.0,3.98717
2825220.0,3.96896
2828140.0,3.96724
2845150.0,3.95722
2883060.0,3.93809
2911300.0,3.92357
2960500.0,3.89861
3000000.0,3.87832
3080280.0,3.85852
3155830.0,3.83841
3159160.0,3.83746
3209250.0,3.82365
3223710.0,3.81988
3231890.0,3.81783
3250740.0,3.81312
3298840.0,3.7999
3358560.0,3.78408
3376730.0,3.78019
3390920.0,3.77674
3402370.0,3.77411
3414840.0,3.7713
3461670.0,3.76073
3471900.0,3.75853
3500000.0,3.7526
3522790.0,3.74779
3542840.0,3.74306
3597000.0,3.73048
3618170.0,3.72582
3622370.0,3.72504
3636470.0,3.72243
3645060.0,3.72061
3651980.0,3.71922
3750000.0,3.69981
3764490.0,3.69694
3793150.0,3.6914
3813910.0,3.68759
3818410.0,3.68663
3846660.0,3.68082
3875000.0,3.67499
3880460.0,3.67387
3890620.0,3.67181
3904300.0,3.66904
3916260.0,3.66661
3926730.0,3.66449
3939890.0,3.66182
3947250.0,3.66033
3950560.0,3.65967
3950910.0,3.65961
3953810.0,3.65908
3963180.0,3.65742
3972390.0,3.65578
3986190.0,3.65333
4000000.0,3.65089
4015620.0,3.65295
4031010.0,3.65499
4046150.0,3.65699
4061050.0,3.65896
4075720.0,3.66091
4090160.0,3.66282
4104380.0,3.6647
4113140.0,3.66586
4118370.0,3.66657
4132150.0,3.66846
4152380.0,3.67123
4172200.0,3.67395
4191500.0,3.67659
4210400.0,3.67918
4214760.0,3.67978
4228810.0,3.6819
4229480.0,3.682
4246830.0,3.6842
4260010.0,3.68588
4264400.0,3.68643
4281590.0,3.68862
4298340.0,3.69075
4314740.0,3.69283
4318900.0,3.69336
4330720.0,3.69492
4346360.0,3.69699
4361600.0,3.699
4376530.0,3.70097
4386950.0,3.70234
4395860.0,3.70352
4398680.0,3.70389
4410200.0,3.70555
4414740.0,3.7061
4433030.0,3.70829
4450750.0,3.71042
4467910.0,3.71248
4479940.0,3.71392
4484540.0,3.71449
4500650.0,3.71649
4516250.0,3.71843
4531370.0,3.72031
4532780.0,3.72048
4546010.0,3.72213
4560200.0,3.72389
4573940.0,3.7256
4593810.0,3.72806
4604650.0,3.72941
4612650.0,3.7305
4630710.0,3.73295
4647840.0,3.73527
4652310.0,3.73588
4664260.0,3.73754
4679840.0,3.7397
4688250.0,3.74087
4694760.0,3.74178
4695850.0,3.74193
4713840.0,3.74394
4731730.0,3.74594
4748490.0,3.74781
4764210.0,3.74957
4773620.0,3.75062
4778950.0,3.75123
4798250.0,3.75344
4799240.0,3.75357
4817860.0,3.75587
4831130.0,3.75751
4834580.0,3.75794
4849920.0,3.75984
4868680.0,3.76216
4885100.0,3.7642
4899460.0,3.76597
4917520.0,3.76821
4923370.0,3.76893
4932650.0,3.7701
4948780.0,3.77214
4949480.0,3.77223
4965750.0,3.77437
4967530.0,3.7746
4983760.0,3.77673
5000000.0,3.77886
5018840.0,3.78373
5042550.0,3.78985
5062380.0,3.79497
5084480.0,3.80068
5107260.0,3.80656
5115260.0,3.80863
5132110.0,3.81298
5150730.0,3.8178
5150750.0,3.8178
5173670.0,3.82372
5195640.0,3.8294
5218290.0,3.83525
5223280.0,3.83654
5233180.0,3.83909
5249630.0,3.84346
5274330.0,3.85002
5297490.0,3.85618
5319200.0,3.86194
5339550.0,3.86735
5350830.0,3.87034
5367870.0,3.87487
5393290.0,3.88162
5415170.0,3.88743
5416620.0,3.88783
5444260.0,3.89534
5464350.0,3.9008
5469340.0,3.90215
5477230.0,3.9043
5491280.0,3.90786
5519430.0,3.91499
5535110.0,3.91897
5562550.0,3.92592
5590840.0,3.93309
5593600.0,3.93379
5609480.0,3.93781
5610140.0,3.93798
5633280.0,3.94396
5644860.0,3.94696
5677460.0,3.95538
5707370.0,3.96311
5730100.0,3.96898
5734240.0,3.97005
5745940.0,3.97308
5758880.0,3.97648
5789020.0,3.9844
5815400.0,3.99133
5825070.0,3.99388
5838470.0,3.9974
5868080.0,4.00518
5899000.0,4.01331
5914090.0,4.01727
5924250.0,4.01998
5951300.0,4.02718
5970560.0,4.03231
5983770.0,4.03583
6000000.0,4.04015
6031250.0,4.04629
6042320.0,4.04847
6061520.0,4.0528
6105060.0,4.06261
6116730.0,4.06524
6146780.0,4.07202
6186360.0,4.08095
6220740.0,4.0887
6224300.0,4.0895
6235740.0,4.09208
6260280.0,4.09768
6294770.0,4.10556
6327490.0,4.11302
6354070.0,4.11909
6358840.0,4.12018
6398920.0,4.12933
6436480.0,4.1379
6467860.0,4.14507
6471700.0,4.14594
6488550.0,4.14979
6504720.0,4.15352
6535680.0,4.16065
6578740.0,4.17058
6596980.0,4.17479
6617410.0,4.1795
6652890.0,4.18768
6666770.0,4.19088
6694920.0,4.19742
6695500.0,4.19755
6733060.0,4.20627
6766430.0,4.21402
6809250.0,4.22397
6831360.0,4.2291
6833090.0,4.22951
6846060.0,4.23254
6874820.0,4.23926
6917850.0,4.24933
6947190.0,4.25619
6982400.0,4.26442
7000000.0,4.26854
7049380.0,4.27793
7055960.0,4.27886
7108430.0,4.28627
7111930.0,4.28677
7117820.0,4.2876
7157620.0,4.29323
7203730.0,4.29974
7209860.0,4.30061
7217870.0,4.30174
7225800.0,4.30287
7233630.0,4.30397
7237620.0,4.30454
7241380.0,4.30507
7246960.0,4.30586
7249020.0,4.30616
7256580.0,4.30723
7264050.0,4.30829
7268840.0,4.30898
7271440.0,4.30935
7278730.0,4.31038
7285950.0,4.31141
7293080.0,4.31242
7300120.0,4.31343
7306480.0,4.31433
7307080.0,4.31442
7313970.0,4.31539
7320760.0,4.31636
7327490.0,4.31732
7334130.0,4.31826
7340700.0,4.3192
7347180.0,4.32012
7353600.0,4.32103
7359930.0,4.32193
7361100.0,4.3221
7366200.0,4.32282
7372380.0,4.3237
7378500.0,4.32457
7386580.0,4.32572
7394530.0,4.32685
7397690.0,4.3273
7402360.0,4.32797
7410060.0,4.32906
7410150.0,4.32908
7417640.0,4.33014
7425110.0,4.3312
7432460.0,4.33225
7439690.0,4.33328
7446810.0,4.33429
7453820.0,4.33529
7455150.0,4.33548
7460720.0,4.33627
7467510.0,4.33724
7474200.0,4.33819
7480780.0,4.33912
7487260.0,4.34005
7491130.0,4.3406
7493640.0,4.34095
7499910.0,4.34185
7506090.0,4.34274
7510190.0,4.34332
7512180.0,4.34361
7518160.0,4.34446
7524060.0,4.3453
7529860.0,4.34613
7538410.0,4.34736
7543880.0,4.34814
7546730.0,4.34855
7554880.0,4.34971
7558340.0,4.35021
7562820.0,4.35085
7570600.0,4.35196
7578170.0,4.35304
7585580.0,4.3541
7592810.0,4.35513
7599880.0,4.35615
7600470.0,4.35623
7606770.0,4.35713
7613520.0,4.3581
7620090.0,4.35904
7626530.0,4.35996
7632800.0,4.36085
7638940.0,4.36173
7646950.0,4.36288
7654540.0,4.36396
7654710.0,4.36399
7655410.0,4.36409
7662240.0,4.36506
7669040.0,4.36604
7669520.0,4.36611
7676580.0,4.36712
7683420.0,4.3681
7690040.0,4.36905
7696460.0,4.36997
7702680.0,4.37087
7708700.0,4.37173
7711000.0,4.37206
7714540.0,4.37257
7722970.0,4.37378
7730970.0,4.37493
7738640.0,4.37603
7745910.0,4.37708
7752880.0,4.37808
7757100.0,4.37868
7759490.0,4.37903
7765830.0,4.37994
7773930.0,4.3811
7781520.0,4.38219
7788640.0,4.38321
7795310.0,4.38417
7801570.0,4.38507
7806500.0,4.38578
7807430.0,4.38591
7815510.0,4.38707
7822920.0,4.38814
7825810.0,4.38855
7829570.0,4.38909
7832770.0,4.38955
7835680.0,4.38997
7843150.0,4.39104
7849680.0,4.39198
7850950.0,4.39216
7858060.0,4.39319
7864770.0,4.39415
7870390.0,4.39496
7876640.0,4.39586
7883350.0,4.39682
7888120.0,4.39751
7891390.0,4.39798
7895400.0,4.39856
7895410.0,4.39856
7914200.0,4.40127
7929930.0,4.40353
7947450.0,4.40606
7947700.0,4.4061
7965510.0,4.40866
7985220.0,4.4115
8000000.0,4.41363
8023320.0,4.41447
8046150.0,4.41529
8062500.0,4.41587
8068390.0,4.41609
8090160.0,4.41687
8103730.0,4.41735
8111380.0,4.41763
8132150.0,4.41838
8145710.0,4.41886
8148560.0,4.41896
8172410.0,4.41982
8198270.0,4.42075
8216390.0,4.4214
8223320.0,4.42165
8227520.0,4.4218
8239070.0,4.42221
8239070.0,4.42221
8247590.0,4.42252
8271110.0,4.42338
8293880.0,4.4242
8298430.0,4.42437
8315950.0,4.425
8330550.0,4.42553
8337330.0,4.42593
8358040.0,4.42713
8361270.0,4.42732
8363500.0,4.42745
8378100.0,4.4283
8397530.0,4.42943
8425480.0,4.43105
8443060.0,4.43207
8452270.0,4.43261
8477670.0,4.43409
8485280.0,4.43453
8493090.0,4.43498
8502030.0,4.4355
8512680.0,4.43613
8525130.0,4.43685
8547270.0,4.43815
8563720.0,4.43911
8568270.0,4.43946
8573590.0,4.43987
8588400.0,4.44102
8611130.0,4.44278
8614120.0,4.44301
8638240.0,4.44487
8650210.0,4.4458
8660850.0,4.44662
8670770.0,4.44739
8682050.0,4.44826
8701920.0,4.4498
8714340.0,4.45077
8729560.0,4.45195
8738850.0,4.45267
8754390.0,4.45387
8777170.0,4.45564
8785760.0,4.4563
8791100.0,4.45672
8817210.0,4.45874
8833850.0,4.46003
8840060.0,4.46052
8852160.0,4.46146
8860050.0,4.46219
8862270.0,4.4624
8885200.0,4.46452
8906240.0,4.46648
8929680.0,4.46865
8931140.0,4.46878
8954800.0,4.47098
8958170.0,4.47129
8967000.0,4.47211
8977400.0,4.47308
9000000.0,4.47517
9038060.0,4.47547
9071360.0,4.47572
9100490.0,4.47595
9104660.0,4.47598
9137140.0,4.47623
9167810.0,4.47646
9176010.0,4.47653
9201970.0,4.47673
9227590.0,4.47692
9240210.0,4.47702
9240210.0,4.47702
9261640.0,4.47719
9266020.0,4.47722
9304450.0,4.47752
9331930.0,4.47711
9347920.0,4.47708
9388680.0,4.477
9391390.0,4.47699
9426880.0,4.47692
9462700.0,4.47685
9478340.0,4.47681
9486830.0,4.4768
9494640.0,4.47678
9496280.0,4.47678
9500750.0,4.47677
9542520.0,4.47669
9543540.0,4.47668
9565240.0,4.47664
9572070.0,4.4767
9584950.0,4.47682
9585450.0,4.47683
9592280.0,4.47689
9598400.0,4.47695
9610950.0,4.47706
9623050.0,4.47717
9623110.0,4.47717
9634890.0,4.47728
9646300.0,4.47738
9657350.0,4.47749
9658010.0,4.47749
9672130.0,4.47762
9673240.0,4.47763
9688480.0,4.47777
9694210.0,4.47783
9700760.0,4.47789
9702930.0,4.47791
9716780.0,4.47803
9729920.0,4.47816
9738160.0,4.47823
9740040.0,4.47825
9742510.0,4.47827
9754460.0,4.47838
9765900.0,4.47849
9780540.0,4.47862
9786170.0,4.47867
9794250.0,4.47875
9799330.0,4.4788
9807110.0,4.47887
9819170.0,4.47898
9824590.0,4.47903
9830470.0,4.47908
9834700.0,4.47912
9834700.0,4.47912
9846190.0,4.47923
9852930.0,4.47929
9856750.0,4.47936
9860310.0,4.47943
9871000.0,4.47962
9873270.0,4.47966
9881190.0,4.47981
9892560.0,4.48001
9896040.0,4.48008
9909030.0,4.48031
9920400.0,4.48052
9930930.0,4.48071
9934710.0,4.48078
9946680.0,4.481
9957000.0,4.48118
9960010.0,4.48124
9974290.0,4.4815
9976980.0,4.48155
9987140.0,4.48173
10000000.0,4.48197
10020100.0,4.48134
10039000.0,4.48075
10040200.0,4.48071
10056600.0,4.48019
10073200.0,4.47967
10080400.0,4.47945
10088700.0,4.47919
10090800.0,4.47912
10104800.0,4.47869
10110100.0,4.47852
10129700.0,4.4779
10133100.0,4.4778
10141100.0,4.47755
10147400.0,4.47735
10163500.0,4.47685
10180300.0,4.47632
10183300.0,4.47623
10195500.0,4.47585
10200600.0,4.47569
10201100.0,4.47567
10215700.0,4.47521
10230800.0,4.47474
10234800.0,4.47462
10241100.0,4.47442
10250700.0,4.47412
10268500.0,4.47356
10276200.0,4.47332
10284200.0,4.47307
10287500.0,4.47297
10304600.0,4.47243
10321700.0,4.4719
10332300.0,4.4715
10333000.0,4.47147
10353200.0,4.47072
10363900.0,4.47031
10373400.0,4.46996
10384000.0,4.46956
10393000.0,4.46922
10406500.0,4.46872
10411900.0,4.46851
10430300.0,4.46782
10441100.0,4.46742
10448100.0,4.46716
10465400.0,4.46651
10466400.0,4.46647
10467300.0,4.46644
10482100.0,4.46599
10488100.0,4.4658
10492400.0,4.46566
10498200.0,4.46548
10513100.0,4.46502
10513900.0,4.465
10536600.0,4.46429
10539500.0,4.4642
10558100.0,4.46362
10578700.0,4.46298
10597000.0,4.46241
10598200.0,4.46238
10602400.0,4.46225
10613800.0,4.46189
10615000.0,4.46186
10617000.0,4.46179
10620300.0,4.46169
10634700.0,4.46124
10647400.0,4.46085
10651800.0,4.46072
10673200.0,4.46005
10691500.0,4.45948
10693600.0,4.45942
10701800.0,4.45916
10709100.0,4.45894
10712800.0,4.45882
10730700.0,4.45827
10747600.0,4.45775
10748000.0,4.45773
10763300.0,4.45726
10764800.0,4.45722
10785300.0,4.45658
10805000.0,4.45597
10807100.0,4.45591
10808300.0,4.45587
10823100.0,4.45541
10830300.0,4.45519
10844500.0,4.45483
10853600.0,4.45459
10855300.0,4.45455
10863900.0,4.45433
10880900.0,4.4539
10902800.0,4.45334
10904100.0,4.4533
10907000.0,4.45323
10914900.0,4.45303
10916600.0,4.45298
10936200.0,4.45249
10949600.0,4.45215
10958100.0,4.45193
10969000.0,4.45165
10973100.0,4.45155
10991000.0,4.45109
11000000.0,4.45086
11029700.0,4.44988
11058200.0,4.44894
11058800.0,4.44892
11085200.0,4.44805
11111100.0,4.44719
11112700.0,4.44714
11115100.0,4.44706
11120300.0,4.44689
11135700.0,4.44638
11155200.0,4.44574
11159200.0,4.44561
11178700.0,4.44496
11181500.0,4.44487
11202900.0,4.44417
11203200.0,4.44416
11211400.0,4.44389
11219000.0,4.44364
11230300.0,4.44332
11236400.0,4.44314
11241900.0,4.44299
11255900.0,4.44259
11279900.0,4.4419
11302500.0,4.44126
11310500.0,4.44103
11312600.0,4.44097
11318700.0,4.4408
11320200.0,4.44075
11323600.0,4.44066
11351800.0,4.43986
11353000.0,4.43982
11364800.0,4.43949
11379400.0,4.43907
11400300.0,4.43848
11403600.0,4.43839
11415300.0,4.43806
11423900.0,4.43781
11425800.0,4.43776
11432300.0,4.43757
11433600.0,4.43754
11435800.0,4.43748
11445300.0,4.43721
11454400.0,4.43695
11458300.0,4.43684
11463000.0,4.4367
11471000.0,4.43648
11471300.0,4.43647
11472200.0,4.43645
11481100.0,4.43619
11481900.0,4.43617
11489100.0,4.43597
11491800.0,4.43589
11491900.0,4.43589
11498400.0,4.43573
11501100.0,4.43566
11509800.0,4.43545
11510300.0,4.43544
11518000.0,4.43525
11526600.0,4.43504
11529200.0,4.43497
11537100.0,4.43478
11539500.0,4.43472
11548800.0,4.43449
11549100.0,4.43449
11555100.0,4.43434
11557300.0,4.43429
11567700.0,4.43403
11576800.0,4.43381
11584400.0,4.43363
11584800.0,4.43362
11594800.0,4.43337
11603200.0,4.43317
11604500.0,4.43314
11610000.0,4.433
11612500.0,4.43294
11614700.0,4.43289
11622500.0,4.4327
11628500.0,4.43255
11631500.0,4.43248
11634000.0,4.43242
11640400.0,4.43226
11640500.0,4.43226
11657200.0,4.43182
11673200.0,4.4314
11673500.0,4.43139
11688300.0,4.431
11702900.0,4.43061
11703800.0,4.43059
11716600.0,4.43025
11724800.0,4.43003
11729900.0,4.4299
11730400.0,4.42989
11731000.0,4.42987
11742400.0,4.42957
11754400.0,4.42925
11755900.0,4.42921
11769700.0,4.42885
11778600.0,4.42862
11784100.0,4.42847
11786400.0,4.42841
11793600.0,4.42822
11797600.0,4.42811
11804700.0,4.42793
11805800.0,4.4279
11810300.0,4.42778
11813100.0,4.42771
11822100.0,4.42747
11827300.0,4.42733
11828200.0,4.42731
11836500.0,4.42712
11838600.0,4.42707
11853400.0,4.42673
11865200.0,4.42645
11866500.0,4.42642
11867000.0,4.42641
11867300.0,4.4264
11875300.0,4.42622
11890900.0,4.42586
11897800.0,4.4257
11904600.0,4.42554
11916500.0,4.42527
11923300.0,4.42511
11931500.0,4.42492
11933600.0,4.42487
11944100.0,4.42463
11950700.0,4.42448
11956600.0,4.42434
11958000.0,4.42431
11968500.0,4.42407
11971300.0,4.424
11972400.0,4.42398
11983600.0,4.42372
11984300.0,4.4237
12000000.0,4.42334
12015600.0,4.42263
12031000.0,4.42194
12031200.0,4.42193
12046100.0,4.42125
12061000.0,4.42058
12061500.0,4.42056
12075700.0,4.41991
12090900.0,4.41923
12091800.0,4.41918
12097300.0,4.41894
12118400.0,4.41798
12119300.0,4.41794
12125000.0,4.41768
12138900.0,4.41705
12159100.0,4.41614
12160100.0,4.4161
12169300.0,4.41568
12176000.0,4.41538
12178700.0,4.41526
12197900.0,4.41439
12199300.0,4.41433
12216600.0,4.41355
12227500.0,4.41305
12234400.0,4.41274
12234900.0,4.41272
12236400.0,4.41265
12242500.0,4.41238
12252700.0,4.41192
12270200.0,4.41113
12272000.0,4.41105
12287200.0,4.41037
12303900.0,4.40962
12305800.0,4.40953
12320100.0,4.40889
12324100.0,4.40871
12336000.0,4.40817
12337000.0,4.40812
12338200.0,4.40807
12341000.0,4.40795
12346400.0,4.4077
12366800.0,4.40679
12368900.0,4.40669
12371900.0,4.40656
12386600.0,4.4059
12398300.0,4.40537
12405700.0,4.40504
12408600.0,4.40491
12415300.0,4.40461
12424300.0,4.4042
12435900.0,4.40369
12442300.0,4.4034
12459700.0,4.40262
12471200.0,4.40211
12476600.0,4.40186
12482500.0,4.4016
12487100.0,4.40139
12493000.0,4.40113
12500000.0,4.40082
12504200.0,4.40063
12507800.0,4.40047
12508800.0,4.40042
12515100.0,4.40014
12515500.0,4.40012
12523100.0,4.39978
12524200.0,4.39973
12530500.0,4.39945
12535200.0,4.39924
12537900.0,4.39912
12539000.0,4.39907
12545100.0,4.3988
12552200.0,4.39848
12559200.0,4.39817
12560400.0,4.39811
12564200.0,4.39794
12566100.0,4.39786
12572900.0,4.39756
12575500.0,4.39744
12580900.0,4.3972
12582800.0,4.39711
12590400.0,4.39677
12592600.0,4.39668
12600400.0,4.39633
12602100.0,4.39626
12604700.0,4.39614
12611400.0,4.39584
12615300.0,4.39566
12615600.0,4.39565
12619000.0,4.3955
12620400.0,4.39544
12626400.0,4.39517
12629300.0,4.39504
12636700.0,4.39471
12637900.0,4.39466
12640900.0,4.39452
12646400.0,4.39428
12653000.0,4.39399
12653300.0,4.39397
12653600.0,4.39396
12654700.0,4.39392
12662700.0,4.39357
12669700.0,4.39327
12670600.0,4.39323
12674200.0,4.39308
12678300.0,4.3929
12685100.0,4.39261
12685800.0,4.39258
12691700.0,4.39233
12693100.0,4.39227
12697900.0,4.39206
12704800.0,4.39177
12707400.0,4.39166
12713700.0,4.39139
12716500.0,4.39127
12723200.0,4.39098
12725400.0,4.39089
12734000.0,4.39052
12740000.0,4.39026
12740500.0,4.39024
12742300.0,4.39016
12747600.0,4.38994
12749500.0,4.38985
12750300.0,4.38982
12756700.0,4.38954
12758100.0,4.38948
12765700.0,4.38916
12771900.0,4.3889
12773000.0,4.38885
12780100.0,4.38855
12780800.0,4.38852
12787000.0,4.38825
12793100.0,4.38799
12793600.0,4.38797
12796900.0,4.38783
12805000.0,4.38748
12806300.0,4.38743
12812100.0,4.38718
12815300.0,4.38704
12821000.0,4.3868
12823900.0,4.38668
12829500.0,4.38644
12832100.0,4.38633
12837700.0,4.38609
12839900.0,4.386
12840200.0,4.38599
12843400.0,4.38585
12847300.0,4.38568
12854500.0,4.38538
12860100.0,4.38514
12863600.0,4.38499
12870700.0,4.38469
12872100.0,4.38463
12877600.0,4.38439
12880100.0,4.38429
12882500.0,4.38418
12887600.0,4.38397
12892900.0,4.38374
12894600.0,4.38367
12902500.0,4.38333
12904400.0,4.38325
12912200.0,4.38292
12913200.0,4.38288
12921200.0,4.38254
12922900.0,4.38247
12926100.0,4.38233
12928300.0,4.38224
12935400.0,4.38194
12943400.0,4.3816
12945900.0,4.38149
12946200.0,4.38148
12950400.0,4.3813
12950500.0,4.3813
12956600.0,4.38104
12959400.0,4.38092
12965400.0,4.38067
12966800.0,4.38061
12974100.0,4.3803
12975100.0,4.38026
12982700.0,4.37994
12983500.0,4.3799
12984000.0,4.37988
12992000.0,4.37954
13000000.0,4.3792
13011500.0,4.37856
13022600.0,4.37795
13022800.0,4.37794
13036700.0,4.37717
13043700.0,4.37678
13044700.0,4.37673
13049900.0,4.37644
13052300.0,4.3763
13062100.0,4.37576
13062300.0,4.37575
13062500.0,4.37574
13074000.0,4.3751
13079800.0,4.37478
13082000.0,4.37466
13084900.0,4.3745
13100100.0,4.37366
13100900.0,4.37361
13108700.0,4.37318
13113100.0,4.37294
13113700.0,4.3729
13116200.0,4.37276
13118500.0,4.37264
13119300.0,4.37259
13119300.0,4.37259
13122300.0,4.37243
13123600.0,4.37236
13124200.0,4.37233
13125300.0,4.37227
13126200.0,4.37222
13128200.0,4.37212
13131000.0,4.37196
13133700.0,4.37182
13136400.0,4.37167
13139000.0,4.37153
13141000.0,4.37142
13141600.0,4.37139
13143000.0,4.37132
13144900.0,4.37121
13148200.0,4.37104
13151300.0,4.37087
13154300.0,4.37071
13154400.0,4.3707
13154900.0,4.37068
13156200.0,4.37061
13157300.0,4.37055
13160100.0,4.37039
13162900.0,4.37024
13165600.0,4.3701
13166200.0,4.37007
13168200.0,4.36996
13170700.0,4.36983
13173100.0,4.3697
13176600.0,4.36951
13179300.0,4.36936
13179900.0,4.36933
13181300.0,4.36925
13183100.0,4.36915
13183400.0,4.36914
13186200.0,4.36899
13189100.0,4.36883
13189700.0,4.3688
13191800.0,4.36869
13194500.0,4.36854
13197000.0,4.36841
13200200.0,4.36823
13201700.0,4.36816
13201900.0,4.36814
13203100.0,4.36808
13203200.0,4.36807
13204400.0,4.36801
13206100.0,4.36792
13208700.0,4.36778
13209900.0,4.36771
13211200.0,4.36764
13214700.0,4.36746
13217800.0,4.36729
13219300.0,4.36721
13219600.0,4.36719
13220600.0,4.36714
13224000.0,4.36696
13227100.0,4.36679
13229700.0,4.36665
13229900.0,4.36664
13233200.0,4.36646
13235100.0,4.36636
13236400.0,4.36629
13238400.0,4.36618
13238800.0,4.36616
13241900.0,4.36599
13242300.0,4.36597
13244300.0,4.36587
13247100.0,4.36571
13248500.0,4.36564
13260200.0,4.36517
13266000.0,4.36493
13271800.0,4.3647
13272000.0,4.36469
13283200.0,4.36424
13294400.0,4.36379
13294700.0,4.36378
13295500.0,4.36375
13299900.0,4.36357
13305400.0,4.36335
13316300.0,4.36292
13316800.0,4.3629
13326900.0,4.36249
13332200.0,4.36228
13337500.0,4.36206
13338100.0,4.36204
13339500.0,4.36198
13342400.0,4.36186
13347800.0,4.36165
13358000.0,4.36124
13358800.0,4.36121
13363000.0,4.36104
13368000.0,4.36084
13369400.0,4.36079
13377900.0,4.36045
13378800.0,4.36041
13380800.0,4.36033
13387600.0,4.36006
13397200.0,4.35967
13397300.0,4.35967
13398300.0,4.35963
13406600.0,4.3593
13415900.0,4.35893
13416200.0,4.35891
13425000.0,4.35856
13426200.0,4.35852
13434000.0,4.3582
13434400.0,4.35819
13435400.0,4.35815
13437600.0,4.35806
13442800.0,4.35785
13451500.0,4.3575
13452100.0,4.35748
13452900.0,4.35745
13460100.0,4.35716
13460600.0,4.35714
13468600.0,4.35682
13469200.0,4.3568
13478300.0,4.35643
13480900.0,4.35633
13485800.0,4.35613
13486800.0,4.35609
13489800.0,4.35598
13493100.0,4.35585
13501900.0,4.35549
13502600.0,4.35546
13504900.0,4.35537
13506800.0,4.3553
13516500.0,4.35491
13517400.0,4.35488
13525700.0,4.35455
13527700.0,4.35447
13532500.0,4.35428
13536600.0,4.35411
13538800.0,4.35403
13547100.0,4.3537
13547800.0,4.35367
13549500.0,4.3536
13558000.0,4.35326
13559500.0,4.3532
13560100.0,4.35318
13561300.0,4.35313
13568800.0,4.35284
13570300.0,4.35277
13579600.0,4.35241
13580400.0,4.35238
13581700.0,4.35232
13588900.0,4.35204
13590200.0,4.35199
13599700.0,4.35161
13601100.0,4.35155
13609100.0,4.35124
13614600.0,4.35102
13618200.0,4.35088
13619700.0,4.35082
13625000.0,4.35061
13630000.0,4.35041
13632100.0,4.35033
13637400.0,4.35012
13638700.0,4.35007
13641600.0,4.34995
13652800.0,4.34951
13654300.0,4.34945
13661300.0,4.34917
13663700.0,4.34908
13669600.0,4.34884
13670300.0,4.34882
13674200.0,4.34866
13676400.0,4.34858
13678100.0,4.34851
13682400.0,4.34834
13684300.0,4.34826
13685700.0,4.34821
13694200.0,4.34788
13699800.0,4.34766
13702300.0,4.34756
13703800.0,4.3475
13705300.0,4.34744
13713000.0,4.34715
13722000.0,4.34681
13723800.0,4.34674
13729900.0,4.3465
13730700.0,4.34647
13736000.0,4.34627
13739100.0,4.34615
13741000.0,4.34608
13741000.0,4.34608
13749300.0,4.34576
13751300.0,4.34569
13754700.0,4.34556
13757200.0,4.34546
13762800.0,4.34524
13772400.0,4.34488
13773900.0,4.34482
13777400.0,4.34469
13784300.0,4.34442
13784400.0,4.34442
13786600.0,4.34433
13787600.0,4.3443
13791900.0,4.34413
13794400.0,4.34404
13803900.0,4.34368
13804400.0,4.34366
13806200.0,4.34359
13813100.0,4.34333
13817200.0,4.34317
13824200.0,4.34291
13824800.0,4.34288
13828800.0,4.34273
13835700.0,4.34247
13838300.0,4.34237
13840300.0,4.34229
13846000.0,4.34208
13850200.0,4.34192
13855100.0,4.34173
13855600.0,4.34171
13864600.0,4.34137
13873200.0,4.34104
13877100.0,4.3409
13877700.0,4.34087
13888500.0,4.34046
13889100.0,4.34044
13893000.0,4.34029
13893800.0,4.34026
13893900.0,4.34026
13898700.0,4.34008
13908100.0,4.33972
13909400.0,4.33967
13919600.0,4.33929
13919700.0,4.33928
13925700.0,4.33906
13929600.0,4.33891
13930600.0,4.33887
13931800.0,4.33883
13934800.0,4.33871
13938400.0,4.33858
13939300.0,4.33854
13943300.0,4.33839
13947300.0,4.33824
13949500.0,4.33816
13954500.0,4.33797
13958800.0,4.33781
13966100.0,4.33753
13969100.0,4.33742
13970700.0,4.33736
13977300.0,4.33711
13980100.0,4.337
13988700.0,4.33668
13990100.0,4.33663
13990200.0,4.33662
14000000.0,4.33625
14015600.0,4.33498
14021000.0,4.33454
14030500.0,4.33376
14030800.0,4.33374
14049500.0,4.3322
14049800.0,4.33218
14059000.0,4.33143
14060300.0,4.33133
14067400.0,4.33074
14076300.0,4.33001
14084100.0,4.32937
14092500.0,4.32869
14099800.0,4.32809
14100100.0,4.32807
14110700.0,4.3272
14114600.0,4.32689
14121900.0,4.32628
14122900.0,4.32621
14134800.0,4.32523
14146700.0,4.32426
14148600.0,4.3241
14149400.0,4.32404
14153400.0,4.32371
14166900.0,4.32261
14167700.0,4.32255
14170100.0,4.32235
14172000.0,4.3222
14183500.0,4.32126
14185500.0,4.3211
14197500.0,4.32012
14201300.0,4.31981
14202500.0,4.31971
14204200.0,4.31957
14220600.0,4.31824
14224800.0,4.3179
14225900.0,4.31781
14235000.0,4.31707
14235700.0,4.31701
14243600.0,4.31637
14253000.0,4.3156
14253300.0,4.31558
14268100.0,4.31437
14270000.0,4.31422
14272500.0,4.31401
14281500.0,4.31328
14284900.0,4.313
14288000.0,4.31275
14293400.0,4.31232
14300800.0,4.31172
14303000.0,4.31154
14319200.0,4.31022
14321400.0,4.31004
14323900.0,4.30984
14335400.0,4.3089
14356000.0,4.30723
14381900.0,4.30512
14392000.0,4.3043
14397800.0,4.30382
14403500.0,4.30336
14407400.0,4.30304
14427600.0,4.3014
14429100.0,4.30128
14452500.0,4.29937
14454400.0,4.29922
14469100.0,4.29802
14469500.0,4.29799
14484800.0,4.29675
14489800.0,4.29634
14500000.0,4.29551
14523200.0,4.29369
14531200.0,4.29306
14545400.0,4.29194
14560500.0,4.29075
14573800.0,4.28971
14574300.0,4.28967
14588000.0,4.2886
14589800.0,4.28845
14600500.0,4.28762
14600900.0,4.28758
14613800.0,4.28657
14616900.0,4.28633
14625400.0,4.28566
14641100.0,4.28443
14648900.0,4.28382
14649200.0,4.28379
14670800.0,4.28209
14671900.0,4.28201
14681800.0,4.28124
14701000.0,4.27973
14704600.0,4.27945
14706900.0,4.27927
14711000.0,4.27895
14721500.0,4.27812
14728700.0,4.27756
14737800.0,4.27685
14750000.0,4.2759
14753600.0,4.27561
14756300.0,4.2754
14770500.0,4.27429
14775600.0,4.2739
14776500.0,4.27383
14786800.0,4.27302
14789100.0,4.27285
14799200.0,4.27205
14804400.0,4.27165
14806900.0,4.27145
14824300.0,4.2701
14825900.0,4.26998
14828900.0,4.26975
14831700.0,4.26953
14850300.0,4.26808
14855900.0,4.26764
14866700.0,4.2668
14877200.0,4.26599
14882300.0,4.26559
14891800.0,4.26485
14899700.0,4.26424
14900000.0,4.26421
14903300.0,4.26396
14911700.0,4.2633
14912000.0,4.26328
14924800.0,4.26229
14929700.0,4.2619
14935700.0,4.26144
14943300.0,4.26085
14951600.0,4.2602
14963900.0,4.25925
14967900.0,4.25895
14971600.0,4.25865
14975800.0,4.25833
15000000.0,4.25646
15038600.0,4.25141
15052000.0,4.24965
15075500.0,4.24657
15076300.0,4.24647
15100700.0,4.24328
15110600.0,4.24198
15122800.0,4.24039
15144200.0,4.23758
15146400.0,4.2373
15167100.0,4.23459
15176100.0,4.23341
15189200.0,4.2317
15206700.0,4.22942
15207900.0,4.22926
15208600.0,4.22917
15211600.0,4.22877
15229300.0,4.22646
15244000.0,4.22456
15245700.0,4.22433
15247500.0,4.22409
15282300.0,4.21956
15284000.0,4.21934
15284600.0,4.21926
15304600.0,4.21666
15316600.0,4.21509
15318300.0,4.21488
15335300.0,4.21266
15348800.0,4.2109
15365400.0,4.20875
15370500.0,4.20808
15379000.0,4.20697
15380900.0,4.20673
15408600.0,4.20312
15420500.0,4.20157
15422200.0,4.20135
15422700.0,4.20129
15426200.0,4.20083
15447400.0,4.19808
15455000.0,4.1971
15458600.0,4.19662
15473800.0,4.19466
15483000.0,4.19346
15492900.0,4.19219
15502100.0,4.191
15518500.0,4.18887
15519700.0,4.18871
15524300.0,4.18812
15526600.0,4.18782
15562700.0,4.18315
15564700.0,4.18288
15568400.0,4.1824
15575900.0,4.18144
15584400.0,4.18034
15596300.0,4.17881
15607800.0,4.17732
15613600.0,4.17657
15617400.0,4.17608
15625700.0,4.17501
15640900.0,4.17305
15643900.0,4.17267
15662700.0,4.17024
15663700.0,4.1701
15669400.0,4.16938
15688500.0,4.16691
15693600.0,4.16625
15721400.0,4.16267
15727300.0,4.16192
15728100.0,4.16181
15737700.0,4.16058
15743800.0,4.15979
15743900.0,4.15978
15760700.0,4.15763
15765000.0,4.15709
15771200.0,4.1563
15796800.0,4.15304
15798300.0,4.15285
15807900.0,4.15162
15811400.0,4.15118
15831500.0,4.14861
15864600.0,4.14445
15873600.0,4.14331
15889400.0,4.14132
15903500.0,4.13956
15905200.0,4.13934
15915800.0,4.13801
15936800.0,4.13537
15952600.0,4.13338
16000000.0,4.12743
16057200.0,4.11661
16059000.0,4.11626
16109100.0,4.1068
16110700.0,4.1065
16133300.0,4.10223
16154500.0,4.09823
16162400.0,4.09674
16175700.0,4.09423
16195400.0,4.09049
16212800.0,4.08723
16225700.0,4.08478
16230100.0,4.08396
16236200.0,4.08281
16245200.0,4.08111
16264700.0,4.07744
16268900.0,4.07664
16290600.0,4.07256
16302000.0,4.07042
16338800.0,4.06349
16341500.0,4.06297
16353100.0,4.06081
16360500.0,4.0594
16400400.0,4.0519
16405600.0,4.05094
16421200.0,4.048
16428700.0,4.04659
16448300.0,4.04291
16454600.0,4.04173
16472300.0,4.03841
16478100.0,4.03721
16550200.0,4.02239
16576200.0,4.01705
16576200.0,4.01705
16629200.0,4.0075
16652400.0,4.00332
16686800.0,3.99712
16695800.0,3.9955
16716100.0,3.99185
16721900.0,3.99081
16751600.0,3.98547
16787100.0,3.97909
16810100.0,3.97496
16813700.0,3.97431
16817500.0,3.97362
16821200.0,3.97295
16846100.0,3.96849
16860300.0,3.96595
16863100.0,3.96544
16882700.0,3.96193
16894000.0,3.95989
16922200.0,3.95485
16930100.0,3.95343
16931600.0,3.95317
16940400.0,3.95159
16960900.0,3.94793
16970600.0,3.9462
17000000.0,3.94096
17062500.0,3.93033
17091800.0,3.92535
17176000.0,3.91106
17179700.0,3.91043
17234200.0,3.90121
17239800.0,3.90024
17251700.0,3.89824
17279000.0,3.89361
17282200.0,3.89306
17321100.0,3.88649
17330100.0,3.88497
17369100.0,3.87837
17371900.0,3.87789
17405900.0,3.87216
17480200.0,3.85963
17483100.0,3.85915
17484800.0,3.85885
17497600.0,3.85671
17500000.0,3.8563
17503900.0,3.85565
17575500.0,3.84361
17577400.0,3.84329
17579300.0,3.84297
17628600.0,3.8347
17654900.0,3.83029
17670300.0,3.82771
17684400.0,3.82534
17721400.0,3.81915
17729700.0,3.81776
17736900.0,3.81656
17741100.0,3.81586
17750200.0,3.81435
17788000.0,3.80804
17797100.0,3.80652
17817200.0,3.80319
17833100.0,3.80054
17833600.0,3.80046
17882500.0,3.79234
17898600.0,3.78967
17929300.0,3.78456
17944500.0,3.78205
17960800.0,3.77935
17979900.0,3.7762
18000000.0,3.77286
18125000.0,3.75045
18234400.0,3.73088
18250000.0,3.72809
18253900.0,3.72739
18282200.0,3.72234
18343800.0,3.71136
18364300.0,3.70771
18371900.0,3.70633
18374200.0,3.70593
18381500.0,3.70463
18388700.0,3.70334
18395900.0,3.70207
18403000.0,3.70081
18409900.0,3.69957
18413800.0,3.69888
18416800.0,3.69834
18423700.0,3.69712
18425800.0,3.69675
18430400.0,3.69592
18437100.0,3.69474
18443700.0,3.69357
18450200.0,3.69241
18456600.0,3.69127
18462900.0,3.69014
18469200.0,3.68902
18475400.0,3.68792
18480400.0,3.68703
18481600.0,3.68683
18487100.0,3.68585
18487600.0,3.68575
18493600.0,3.68469
18497600.0,3.68398
18505400.0,3.68259
18511500.0,3.68152
18513200.0,3.68122
18520800.0,3.67987
18528300.0,3.67854
18535600.0,3.67723
18542900.0,3.67594
18550000.0,3.67467
18557100.0,3.67342
18560400.0,3.67284
18564000.0,3.6722
18570800.0,3.67099
18577500.0,3.6698
18584100.0,3.66863
18590600.0,3.66748
18597000.0,3.66634
18603300.0,3.66523
18609500.0,3.66413
18615300.0,3.66309
18615600.0,3.66305
18621600.0,3.66198
18627500.0,3.66094
18630900.0,3.66034
18633300.0,3.65991
18639100.0,3.65889
18644700.0,3.6579
18653000.0,3.65643
18661100.0,3.655
18669000.0,3.6536
18676700.0,3.65223
18684300.0,3.6509
18691700.0,3.64959
18698800.0,3.64832
18705900.0,3.64707
18711500.0,3.64608
18712700.0,3.64586
18719500.0,3.64467
18726000.0,3.64352
18732400.0,3.64239
18738600.0,3.64129
18744800.0,3.64021
18747600.0,3.63971
18748700.0,3.6395
18756600.0,3.63812
18764200.0,3.63678
18771600.0,3.63548
18772600.0,3.63529
18778700.0,3.63422
18785600.0,3.633
18792300.0,3.63182
18798800.0,3.63068
18805100.0,3.62957
18811200.0,3.62849
18814500.0,3.6279
18815400.0,3.62774
18817100.0,3.62745
18822800.0,3.62645
18831000.0,3.625
18837700.0,3.62382
18838900.0,3.62361
18846400.0,3.6223
18853500.0,3.62104
18860300.0,3.61984
18866800.0,3.6187
18873000.0,3.61761
18876400.0,3.61702
18878900.0,3.61657
18886500.0,3.61524
18893600.0,3.61399
18900300.0,3.61282
18906500.0,3.61173
18912300.0,3.6107
18920500.0,3.60927
18927800.0,3.60799
18934500.0,3.60681
18938200.0,3.60616
18938600.0,3.6061
18945900.0,3.60481
18946200.0,3.60475
18953000.0,3.60357
18958800.0,3.60254
18966200.0,3.60124
18972400.0,3.60015
18973700.0,3.59994
18979300.0,3.59895
18984500.0,3.59804
18989300.0,3.5972
18992200.0,3.59669
19000000.0,3.59533
19015600.0,3.59279
19031000.0,3.5903
19046100.0,3.58784
19061000.0,3.58542
19075700.0,3.58304
19090200.0,3.58069
19104400.0,3.57838
19118400.0,3.57611
19132200.0,3.57387
19145700.0,3.57167
19159100.0,3.56951
19178700.0,3.56632
19179700.0,3.56616
19197900.0,3.56321
19216600.0,3.56019
19234900.0,3.55722
19250000.0,3.55478
19252700.0,3.55434
19268100.0,3.55186
19270200.0,3.55151
19287200.0,3.54876
19303900.0,3.54607
19320100.0,3.54344
19330100.0,3.54183
19336000.0,3.54087
19344300.0,3.53954
19351500.0,3.53838
19366600.0,3.53594
19381400.0,3.53356
19395900.0,3.53122
19414600.0,3.52821
19432900.0,3.52526
19437500.0,3.52451
19450600.0,3.5224
19467800.0,3.51964
19484400.0,3.51696
19497600.0,3.51484
19500500.0,3.51436
19516100.0,3.51186
19531300.0,3.50943
19539900.0,3.50805
19545900.0,3.50708
19560100.0,3.50481
19573800.0,3.5026
19587200.0,3.50046
19606400.0,3.49738
19624700.0,3.49445
19642200.0,3.49164
19658800.0,3.48898
19669400.0,3.48727
19670300.0,3.48713
19674700.0,3.48643
19677000.0,3.48605
19689800.0,3.48402
19704200.0,3.4817
19718800.0,3.47939
19722700.0,3.47875
19740000.0,3.47599
19756300.0,3.47339
19771500.0,3.47096
19785800.0,3.46869
19805500.0,3.46555
19815600.0,3.46394
19823500.0,3.46267
19838500.0,3.46028
19839700.0,3.46008
19854600.0,3.45772
19858700.0,3.45706
19872800.0,3.45483
19888700.0,3.4523
19902600.0,3.45009
19916800.0,3.44783
19920100.0,3.44731
19934700.0,3.44498
19951000.0,3.44239
19968500.0,3.43962
19984300.0,3.43712
20000000.0,3.43462
