V,50
E_eV,Sig_b
1e-05,2308.85
1.10304e-05,2198.41
1.21669e-05,2093.25
1.34206e-05,1993.13
1.48034e-05,1897.8
1.63286e-05,1807.04
1.80111e-05,1720.62
1.98669e-05,1638.34
2.19139e-05,1560.0
2.41719e-05,1485.41
2.66625e-05,1414.39
2.94097e-05,1346.78
3.244e-05,1282.4
3.57825e-05,1221.11
3.94694e-05,1162.75
4.35362e-05,1107.19
4.38433e-05,1103.56
4.80221e-05,1054.3
4.86996e-05,1047.38
5.29701e-05,1003.94
5.40964e-05,994.013
5.8428e-05,955.994
6.00883e-05,943.365
6.44482e-05,910.344
6.67471e-05,895.257
7.10888e-05,866.882
7.41403e-05,849.602
7.84136e-05,825.504
8.23563e-05,806.239
8.64931e-05,786.109
9.14784e-05,765.091
9.54051e-05,748.604
0.000101616,726.011
0.000105235,712.898
0.000112871,688.932
0.000116078,678.906
0.000125379,653.72
0.000128039,646.545
0.000139267,620.311
0.000141232,615.738
0.0001547,588.587
0.000155784,586.411
0.000171835,558.493
0.00018954,531.925
0.000190877,530.187
0.00020907,506.637
0.000213515,501.652
0.000230612,482.563
0.000238838,474.607
0.000254374,459.646
0.000267164,448.978
0.000280584,437.832
0.000298849,424.692
0.000309494,417.066
0.000334292,401.683
0.000341383,397.301
0.000376558,378.485
0.000415358,360.591
0.000424189,357.063
0.000458155,343.557
0.000477821,336.785
0.000505362,327.344
0.000542031,316.461
0.000557433,311.909
0.000614869,297.217
0.000678223,283.249
0.000697495,279.571
0.000748105,269.954
0.000796806,261.944
0.000825188,257.297
0.000910213,245.249
0.000916633,244.462
0.001004,233.797
0.00106187,227.685
0.00110745,222.892
0.00122155,212.512
0.00123879,211.155
0.00134742,202.644
0.00145538,195.327
0.00148625,193.244
0.00163939,184.307
0.00172182,180.146
0.00180831,175.799
0.00199463,167.702
0.00206578,165.028
0.00220016,160.0
0.00242685,152.667
0.00251342,150.245
0.00267691,145.692
0.00295273,139.052
0.00312292,135.509
0.00325697,132.731
0.00359256,126.721
0.00396272,120.99
0.00437103,115.55
0.00482141,110.365
0.00520773,106.521
0.00531819,105.426
0.00586616,100.735
0.00647059,96.2639
0.0071373,92.0021
0.00787271,87.9581
0.00868389,84.1046
0.00957865,80.4324
0.0103461,77.7107
0.0105656,76.9356
0.0116543,73.6153
0.0128551,70.4522
0.0141796,67.4387
0.0156406,64.5675
0.0161985,63.6204
0.0172522,61.839
0.0190298,59.2439
0.0209906,56.772
0.0231534,54.4166
0.0252419,52.434
0.0253,52.3825
0.0279068,50.2416
0.0307823,48.2026
0.033954,46.2613
0.0374525,44.4124
0.0413115,42.6506
0.0455681,40.9707
0.0502633,39.3689
0.0539104,38.294
0.0554423,37.8443
0.0611549,36.397
0.0674561,35.0196
0.0744066,33.7093
0.0820732,32.463
0.0905297,31.2754
0.0998577,30.1425
0.110147,29.0626
0.121496,28.0342
0.134014,27.0553
0.147823,26.1248
0.163054,25.2398
0.179855,24.3939
0.184965,24.1712
0.198386,23.5891
0.218827,22.8239
0.241375,22.0956
0.266245,21.4022
0.293678,20.7426
0.323938,20.1174
0.326223,20.0766
0.359836,19.4776
0.396913,18.9088
0.437809,18.3673
0.48292,17.8517
0.532679,17.3608
0.587564,16.8943
0.59168,16.8643
0.652645,16.4212
0.657249,16.3922
0.719891,15.9978
0.794067,15.5945
0.875885,15.2105
0.966133,14.8447
1.05827,14.5221
1.06568,14.4962
1.17549,14.1651
1.18378,14.1437
1.3149,13.8059
1.32417,13.7854
1.45038,13.5073
1.46061,13.4848
1.59982,13.2211
1.61111,13.1997
1.76466,12.9481
1.77711,12.9277
1.93295,12.7066
1.96022,12.6679
2.11718,12.4755
2.16219,12.4203
2.38498,12.1838
2.61229,11.9745
2.68652,11.9151
2.90178,11.7431
2.94272,11.7148
3.20077,11.5366
3.22319,11.5231
3.50584,11.3526
3.53057,11.3396
3.84017,11.1762
3.86707,11.162
4.20618,11.0071
4.26552,10.98
4.70503,10.8047
4.73822,10.7932
5.18982,10.6368
5.37494,10.5817
5.84628,10.4416
5.88723,10.4311
6.40349,10.2986
6.44866,10.287
6.96502,10.1704
7.06329,10.1482
7.11311,10.1382
7.5231,10.0571
7.73687,10.0148
8.35638,9.90648
8.53406,9.87541
9.15329,9.78067
9.41338,9.74088
9.81744,9.68629
10.3833,9.60983
10.829,9.5572
11.6148,9.46441
11.7786,9.44746
12.7218,9.3499
12.9922,9.32193
13.8374,9.24505
14.3309,9.20015
14.9461,9.14955
15.5876,9.09678
16.6016,9.0211
17.1937,8.9769
17.9318,8.92763
18.9653,8.85863
19.3676,8.83428
20.9195,8.74033
21.5139,8.70775
23.2366,8.61336
23.4005,8.60519
25.4525,8.50298
25.6308,8.4941
27.6845,8.40024
27.8784,8.39137
29.9012,8.30525
30.7509,8.26907
33.2148,8.17198
33.6834,8.15352
34.8832,8.10953
35.8744,8.07543
36.8938,8.04037
38.7489,7.98081
40.1291,7.9365
43.0409,7.84865
43.3445,7.83949
46.8152,7.74089
47.1454,7.73151
50.5663,7.64099
51.6389,7.6126
54.6152,7.53894
55.3858,7.52218
56.1672,7.50519
59.8236,7.43206
60.6676,7.41518
65.6755,7.3227
66.4498,7.3098
68.3381,7.27835
70.6019,7.24977
71.2714,7.2425
75.198,7.19983
77.5213,7.17838
78.615,7.16829
79.5323,7.16437
84.1164,7.154
86.1121,7.154
88.3416,7.16576
91.2256,7.18807
92.1336,7.20094
93.0073,7.21512
94.7516,7.24345
96.4837,7.2752
97.444,7.30028
100.213,7.37947
100.625,7.39248
101.163,7.41413
103.061,7.49047
104.215,7.54091
105.989,7.63288
107.176,7.69894
108.243,7.77071
110.221,7.91149
110.539,7.93854
111.587,8.03266
112.889,8.14956
113.353,8.19388
115.283,8.40844
115.758,8.46371
116.91,8.61845
118.219,8.80098
118.559,8.85444
119.887,9.07091
120.232,9.1332
121.578,9.38564
121.928,9.45862
123.084,9.70924
123.293,9.75455
123.648,9.84048
124.957,10.1678
125.033,10.1875
125.909,10.4321
126.277,10.5449
127.61,10.9654
127.685,10.9897
128.956,11.4491
129.036,11.4791
130.32,12.0062
130.4,12.04
131.698,12.6459
131.776,12.6837
132.62,13.131
133.166,13.4298
133.878,13.8564
134.023,13.9437
134.105,13.9942
134.966,14.5659
135.045,14.6198
135.914,15.2589
135.997,15.3214
136.87,16.0326
136.95,16.0997
137.832,16.9
137.916,16.9785
138.801,17.8756
138.882,17.9604
139.776,18.9778
139.862,19.0777
140.759,20.2279
140.841,20.3369
141.586,21.4051
141.748,21.655
142.332,22.5791
142.494,22.8566
143.08,23.8825
143.246,24.1973
143.836,25.3402
143.999,25.6835
144.591,26.9612
144.759,27.3535
145.354,28.7875
145.522,29.2277
145.618,29.4866
146.121,30.8422
146.285,31.3269
146.887,33.1492
147.059,33.713
147.405,34.8745
147.575,35.4845
147.923,36.7597
148.091,37.4182
148.441,38.8208
148.61,39.5465
148.959,41.0718
149.134,41.8907
149.485,43.5727
149.657,44.4614
150.01,46.3212
150.18,47.2863
150.535,49.3451
150.707,50.4225
151.061,52.6944
151.238,53.9297
151.594,56.4746
151.768,57.8206
151.993,59.5957
152.299,62.172
152.393,62.9835
152.792,66.6767
152.833,67.0823
153.192,70.7166
153.237,71.2056
153.597,75.208
153.64,75.7255
154.002,80.147
154.044,80.6955
154.408,85.5939
154.448,86.176
154.813,91.6192
154.853,92.2687
155.218,98.3063
155.262,99.1006
155.61,105.504
155.672,106.728
155.996,113.381
156.081,115.271
156.382,122.168
156.49,124.832
156.639,128.587
156.763,131.897
156.896,135.547
157.145,142.768
157.154,143.034
157.411,151.211
157.513,154.703
157.737,162.562
157.758,163.352
158.004,172.868
158.064,175.258
158.249,183.112
158.282,184.534
158.494,194.298
158.499,194.542
158.717,205.381
158.74,206.573
158.935,217.152
159.029,222.61
159.153,229.907
159.28,237.954
159.381,244.531
159.53,254.884
159.61,260.565
159.78,273.633
159.838,278.186
160.031,294.456
160.067,297.587
160.198,309.779
160.296,319.095
160.415,331.327
160.473,337.387
160.633,355.248
160.677,360.23
160.851,381.723
160.88,385.39
161.068,411.154
161.083,413.184
161.257,439.425
161.286,444.095
161.402,463.225
161.504,481.013
161.547,488.796
161.649,508.117
161.693,516.541
161.755,529.38
161.794,537.483
161.838,546.617
161.939,569.359
161.983,579.282
162.084,604.027
162.128,614.829
162.23,641.808
162.273,653.59
162.375,683.068
162.418,695.946
162.52,728.223
162.563,742.331
162.665,777.753
162.709,793.243
162.81,832.205
162.854,849.252
162.955,892.209
162.999,911.012
163.1,958.487
163.144,979.278
163.246,1031.87
163.289,1054.92
163.391,1112.7
163.398,1116.91
163.5,1179.67
163.507,1184.23
163.608,1252.3
163.616,1257.25
163.717,1331.18
163.725,1336.55
163.826,1416.93
163.833,1422.78
163.935,1510.26
163.942,1516.62
164.044,1611.91
164.051,1618.85
164.153,1722.73
164.16,1730.28
164.262,1843.57
164.269,1851.81
164.37,1975.38
164.378,1984.37
164.479,2119.11
164.487,2128.91
164.588,2275.73
164.595,2286.4
164.697,2446.17
164.704,2457.78
164.791,2605.81
164.806,2631.27
164.813,2643.87
164.915,2831.74
164.922,2845.37
165.024,3048.0
165.031,3062.69
165.042,3087.24
165.132,3280.15
165.14,3295.92
165.15,3319.73
165.21,3457.0
165.257,3566.04
165.278,3613.69
165.285,3630.66
165.304,3678.3
165.34,3765.53
165.375,3852.75
165.394,3898.24
165.411,3941.97
165.423,3972.99
165.434,4003.23
165.458,4064.84
165.482,4126.45
165.505,4188.07
165.529,4249.68
165.553,4311.29
165.576,4372.91
165.594,4419.12
165.611,4464.41
165.612,4465.34
165.63,4512.37
165.64,4541.35
165.647,4559.42
165.665,4606.49
165.683,4653.57
165.7,4700.65
165.718,4747.73
165.736,4794.8
165.754,4841.88
165.771,4888.96
165.789,4936.03
165.807,4983.11
165.825,5030.19
165.842,5077.27
165.86,5124.34
165.878,5171.42
165.896,5218.5
165.913,5265.58
165.916,5273.07
165.931,5309.98
165.949,5353.87
165.967,5397.77
165.984,5441.66
166.002,5485.56
166.02,5529.45
166.038,5573.35
166.047,5596.24
166.055,5615.6
166.069,5645.88
166.073,5655.8
166.091,5695.22
166.109,5734.65
166.132,5787.21
166.156,5839.78
166.177,5887.77
166.18,5891.84
166.192,5916.42
166.203,5937.78
166.227,5982.87
166.251,6027.97
166.274,6073.07
166.286,6096.27
166.298,6114.92
166.301,6119.84
166.321,6151.74
166.345,6188.32
166.381,6243.2
166.395,6265.73
166.41,6284.25
166.416,6291.88
166.452,6334.18
166.468,6353.45
166.487,6370.82
166.509,6390.32
166.534,6411.12
166.574,6443.04
166.594,6451.82
166.608,6458.15
166.68,6483.92
166.691,6485.22
166.7,6485.46
166.712,6485.77
166.789,6470.38
166.805,6465.77
166.81,6462.66
166.884,6417.17
166.888,6414.33
166.899,6406.91
166.939,6365.44
166.987,6315.14
166.994,6307.78
167.003,6297.73
167.049,6232.93
167.086,6180.47
167.086,6180.47
167.104,6149.24
167.159,6052.44
167.186,6006.5
167.212,5959.01
167.214,5953.07
167.288,5799.08
167.297,5780.35
167.337,5694.53
167.361,5636.53
167.433,5468.16
167.435,5463.41
167.462,5398.49
167.508,5279.44
167.619,4996.85
167.66,4891.57
167.716,4746.98
167.729,4713.6
167.876,4334.03
167.932,4189.47
167.977,4073.77
168.108,3757.04
168.151,3652.98
168.17,3611.31
168.239,3456.48
168.282,3359.71
168.369,3177.34
168.413,3087.7
168.5,2919.95
168.543,2837.6
168.63,2684.32
168.674,2609.16
168.761,2469.76
168.805,2401.45
168.892,2275.09
168.935,2213.19
169.022,2097.38
169.124,1972.49
169.153,1938.95
169.225,1856.89
169.284,1795.21
169.327,1749.75
169.371,1707.04
169.429,1650.94
169.472,1611.38
169.53,1559.49
169.574,1522.88
169.632,1474.84
169.675,1440.93
169.733,1396.42
169.777,1364.98
169.835,1323.71
169.879,1294.65
169.951,1247.12
170.031,1198.21
170.067,1176.47
170.183,1111.31
170.183,1111.31
170.3,1051.37
170.416,996.002
170.416,996.002
170.532,945.539
170.59,920.692
170.648,897.988
170.764,853.441
170.822,832.886
170.909,802.737
170.996,774.661
171.054,756.279
171.112,739.131
171.199,713.812
171.257,698.039
171.345,674.784
171.403,660.272
171.49,638.868
171.548,625.49
171.635,605.751
171.693,593.581
171.838,563.646
171.853,560.697
171.983,536.229
172.017,530.056
172.2,498.687
172.201,498.543
172.361,473.621
172.383,470.136
172.535,448.467
172.566,443.999
172.709,425.296
172.75,420.02
172.883,403.902
172.933,397.965
173.057,384.109
173.116,377.656
173.319,357.206
173.391,350.027
173.58,332.959
173.643,327.321
173.776,316.494
173.895,306.866
173.993,299.59
174.148,288.331
174.211,284.036
174.4,271.485
174.429,269.691
174.647,256.452
174.652,256.126
174.864,244.296
174.904,242.111
175.156,229.245
175.191,227.601
175.409,217.411
175.663,206.507
175.699,204.973
175.917,196.431
175.989,193.627
176.171,187.104
176.279,183.248
176.425,178.454
176.57,173.746
176.806,166.598
176.86,164.983
177.187,156.054
177.295,153.127
177.441,149.579
177.731,142.588
177.754,142.092
178.066,135.345
178.201,132.487
178.379,129.042
178.671,123.489
178.692,123.123
179.141,115.462
179.162,115.144
179.611,108.26
179.631,107.984
180.082,101.774
180.103,101.507
180.556,95.859
180.579,95.6008
181.033,90.4746
181.055,90.2483
181.51,85.5815
181.531,85.3829
181.987,81.1248
182.007,80.9504
182.463,77.0574
182.483,76.9054
182.965,73.1721
183.104,72.1198
183.448,69.72
183.748,67.6619
183.931,66.5141
184.393,63.6537
184.414,63.5361
185.038,60.0433
185.057,59.9423
185.687,56.7604
185.71,56.653
186.341,53.7735
186.363,53.6805
186.994,51.0569
187.015,50.976
187.648,48.5714
187.668,48.5024
188.33,46.2411
188.638,45.2049
188.992,44.1337
189.632,42.2241
189.654,42.1668
190.316,40.4091
190.627,39.5941
190.987,38.7391
191.635,37.2202
191.658,37.1719
192.329,35.7599
192.644,35.1087
193.341,33.7908
193.657,33.204
194.362,32.0058
194.68,31.475
195.383,30.3965
195.703,29.9146
196.414,28.927
196.735,28.4882
197.449,27.5986
198.118,26.7792
198.485,26.373
199.511,25.2552
199.535,25.2313
200.001,24.778
200.585,24.2093
200.913,23.8945
201.64,23.2599
202.325,22.6701
202.705,22.3718
203.748,21.5637
203.77,21.548
204.845,20.7976
205.18,20.567
206.285,19.8659
206.622,19.6552
207.735,19.0282
208.806,18.434
209.195,18.242
210.666,17.5279
211.01,17.3628
212.146,16.8767
213.235,16.4175
213.638,16.2649
215.139,15.7037
215.491,15.5739
216.652,15.1879
217.769,14.821
218.175,14.7002
219.708,14.2495
220.068,14.1451
221.253,13.8367
223.172,13.3444
223.591,13.2484
223.721,13.2193
225.526,12.8129
225.951,12.7254
227.54,12.4028
228.707,12.1679
229.139,12.0903
231.555,11.6613
231.934,11.595
234.005,11.2693
235.206,11.0829
236.478,10.9037
238.525,10.6193
238.975,10.5638
241.495,10.2575
243.596,10.005
244.05,9.95731
246.629,9.68934
248.763,9.4704
250.109,9.34887
251.861,9.19212
254.052,8.99808
255.414,8.89105
257.365,8.73963
259.017,8.61132
259.441,8.57877
262.672,8.35705
264.957,8.2019
266.377,8.11517
270.136,7.8881
270.578,7.86163
273.947,7.68194
277.812,7.47775
278.266,7.45393
281.731,7.29435
286.173,7.09188
287.721,7.02826
293.824,6.78017
294.199,6.7651
300.071,6.55651
304.693,6.39398
306.436,6.33965
312.952,6.13853
315.546,6.05909
319.59,5.94826
321.602,5.89359
326.801,5.75234
328.671,5.70692
338.011,5.48237
340.829,5.41515
347.615,5.27049
355.459,5.10458
357.493,5.06584
370.245,4.82497
370.337,4.82324
380.766,4.64459
386.234,4.55153
391.29,4.47317
394.328,4.4261
399.61,4.34471
405.533,4.25342
405.635,4.25186
419.998,4.05157
426.03,3.96788
434.652,3.85852
434.958,3.85464
446.945,3.70348
453.251,3.63081
462.494,3.52486
471.282,3.42414
473.741,3.3982
493.186,3.19415
496.053,3.16656
517.958,2.95578
532.046,2.83053
540.191,2.75812
563.379,2.56774
570.651,2.51281
587.562,2.38509
608.52,2.2387
612.782,2.21138
616.375,2.18844
632.409,2.08607
636.839,2.06027
651.902,1.97286
654.935,1.95526
659.555,1.93097
677.986,1.83446
687.551,1.7898
697.252,1.74475
699.204,1.73673
715.269,1.67068
718.496,1.65911
728.401,1.62386
733.772,1.60474
749.099,1.55825
749.337,1.55752
765.269,1.51786
776.065,1.49622
778.703,1.49211
787.014,1.47914
798.118,1.46684
800.83,1.46513
809.189,1.45986
814.67,1.45873
816.084,1.45846
827.597,1.46234
835.206,1.4694
839.273,1.47317
845.219,1.48125
848.154,1.48532
857.478,1.50463
858.796,1.50737
867.848,1.53209
872.374,1.54731
876.9,1.56264
885.951,1.59946
886.396,1.6016
895.003,1.64288
904.055,1.69368
913.107,1.75213
922.158,1.81883
930.43,1.88823
931.21,1.89477
940.261,1.98038
944.787,2.02842
949.313,2.07662
956.868,2.16659
958.365,2.18441
967.417,2.30459
976.468,2.43862
985.52,2.58739
994.572,2.75266
995.476,2.77093
1000.0,2.86238
1003.62,2.9356
1012.67,3.13838
1021.73,3.3625
1030.78,3.61065
1039.83,3.88479
1048.88,4.18822
1053.41,4.35784
1060.2,4.61263
1066.98,4.89416
1073.77,5.19907
1080.56,5.52736
1087.35,5.88324
1094.14,6.26684
1100.93,6.68322
1107.72,7.13269
1114.51,7.62134
1121.29,8.14972
1128.08,8.72514
1130.35,8.93296
1134.87,9.34902
1139.4,9.80258
1141.66,10.0296
1148.45,10.7692
1155.24,11.5784
1157.5,11.8721
1162.03,12.4602
1166.55,13.1048
1168.82,13.4275
1175.6,14.4848
1182.39,15.649
1184.66,16.0727
1187.2,16.5497
1192.29,17.5541
1194.84,18.1056
1198.8,18.9645
1202.76,19.9074
1204.91,20.4198
1211.36,22.1023
1217.02,23.7254
1219.84,24.6112
1222.67,25.4978
1228.1,27.3591
1233.54,29.3942
1235.8,30.3162
1238.06,31.2391
1242.59,33.2195
1248.02,35.8218
1253.45,38.683
1258.88,41.8439
1262.95,44.4304
1264.31,45.3607
1267.03,47.2229
1269.74,49.2356
1271.1,50.2428
1275.17,53.5139
1279.25,57.0641
1280.6,58.3493
1283.32,60.9218
1286.04,63.7198
1287.39,65.1199
1291.47,69.6953
1295.54,74.6914
1296.9,76.5118
1299.61,80.1554
1300.97,82.1509
1303.69,86.1445
1305.04,88.3364
1307.76,92.7229
1309.12,95.1353
1311.83,99.9633
1313.19,102.624
1315.91,107.948
1317.26,110.886
1319.98,116.768
1321.34,120.02
1324.05,126.53
1325.41,130.071
1326.77,133.615
1329.48,141.211
1333.56,153.679
1336.27,162.769
1337.63,167.661
1338.99,172.557
1341.48,182.317
1342.61,186.756
1344.87,196.463
1346.0,201.32
1348.27,212.045
1349.4,217.411
1351.66,229.201
1352.79,235.099
1355.05,248.061
1356.19,254.546
1358.45,268.795
1359.58,275.924
1361.84,291.581
1362.97,299.414
1365.24,316.597
1366.37,325.193
1368.63,344.016
1369.76,353.432
1372.03,374.062
1373.16,384.382
1375.42,406.793
1376.55,418.003
1379.27,447.251
1380.63,461.881
1383.34,493.659
1384.7,509.555
1388.66,559.096
1396.13,657.882
1397.37,674.225
1401.9,733.634
1405.29,774.804
1408.69,811.357
1410.95,831.494
1412.08,841.55
1413.21,849.464
1414.34,857.365
1415.47,863.138
1417.04,871.083
1418.19,874.642
1419.09,877.425
1419.38,878.291
1421.72,880.731
1421.81,880.634
1424.23,878.027
1424.53,877.121
1426.74,870.267
1426.79,870.041
1429.26,857.703
1430.18,851.473
1431.77,840.816
1433.58,825.394
1435.16,811.883
1437.99,783.855
1438.56,778.245
1443.76,720.213
1443.87,718.895
1453.49,606.862
1455.3,585.784
1457.56,561.001
1459.37,541.183
1461.64,517.95
1463.45,499.374
1465.71,477.86
1467.52,460.656
1468.43,452.754
1471.14,429.058
1471.59,425.111
1473.86,407.082
1475.67,392.667
1477.93,376.272
1479.74,363.164
1482.0,348.289
1483.81,336.395
1484.72,331.004
1487.89,312.144
1488.79,307.261
1491.96,290.183
1492.87,285.76
1496.03,270.292
1496.94,266.284
1500.11,252.265
1501.01,248.628
1504.18,235.906
1505.09,232.6
1508.25,221.037
1509.16,218.027
1512.33,207.499
1513.23,204.754
1516.4,195.151
1517.31,192.643
1520.47,183.868
1521.38,181.573
1524.55,173.542
1525.45,171.437
1527.53,166.611
1528.62,164.074
1529.53,162.14
1532.69,155.376
1533.6,153.597
1536.77,147.372
1537.67,145.752
1541.74,138.465
1542.2,137.656
1545.82,131.822
1547.63,128.906
1551.25,123.636
1553.06,121.003
1556.68,116.228
1558.49,113.842
1562.11,109.503
1563.92,107.335
1567.54,103.381
1569.35,101.405
1572.97,97.7928
1574.78,95.9876
1578.4,92.6784
1580.21,91.0247
1583.84,87.9861
1585.65,86.4676
1589.27,83.7252
1593.79,80.2987
1594.7,79.6836
1600.13,75.9946
1601.94,74.8684
1606.46,72.0543
1613.71,67.9552
1620.95,64.2251
1626.83,61.4957
1629.77,60.1316
1632.71,58.902
1638.37,56.5385
1641.2,55.4744
1646.86,53.3473
1649.69,52.38
1655.34,50.4462
1664.4,47.6425
1673.45,45.0942
1682.5,42.7731
1691.55,40.6522
1700.6,38.7083
1709.65,36.9217
1718.71,35.2752
1727.76,33.7872
1732.28,33.0435
1736.81,32.3748
1745.86,31.0379
1754.91,29.8461
1759.44,29.2504
1763.96,28.71
1773.02,27.6298
1777.54,27.1436
1786.59,26.1718
1791.12,25.7277
1800.17,24.8399
1804.7,24.4421
1818.27,23.249
1831.85,22.1878
1836.38,21.8342
1845.43,21.202
1854.48,20.5699
1872.58,19.4336
1890.69,18.4066
1908.79,17.4754
1926.89,16.6276
1945.0,15.8527
1960.84,15.2414
1968.76,14.9358
1976.68,14.6592
1992.52,14.1061
2008.36,13.6121
2016.84,13.3476
2025.33,13.1067
2042.3,12.6252
2050.79,12.4091
2056.83,12.2554
2067.76,11.9772
2076.25,11.7794
2093.22,11.384
2101.7,11.2069
2127.16,10.6758
2155.45,10.1485
2178.08,9.76293
2189.39,9.57017
2200.71,9.39813
2223.34,9.05417
2234.65,8.89709
2257.28,8.58305
2268.59,8.44138
2291.22,8.15812
2302.54,8.02999
2336.48,7.64573
2370.43,7.29704
2415.68,6.87557
2467.05,6.44802
2513.27,6.10024
2551.46,5.83498
2605.71,5.49354
2641.98,5.28644
2660.61,5.18006
2698.15,4.98553
2724.77,4.84761
2751.77,4.72215
2790.59,4.54179
2823.01,4.4041
2842.92,4.31956
2883.03,4.16206
2903.23,4.08279
2958.78,3.88456
2979.66,3.81012
3021.69,3.67458
3064.32,3.53716
3085.79,3.4739
3129.32,3.34562
3151.4,3.28682
3240.95,3.04837
3333.04,2.82762
3427.75,2.62052
3500.46,2.4723
3592.4,2.29897
3680.8,2.14445
3769.2,2.0005
3857.6,1.86607
3946.0,1.74034
3973.83,1.70369
4000.0,1.66926
4053.27,1.59914
4132.71,1.50126
4212.14,1.40922
4291.58,1.32295
4342.29,1.27021
4372.92,1.24058
4423.06,1.19209
4454.26,1.16429
4503.83,1.12014
4584.6,1.05474
4665.37,0.996421
4685.56,0.983613
4725.95,0.958015
4731.38,0.954966
4766.33,0.935363
4786.52,0.924047
4847.1,0.89599
4887.49,0.880475
4927.87,0.867908
4968.26,0.858596
4988.45,0.854871
5038.93,0.85075
5049.03,0.850606
5059.12,0.851446
5094.46,0.854412
5109.6,0.856412
5149.99,0.866719
5190.38,0.882963
5210.57,0.894104
5220.66,0.899685
5250.95,0.920381
5261.05,0.928952
5281.24,0.946116
5291.89,0.956873
5311.53,0.976723
5341.82,1.01364
5351.92,1.02799
5372.11,1.05672
5392.3,1.08969
5412.49,1.12629
5432.69,1.16684
5452.88,1.21172
5462.97,1.23652
5473.07,1.26133
5493.26,1.31615
5513.46,1.37674
5523.55,1.41021
5533.65,1.44369
5553.84,1.51764
5576.56,1.61061
5584.13,1.64516
5599.27,1.71429
5606.85,1.75246
5614.42,1.79066
5629.56,1.87327
5644.71,1.96275
5652.28,2.01125
5659.85,2.05978
5675.0,2.16509
5689.13,2.27168
5696.2,2.32939
5703.26,2.38712
5717.4,2.51231
5731.53,2.64841
5747.69,2.81877
5763.84,3.00693
5780.0,3.21544
5796.15,3.44681
5808.27,3.63772
5820.38,3.84559
5832.5,4.07259
5844.61,4.32047
5856.73,4.59265
5868.84,4.89157
5880.96,5.22189
5893.07,5.58709
5905.19,5.99366
5914.28,6.32889
5917.31,6.45045
5923.36,6.6937
5926.39,6.82639
5932.45,7.09191
5935.48,7.23719
5941.54,7.5279
5944.56,7.68748
5950.62,8.0068
5953.65,8.18264
5959.71,8.53451
5962.74,8.7289
5968.8,9.11791
5971.82,9.33357
5977.88,9.76514
5980.91,10.0052
5986.97,10.4857
5990.0,10.7513
5995.05,11.1942
5997.57,11.4401
6002.62,11.9321
6005.14,12.2041
6010.19,12.7483
6013.12,13.0942
6016.05,13.4404
6018.97,13.8171
6021.9,14.194
6024.83,14.6038
6027.76,15.0138
6030.69,15.4597
6033.61,15.9059
6035.83,16.2788
6040.28,17.025
6042.5,17.4407
6046.94,18.2726
6049.16,18.7287
6051.38,19.1852
6053.81,19.7241
6056.23,20.2633
6058.65,20.8502
6061.08,21.4374
6063.5,22.0782
6065.92,22.7193
6068.34,23.4206
6070.77,24.1223
6073.19,24.892
6075.61,25.6621
6078.04,26.5091
6080.46,27.3567
6082.88,28.2916
6085.31,29.2271
6087.73,30.2621
6090.15,31.2977
6091.36,31.8723
6095.0,33.5971
6098.63,35.4919
6102.27,37.5505
6105.9,39.7911
6107.74,41.0274
6109.54,42.2345
6113.17,44.904
6116.81,47.8261
6120.44,51.0303
6124.08,54.55
6127.71,58.4223
6131.35,62.6886
6134.98,67.3942
6138.61,72.5883
6142.25,78.3229
6145.88,84.6517
6149.52,91.6269
6153.15,99.2953
6156.79,107.691
6160.42,116.828
6164.06,126.684
6167.69,137.279
6168.95,140.96
6172.74,152.537
6180.31,175.697
6184.1,186.24
6186.62,192.446
6187.88,195.105
6189.1,197.653
6190.83,200.548
6191.52,201.691
6193.04,203.46
6193.94,204.5
6195.25,205.294
6196.37,205.962
6197.47,206.145
6197.58,206.163
6199.68,205.641
6199.7,205.636
6201.71,204.08
6201.82,203.993
6203.74,201.529
6203.94,201.27
6205.09,199.244
6206.06,197.534
6207.79,193.612
6208.88,191.145
6210.5,186.754
6211.41,184.282
6213.98,176.262
6215.19,172.484
6217.47,164.706
6220.24,155.194
6224.43,140.583
6226.55,133.189
6230.09,121.421
6230.19,121.103
6233.12,111.884
6234.63,107.407
6236.14,102.933
6237.96,97.9324
6239.17,94.6003
6241.29,89.217
6242.2,86.9113
6244.63,81.2719
6245.23,79.8629
6247.86,74.2772
6248.26,73.4184
6250.89,68.3223
6251.29,67.5388
6253.91,62.8971
6254.32,62.1835
6256.94,57.9599
6257.35,57.3105
6259.97,53.4689
6260.38,52.8783
6263.0,49.3841
6263.4,48.8469
6265.63,46.1568
6266.43,45.1791
6268.25,43.1772
6269.46,41.8433
6270.88,40.4262
6272.49,38.8079
6274.81,36.6811
6275.52,36.0343
6278.75,33.3359
6281.17,31.4746
6282.69,30.4085
6284.81,28.9172
6286.42,27.8925
6288.44,26.6126
6290.06,25.6875
6292.08,24.5319
6293.69,23.695
6295.71,22.6497
6297.33,21.8911
6299.35,20.9436
6300.96,20.2547
6302.98,19.3942
6304.6,18.7675
6306.62,17.9846
6308.23,17.4133
6310.25,16.6996
6311.87,16.178
6313.89,15.5263
6315.5,15.0491
6317.52,14.4531
6320.35,13.6881
6321.15,13.4697
6324.79,12.5672
6325.19,12.4749
6328.42,11.7378
6330.04,11.3982
6332.06,10.9742
6334.89,10.4267
6335.69,10.2704
6339.33,9.62069
6339.73,9.55393
6342.96,9.02031
6344.68,8.75782
6346.6,8.4647
6349.73,8.02136
6350.23,7.94991
6353.87,7.47255
6354.78,7.36199
6357.7,7.00604
6359.82,6.76761
6361.64,6.56341
6364.8,6.23475
6365.58,6.15332
6369.52,5.77351
6372.14,5.53902
6373.45,5.42191
6378.43,5.01417
6379.49,4.93487
6383.12,4.66328
6384.81,4.54783
6387.82,4.34295
6390.57,4.17002
6392.51,4.04798
6397.41,3.76626
6399.2,3.67199
6402.5,3.49856
6407.55,3.25678
6407.6,3.25447
6412.7,3.03206
6415.34,2.92669
6417.83,2.82781
6422.99,2.64045
6423.13,2.6358
6428.15,2.46992
6430.74,2.39223
6433.32,2.31465
6438.37,2.1766
6440.75,2.11708
6443.3,2.05378
6448.23,1.94195
6450.69,1.89108
6453.16,1.8403
6458.09,1.74813
6460.55,1.70641
6463.02,1.66477
6467.95,1.58966
6470.41,1.55593
6472.88,1.52226
6477.81,1.46208
6480.28,1.43535
6482.74,1.40868
6487.67,1.36168
6490.14,1.34117
6492.6,1.3207
6497.51,1.28558
6500.0,1.27046
6502.4,1.25594
6507.28,1.23135
6514.52,1.20365
6514.61,1.2033
6521.06,1.18706
6527.52,1.17809
6528.85,1.17745
6531.82,1.17608
6539.61,1.18014
6543.1,1.18605
6547.4,1.1934
6554.97,1.21483
6557.34,1.22398
6562.09,1.24236
6569.22,1.27676
6571.59,1.29045
6576.39,1.31815
6583.58,1.36629
6585.98,1.38449
6590.77,1.42096
6600.03,1.50068
6600.65,1.50675
6609.29,1.59171
6615.47,1.65735
6619.17,1.7006
6626.48,1.78605
6634.74,1.89235
6635.98,1.90951
6643.58,2.01522
6646.62,2.06098
6652.69,2.15254
6661.81,2.30027
6667.89,2.40626
6671.69,2.47254
6681.56,2.65805
6689.16,2.81191
6692.96,2.88888
6704.36,3.13888
6709.67,3.26517
6716.51,3.42762
6728.67,3.74008
6740.82,4.07826
6746.9,4.26105
6752.98,4.4439
6765.14,4.83904
6777.29,5.26604
6783.37,5.49668
6789.45,5.72739
6801.6,6.22596
6813.76,6.76505
6819.84,7.05656
6825.92,7.34816
6838.07,7.97931
6850.23,8.6631
6856.31,9.03372
6862.38,9.40445
6874.54,10.209
6886.7,11.0832
6892.77,11.5586
6898.85,12.034
6911.01,13.0694
6923.16,14.1985
6935.32,15.4312
6947.48,16.779
6959.63,18.2547
6971.79,19.8691
6980.9,21.182
6983.94,21.6529
6990.02,22.5947
6996.1,23.6066
6999.14,24.1127
7008.26,25.7445
7017.37,27.5008
7020.41,28.1311
7026.49,29.3918
7032.57,30.7503
7035.61,31.4297
7044.72,33.6267
7049.38,34.8371
7053.84,35.9975
7056.88,36.8503
7062.96,38.5561
7069.04,40.3979
7072.08,41.319
7081.19,44.3024
7090.31,47.5251
7093.35,48.6847
7099.43,51.0043
7105.5,53.508
7108.54,54.76
7117.66,58.8098
7126.78,63.1732
7129.82,64.7371
7135.89,67.8655
7141.97,71.2229
7145.01,72.9019
7154.13,78.3049
7166.28,86.0606
7178.44,94.4226
7190.6,103.354
7196.67,108.1
7208.83,117.591
7230.1,134.581
7235.42,138.827
7242.26,143.957
7248.34,148.516
7257.45,154.848
7266.57,160.404
7275.69,165.071
7283.44,168.153
7284.81,168.696
7290.88,170.467
7292.86,170.843
7297.57,171.737
7299.16,172.04
7306.46,172.475
7307.45,172.534
7314.91,172.054
7315.35,171.979
7322.37,170.78
7324.31,170.233
7331.15,168.299
7333.43,167.421
7338.75,165.371
7342.55,163.572
7346.34,161.773
7357.74,155.443
7371.42,146.733
7374.84,144.347
7397.25,128.702
7409.4,120.164
7415.48,115.896
7421.56,111.847
7433.72,103.752
7445.87,96.1987
7458.03,89.1297
7470.18,82.5596
7482.34,76.4834
7494.5,70.8835
7506.65,65.734
7518.81,61.0049
7530.96,56.6642
7543.12,52.6798
7555.28,49.0207
7567.43,45.6575
7579.59,42.5627
7591.74,39.7112
7603.9,37.0798
7616.06,34.6477
7628.21,32.3959
7640.37,30.3074
7652.52,28.3669
7664.68,26.5605
7676.84,24.8759
7688.99,23.302
7701.15,21.8289
7713.3,20.4476
7719.38,19.7988
7725.46,19.1501
7737.62,17.9292
7749.77,16.7786
7755.85,16.2354
7761.93,15.6924
7774.08,14.6655
7786.24,13.6935
7792.32,13.2328
7798.4,12.7722
7810.55,11.898
7822.71,11.0679
7834.86,10.2783
7837.9,10.091
7847.02,9.52939
7853.86,9.12905
7859.18,8.81777
7871.33,8.14173
7883.49,7.50093
7895.64,6.89439
7897.16,6.8228
7907.04,6.35766
7910.84,6.18935
7918.44,5.85287
7922.22,5.69621
7929.8,5.38238
7933.6,5.23658
7941.17,4.94636
7944.95,4.81346
7952.12,4.56179
7956.3,4.4274
7960.33,4.2978
7966.47,4.11767
7968.16,4.06803
7975.8,3.86611
7976.64,3.84652
7983.44,3.688
7988.2,3.5909
7988.88,3.57705
7994.32,3.48098
7999.76,3.40051
8005.2,3.33721
8009.96,3.29819
8010.81,3.29126
8016.42,3.26642
8020.16,3.26373
8025.26,3.27834
8030.36,3.31323
8034.19,3.3569
8038.01,3.41582
8041.92,3.49295
8046.0,3.59283
8050.08,3.71437
8054.16,3.8591
8058.24,4.02928
8062.32,4.2268
8066.4,4.45437
8070.48,4.71431
8074.56,5.00992
8078.64,5.34402
8082.72,5.72063
8086.8,6.14326
8090.88,6.61669
8092.24,6.79291
8094.96,7.14559
8097.68,7.53867
8099.04,7.73535
8103.12,8.39194
8107.03,9.09018
8108.56,9.39088
8110.6,9.79208
8114.0,10.5243
8114.17,10.561
8117.74,11.403
8119.44,11.8417
8121.31,12.3245
8124.88,13.3325
8128.45,14.4352
8130.32,15.0665
8132.02,15.6407
8135.59,16.9584
8135.76,17.0269
8139.16,18.3987
8141.2,19.2977
8142.73,19.9723
8146.3,21.6914
8146.64,21.8701
8149.87,23.5691
8152.08,24.838
8153.44,25.6192
8157.01,27.8568
8157.52,28.2054
8160.58,30.2982
8162.96,32.0726
8164.15,32.9601
8167.72,35.8605
8168.4,36.4618
8171.29,39.0182
8173.84,41.4703
8174.86,42.4516
8178.43,46.1799
8179.28,47.142
8182.0,50.2218
8184.72,53.5527
8185.57,54.594
8189.14,59.3119
8190.16,60.7619
8192.71,64.3876
8196.11,69.5689
8196.28,69.828
8199.85,75.6354
8202.57,80.3568
8203.93,82.7178
8208.26,90.7457
8214.04,102.105
8218.72,111.785
8224.16,123.047
8229.6,134.241
8232.32,139.836
8233.68,142.424
8237.76,150.186
8241.6,156.763
8241.84,157.171
8244.97,161.859
8245.92,163.286
8248.33,166.34
8249.46,167.759
8249.49,167.801
8252.87,171.247
8253.06,171.437
8256.29,173.892
8256.63,174.15
8258.57,175.113
8260.2,175.921
8263.12,176.604
8263.77,176.754
8264.96,176.827
8267.68,176.485
8269.29,176.281
8272.53,174.981
8273.63,174.536
8276.52,172.773
8277.37,172.094
8282.3,168.154
8287.06,163.364
8288.08,162.337
8296.24,152.825
8298.96,149.437
8304.4,142.664
8309.84,135.892
8315.28,129.122
8320.72,122.721
8323.44,119.521
8326.16,116.549
8331.6,110.607
8337.04,105.17
8339.76,102.453
8342.48,99.989
8347.92,95.0623
8353.36,90.6197
8356.08,88.3991
8358.8,86.401
8364.24,82.4062
8369.68,78.8157
8372.4,77.021
8375.12,75.4066
8380.56,72.1787
8386.0,69.2721
8388.72,67.8192
8391.44,66.508
8396.88,63.8861
8402.32,61.5152
8405.04,60.33
8407.76,59.2552
8413.2,57.1061
8418.64,55.1525
8421.36,54.176
8426.8,52.3954
8429.52,51.5053
8434.96,49.9012
8440.4,48.2976
8443.12,47.5828
8451.28,45.439
8459.44,43.5196
8462.16,42.88
8467.6,41.7292
8473.04,40.5787
8475.76,40.0591
8483.92,38.5004
8492.76,36.9693
8494.8,36.616
8502.96,35.3321
8505.68,34.9043
8513.16,33.8324
8517.92,33.1504
8522.68,32.5319
8528.8,31.7369
8530.16,31.5602
8541.04,30.2937
8546.48,29.6606
8551.75,29.1044
8558.46,28.3957
8562.46,28.0183
8569.6,27.3439
8578.1,26.5412
8582.35,26.1876
8595.1,25.1271
8597.22,24.9504
8606.15,24.293
8617.2,23.4792
8630.8,22.5883
8637.6,22.1429
8644.4,21.7429
8658.0,20.9432
8665.04,20.5722
8671.6,20.2263
8678.4,19.8679
8685.2,19.5425
8698.8,18.8917
8712.4,18.3099
8726.0,17.7282
8732.8,17.4698
8753.2,16.695
8773.6,16.002
8780.4,15.771
8794.0,15.3551
8807.6,14.9392
8814.4,14.7509
8834.8,14.1859
8855.2,13.6761
8862.0,13.5062
8875.6,13.1921
8889.2,12.8781
8902.8,12.5895
8916.4,12.3009
8930.0,12.0347
8943.6,11.7685
8957.2,11.5254
8984.4,11.0395
9011.6,10.6063
9025.2,10.3898
9038.8,10.1916
9062.6,9.84484
9074.5,9.68832
9110.2,9.2188
9148.66,8.76514
9163.31,8.59227
9177.97,8.43589
9207.28,8.12316
9221.93,7.97834
9251.24,7.68872
9288.55,7.35335
9307.21,7.18568
9325.86,7.03154
9363.17,6.7233
9419.13,6.30176
9475.09,5.90988
9531.05,5.55136
9549.7,5.43187
9579.99,5.25304
9610.29,5.07422
9670.87,4.73975
9731.46,4.42549
9792.04,4.12883
9861.28,3.80854
9930.52,3.50558
9999.76,3.21769
10000.0,3.21674
10060.7,2.97593
10069.0,2.943
10138.2,2.68192
10155.5,2.61666
10207.5,2.42907
10224.8,2.36656
10276.7,2.18611
10294.0,2.12597
10346.0,1.95194
10363.3,1.89395
10397.9,1.78278
10432.5,1.67163
10449.8,1.61848
10501.8,1.45905
10553.7,1.30648
10605.6,1.16151
10640.2,1.06922
10674.8,0.981118
10692.2,0.938384
10709.5,0.898031
10726.8,0.857692
10744.1,0.820301
10761.4,0.782922
10778.7,0.748613
10787.4,0.731467
10813.3,0.684354
10830.6,0.655803
10848.0,0.62971
10865.3,0.606326
10882.6,0.585886
10899.9,0.568645
10916.1,0.555711
10932.3,0.546211
10948.6,0.540492
10960.7,0.538862
10964.8,0.538833
10977.1,0.540577
10981.2,0.542093
10989.5,0.545142
11001.9,0.552773
11014.6,0.563891
11027.2,0.57867
11038.4,0.594769
11045.3,0.606837
11048.7,0.61288
11059.1,0.634036
11069.5,0.658423
11073.0,0.667699
11079.9,0.686272
11090.1,0.717191
11099.8,0.750257
11109.5,0.787012
11120.1,0.831449
11127.5,0.865784
11131.2,0.882964
11142.2,0.940348
11149.1,0.980143
11152.6,1.00005
11163.0,1.06568
11169.9,1.11367
11173.4,1.13767
11183.8,1.21649
11190.7,1.27392
11194.2,1.30265
11204.5,1.39669
11211.5,1.46503
11214.9,1.49921
11225.3,1.61087
11232.2,1.69185
11235.7,1.73237
11246.1,1.86447
11253.0,1.96016
11256.5,2.00803
11266.9,2.16395
11273.8,2.27679
11277.2,2.33323
11287.6,2.51697
11294.5,2.64987
11298.0,2.71635
11308.4,2.93269
11315.3,3.08916
11318.8,3.16742
11329.2,3.4221
11336.1,3.60632
11339.6,3.69846
11349.9,3.9984
11356.9,4.21543
11360.3,4.32398
11370.7,4.67749
11381.1,5.06151
11384.6,5.20057
11391.5,5.47874
11398.4,5.78109
11401.9,5.93229
11412.3,6.4255
11422.6,6.96217
11426.1,7.15687
11433.0,7.54634
11440.0,7.9705
11443.4,8.18263
11453.8,8.87597
11464.2,9.63206
11467.6,9.90696
11474.6,10.4569
11481.5,11.0571
11485.0,11.3573
11495.3,12.3406
11505.7,13.4153
11509.2,13.8069
11516.1,14.5901
11523.0,15.4467
11526.5,15.8751
11536.9,17.2809
11547.3,18.8194
11550.7,19.3806
11557.7,20.5031
11564.6,21.7314
11568.0,22.3456
11578.4,24.3613
11588.8,26.5656
11592.3,27.3682
11599.2,28.9737
11606.1,30.7256
11609.6,31.6017
11620.0,34.4644
11630.4,37.5766
11633.8,38.701
11640.7,40.95
11647.7,43.3792
11651.1,44.594
11661.5,48.5122
11672.8,53.0675
11677.1,54.9512
11685.8,58.7188
11698.7,64.6998
11718.6,74.3771
11722.5,76.2703
11734.2,81.9579
11748.1,88.6976
11751.5,90.2518
11761.9,94.9133
11772.3,99.0979
11782.7,102.749
11793.1,105.761
11794.1,105.992
11798.6,106.992
11803.5,108.069
11808.2,108.768
11813.8,109.595
11817.8,109.91
11822.5,110.279
11827.7,110.417
11838.1,110.108
11839.4,110.069
11848.5,109.126
11851.1,108.857
11858.9,107.512
11863.6,106.69
11872.7,104.56
11877.9,103.342
11896.9,97.9139
11924.6,88.9244
11938.5,84.4301
11952.3,79.9363
11959.3,77.6897
11966.2,75.5767
11980.0,71.3514
11993.9,67.468
12000.8,65.5266
12007.7,63.7324
12014.6,61.9384
12021.6,60.2642
12028.5,58.5902
12035.4,57.0326
12042.3,55.4752
12049.3,54.029
12056.2,52.5831
12063.1,51.2419
12070.0,49.9009
12077.0,48.6579
12083.9,47.415
12090.8,46.2629
12097.7,45.1111
12104.7,44.0613
12118.5,41.962
12132.4,40.0908
12139.3,39.1553
12144.9,38.4705
12146.2,38.315
12160.0,36.6344
12173.9,35.1295
12180.8,34.3772
12187.7,33.6979
12201.6,32.3395
12215.4,31.1161
12222.4,30.5044
12229.3,29.949
12243.1,28.8384
12257.0,27.8321
12263.9,27.3289
12277.8,26.4101
12284.7,25.9507
12298.5,25.1242
12312.4,24.2979
12319.3,23.9298
12340.1,22.8256
12360.8,21.8373
12367.8,21.5078
12381.6,20.9154
12395.5,20.3229
12402.4,20.0554
12423.2,19.2529
12443.9,18.526
12450.9,18.2838
12478.6,17.4008
12504.5,16.6523
12513.2,16.4028
12527.0,16.0408
12540.9,15.679
12568.6,15.0237
12579.8,14.7575
12591.1,14.5164
12613.6,14.0342
12624.4,13.8257
12656.8,13.2004
12689.3,12.6408
12700.1,12.4543
12717.4,12.1828
12734.7,11.9113
12769.4,11.4211
12786.7,11.176
12804.0,10.9551
12838.6,10.5133
12873.2,10.1188
12890.5,9.92159
12907.8,9.74158
12942.5,9.38159
12977.1,9.0557
12994.4,8.89277
13011.7,8.74488
13063.6,8.30124
13115.6,7.90242
13132.9,7.76949
13167.5,7.52836
13202.1,7.28725
13219.4,7.17699
13271.3,6.84626
13323.3,6.54395
13357.9,6.34242
13375.2,6.2506
13427.1,5.97517
13444.5,5.88336
13479.1,5.71348
13531.0,5.45867
13565.6,5.30139
13617.5,5.06548
13634.9,4.98685
13669.5,4.84101
13721.4,4.62227
13756.0,4.47646
13773.3,4.40819
13823.1,4.21195
13868.5,4.0328
13883.7,3.97309
13914.0,3.86007
13959.4,3.69055
14004.9,3.52107
14020.0,3.46459
14050.3,3.357
14090.9,3.21298
14131.4,3.06899
14151.7,2.99702
14172.0,2.92823
14202.4,2.82507
14239.0,2.70094
14275.4,2.58397
14305.0,2.48861
14334.7,2.40004
14355.9,2.33681
14367.2,2.3031
14378.5,2.27273
14401.1,2.21201
14412.4,2.18166
14435.0,2.12844
14446.3,2.10186
14457.6,2.07934
14480.2,2.03437
14505.6,1.99501
14522.6,1.97723
14531.0,1.96838
14539.5,1.9645
14553.7,1.95809
14556.5,1.95795
14559.3,1.95782
14573.4,1.96273
14576.2,1.96372
14590.4,1.97795
14593.2,1.98081
14607.3,2.0064
14610.2,2.01154
14620.0,2.03759
14622.9,2.04505
14623.0,2.0454
14632.8,2.0793
14635.6,2.08911
14645.5,2.13287
14648.3,2.14539
14658.2,2.20023
14661.0,2.21592
14670.9,2.2837
14673.7,2.3031
14682.2,2.37179
14683.6,2.3852
14694.7,2.49094
14694.9,2.49261
14703.0,2.58277
14705.8,2.61839
14711.1,2.68525
14716.8,2.76596
14719.3,2.80058
14727.4,2.93048
14727.5,2.93302
14735.1,3.06881
14738.2,3.13195
14742.8,3.22358
14749.6,3.3756
14750.5,3.39621
14757.3,3.56858
14758.2,3.58992
14765.1,3.78509
14765.5,3.79705
14772.9,4.0284
14779.9,4.27648
14780.2,4.28641
14787.0,4.55308
14787.6,4.57532
14793.5,4.83408
14794.1,4.86112
14799.4,5.11816
14801.1,5.20733
14805.4,5.43043
14809.0,5.6431
14811.3,5.77409
14816.9,6.13481
14817.2,6.15286
14823.2,6.57107
14824.8,6.70313
14829.1,7.0335
14830.8,7.1798
14835.0,7.54578
14836.7,7.70816
14841.0,8.11436
14842.6,8.29494
14846.9,8.74668
14848.6,8.94793
14852.8,9.45137
14854.5,9.67195
14856.8,9.96626
14860.4,10.4814
14860.7,10.521
14864.7,11.1196
14866.4,11.3964
14868.6,11.7658
14872.3,12.4145
14872.6,12.4644
14876.5,13.2205
14878.2,13.5713
14880.5,14.0395
14884.2,14.8618
14889.3,16.1094
14890.1,16.3365
14892.7,17.0185
14894.1,17.4256
14896.0,17.9958
14899.4,19.047
14899.7,19.1412
14902.8,20.1784
14905.2,21.0403
14906.2,21.3954
14909.6,22.7049
14910.7,23.1799
14913.8,24.4867
14914.4,24.7481
14918.1,26.4477
14921.7,28.3165
14922.3,28.6041
14925.4,30.3413
14926.5,30.9733
14930.1,33.1402
14930.8,33.5738
14934.7,36.2346
14935.0,36.4247
14939.3,39.5459
14939.4,39.6594
14943.5,42.95
14944.1,43.4414
14947.7,46.6366
14948.7,47.5622
14952.0,50.6044
14953.8,52.4451
14956.6,55.2071
14960.9,59.8035
14961.9,60.8586
14975.0,75.5679
14976.0,76.6746
14979.9,80.7477
14981.3,82.228
14983.9,84.6839
14985.2,85.9308
14987.9,88.1343
14988.5,88.5952
14991.8,90.8106
14991.9,90.914
14995.0,92.5127
14996.0,92.849
14998.3,93.6528
14998.7,93.7157
15000.2,93.9731
15001.6,94.1994
15002.8,94.24
15003.5,94.1779
15005.7,94.0057
15006.6,93.7735
15008.6,93.3074
15009.7,92.8552
15011.5,92.1727
15012.8,91.4598
15014.4,90.6373
15017.0,88.8974
15018.7,87.6889
15022.2,84.8271
15023.1,84.142
15027.5,80.0209
15029.5,78.1918
15041.7,66.2741
15043.6,64.3346
15047.2,61.0595
15048.9,59.4225
15053.1,55.8138
15054.2,54.8355
15057.1,52.5594
15058.2,51.6493
15061.0,49.5251
15062.2,48.6757
15065.0,46.7039
15066.1,45.9155
15068.9,44.093
15070.1,43.3643
15072.9,41.6859
15074.0,41.0148
15076.8,39.4738
15078.0,38.8577
15080.8,37.4467
15081.9,36.8826
15084.8,35.5939
15085.9,35.0786
15088.7,33.9027
15089.7,33.4867
15092.7,32.3654
15093.5,32.0355
15096.6,30.971
15097.4,30.716
15102.5,29.1317
15103.1,28.9657
15108.5,27.5585
15108.8,27.4674
15113.9,26.3546
15114.6,26.1989
15119.2,25.3416
15120.3,25.1411
15124.6,24.5039
15126.1,24.2807
15130.0,23.8273
15131.9,23.6041
15135.4,23.3069
15137.7,23.1086
15140.6,22.9502
15143.5,22.789
15147.4,22.6868
15149.1,22.6422
15150.8,22.6283
15156.5,22.6887
15162.2,22.916
15167.9,23.3142
15173.6,23.8893
15179.4,24.6495
15185.1,25.605
15190.8,26.7676
15196.5,28.151
15202.3,29.77
15208.0,31.6403
15213.7,33.7777
15215.6,34.5839
15219.4,36.1968
15223.3,38.0054
15225.2,38.91
15230.9,41.9252
15236.6,45.2445
15238.5,46.4503
15242.3,48.8626
15248.4,52.9876
15256.4,58.8722
15262.5,63.496
15270.5,69.6597
15274.6,72.7406
15277.6,74.9236
15281.1,77.4745
15283.6,79.1129
15287.6,81.7496
15288.1,82.0275
15292.5,84.5387
15292.6,84.5896
15297.1,86.7587
15297.4,86.891
15298.6,87.3525
15302.6,88.8394
15303.6,89.1012
15308.4,90.2961
15308.6,90.3264
15313.7,90.9216
15314.2,90.9844
15316.1,91.0436
15318.7,90.9038
15322.0,90.7193
15324.1,90.3598
15327.9,89.6952
15329.5,89.2519
15333.8,88.0542
15336.7,87.0002
15339.6,85.9265
15347.5,82.5495
15356.0,78.4346
15360.2,76.2624
15368.7,71.9189
15377.2,67.5767
15381.4,65.4062
15383.5,64.4014
15389.9,61.3877
15394.1,59.3791
15396.2,58.4556
15402.6,55.686
15409.0,53.1245
15411.1,52.2709
15415.3,50.7005
15419.6,49.1306
15421.7,48.4111
15428.0,46.2534
15434.4,44.2803
15436.5,43.6227
15440.8,42.4208
15445.0,41.2192
15447.1,40.6701
15453.5,39.0231
15459.8,37.5171
15462.0,37.0152
15466.2,36.0962
15470.4,35.1774
15474.7,34.335
15478.9,33.4929
15483.2,32.7351
15491.6,31.2201
15500.1,29.8817
15504.4,29.2126
15508.6,28.6189
15517.1,27.4316
15525.6,26.3736
15529.8,25.8447
15534.0,25.3712
15542.5,24.4244
15551.0,23.5734
15555.2,23.148
15559.5,22.764
15568.0,21.9961
15580.7,20.9525
15593.4,20.0035
15606.1,19.1536
15610.4,18.8704
15618.8,18.362
15626.5,17.9045
15634.1,17.4895
15641.7,17.0747
15645.6,16.8886
15658.9,16.2375
15673.2,15.6079
15678.0,15.398
15687.5,15.0201
15695.6,14.701
15703.6,14.4156
15719.8,13.8448
15734.1,13.3912
15738.8,13.24
15748.4,12.9699
15757.9,12.6999
15766.4,12.4599
15774.9,12.246
15791.8,11.8182
15808.8,11.4353
15817.3,11.244
15825.8,11.0705
15842.7,10.7237
15859.7,10.4139
15876.6,10.104
15885.1,9.96641
15910.6,9.55366
15936.0,9.184
15944.5,9.06079
15961.4,8.83834
15978.4,8.61593
15986.9,8.51482
16012.3,8.21153
16042.0,7.8924
16054.7,7.75565
16080.2,7.5077
16097.1,7.34243
16114.1,7.19223
16148.0,6.89186
16181.9,6.62177
16198.9,6.48674
16215.8,6.36237
16249.8,6.11365
16283.7,5.88629
16313.4,5.68738
16328.2,5.59641
16372.7,5.32353
16387.6,5.23258
16402.4,5.14862
16438.2,4.94629
16473.9,4.74397
16509.7,4.5551
16560.6,4.28631
16575.8,4.20637
16606.0,4.05283
16651.5,3.82256
16691.7,3.61844
16729.4,3.4274
16750.8,3.31918
16767.1,3.23639
16795.8,3.09089
16824.6,2.9454
16853.3,2.79432
16882.0,2.64327
16910.7,2.49225
16939.4,2.33387
16971.8,2.15574
16982.5,2.09638
16993.3,2.03421
17014.8,1.90991
17036.4,1.78565
17057.9,1.65644
17079.4,1.52728
17090.2,1.46273
17101.0,1.39625
17117.1,1.29657
17133.3,1.19693
17149.5,1.09734
17165.6,0.997802
17181.8,0.898327
17187.2,0.865193
17197.9,0.800907
17212.1,0.7166
17226.2,0.636227
17230.9,0.609462
17239.6,0.563021
17243.5,0.54187
17251.4,0.502215
17255.4,0.482412
17263.3,0.445359
17271.1,0.411136
17275.0,0.395435
17277.0,0.3876
17282.8,0.365974
17286.7,0.35292
17288.7,0.346412
17294.5,0.329141
17298.4,0.319317
17300.0,0.315493
17304.5,0.305985
17309.1,0.298412
17309.2,0.298304
17313.7,0.292984
17318.3,0.289837
17320.0,0.289435
17321.3,0.289135
17322.9,0.289238
17325.9,0.290379
17329.0,0.29282
17330.8,0.295062
17332.0,0.29665
17335.1,0.301958
17338.1,0.308809
17341.2,0.317296
17341.5,0.318498
17344.2,0.327566
17347.3,0.339686
17350.1,0.352878
17352.3,0.364147
17353.0,0.367917
17355.9,0.384939
17358.8,0.404013
17361.6,0.425258
17363.1,0.437031
17364.5,0.44883
17367.4,0.474864
17370.2,0.503475
17372.8,0.530788
17375.3,0.560299
17377.4,0.587576
17377.8,0.592129
17380.3,0.626435
17382.8,0.663303
17384.6,0.691562
17385.3,0.702882
17387.8,0.745338
17391.4,0.811214
17391.8,0.818424
17394.7,0.876177
17397.9,0.946842
17399.0,0.972427
17401.1,1.02366
17404.3,1.10702
17406.1,1.15721
17407.6,1.19741
17410.8,1.29533
17413.3,1.37773
17414.0,1.40129
17417.3,1.51593
17420.5,1.63979
17423.7,1.77366
17427.0,1.91815
17427.7,1.95279
17430.2,2.07414
17433.4,2.24242
17434.9,2.32307
17436.7,2.42396
17439.9,2.61972
17442.0,2.76039
17443.1,2.83078
17446.3,3.05835
17449.2,3.27632
17449.6,3.30359
17452.8,3.568
17454.6,3.72627
17456.0,3.85297
17459.3,4.16011
17460.0,4.23365
17462.5,4.4912
17465.4,4.80836
17465.7,4.84803
17469.0,5.23273
17470.8,5.46305
17472.2,5.64741
17475.4,6.09446
17476.1,6.20153
17478.7,6.57648
17481.5,7.03837
17481.9,7.09613
17485.1,7.65653
17486.9,7.99213
17488.4,8.26075
17491.6,8.91225
17492.3,9.06831
17494.8,9.61478
17497.7,10.2879
17498.0,10.3721
17501.3,11.1886
17503.1,11.6774
17504.5,12.0686
17507.7,13.0166
17508.5,13.2435
17511.0,14.0378
17513.8,15.0208
17514.7,15.3282
17518.5,16.7332
17519.2,17.0242
17522.3,18.2613
17524.6,19.2886
17526.0,19.921
17529.8,21.7201
17530.0,21.8128
17533.6,23.6666
17535.4,24.6665
17537.4,25.7667
17541.1,28.0252
17542.6,28.9469
17544.9,30.4451
17548.7,33.0261
17549.7,33.8091
17552.5,35.8322
17557.9,40.01
17564.6,45.5859
17568.2,48.6807
17573.9,53.554
17579.5,58.4257
17581.2,59.8945
17583.3,61.562
17586.4,64.026
17587.1,64.5534
17591.5,67.7818
17591.9,68.0668
17596.6,71.0287
17596.8,71.1247
17600.0,72.8525
17604.3,74.7181
17608.6,76.0668
17612.9,76.886
17617.2,77.1833
17621.5,76.9918
17625.8,76.3532
17628.0,75.8389
17630.2,75.3239
17636.6,73.2002
17643.1,70.5379
17651.7,66.4954
17658.2,63.3158
17664.6,60.1372
17671.1,56.9597
17673.2,55.901
17677.5,53.9305
17681.9,51.9607
17684.0,51.0497
17690.5,48.3177
17694.8,46.6548
17699.1,44.9925
17701.2,44.2392
17707.7,41.9804
17714.2,39.9429
17716.3,39.264
17720.6,38.0414
17724.9,36.8192
17727.1,36.2691
17733.5,34.6194
17740.0,33.1341
17742.2,32.6391
17746.5,31.7461
17750.8,30.8535
17752.9,30.4501
17759.4,29.2403
17765.9,28.1448
17768.0,27.7797
17772.3,27.1167
17776.6,26.4539
17778.8,26.1522
17785.2,25.2474
17791.7,24.4396
17798.2,23.632
17806.8,22.688
17811.1,22.2161
17815.4,21.7998
17824.0,20.9677
17832.6,20.2299
17836.9,19.8611
17841.2,19.5323
17849.9,18.875
17858.5,18.2871
17863.1,17.9688
17867.8,17.6839
17877.1,17.1143
17886.5,16.6041
17891.1,16.3491
17895.8,16.1188
17903.9,15.7203
17907.9,15.5397
17920.0,14.9979
17932.7,14.495
17937.2,14.3143
17946.3,13.9921
17955.3,13.67
17959.9,13.5263
17973.8,13.0841
17987.9,12.6829
17992.7,12.5491
18002.1,12.3087
18012.8,12.034
18018.2,11.9111
18034.4,11.5423
18050.5,11.2116
18055.9,11.1014
18066.7,10.9074
18082.9,10.6164
18088.2,10.5194
18099.0,10.3516
18120.6,10.0161
18142.1,9.72322
18152.9,9.57678
18163.6,9.44849
18188.1,9.15687
18201.8,9.01529
18229.3,8.73218
18253.5,8.51335
18265.6,8.40395
18277.8,8.30626
18300.2,8.12602
18333.7,7.8878
18344.9,7.80841
18367.3,7.66955
18389.7,7.53072
18400.9,7.46979
18435.5,7.28102
18471.3,7.11014
18483.6,7.05143
18508.2,6.95102
18545.1,6.80043
18582.0,6.67246
18606.6,6.58716
18631.2,6.51578
18680.3,6.37304
18741.8,6.23147
18754.1,6.20317
18809.4,6.1053
18827.9,6.07268
18852.5,6.04182
18877.1,6.01096
18901.7,5.98011
18926.2,5.96044
18975.4,5.92111
19024.6,5.90759
19049.2,5.90084
19073.8,5.90776
19123.0,5.92161
19172.1,5.95986
19221.3,6.01975
19253.2,6.07631
19267.4,6.10165
19282.8,6.12896
19313.5,6.20552
19344.3,6.2821
19360.3,6.33406
19392.2,6.438
19408.2,6.50236
19447.5,6.66083
19486.9,6.85909
19499.2,6.92106
19523.8,7.0683
19536.1,7.14194
19555.7,7.27905
19575.4,7.41617
19614.8,7.73449
19624.6,7.82711
19654.1,8.10502
19683.6,8.42919
19693.4,8.53727
19713.1,8.7849
19723.0,8.90874
19742.6,9.18597
19752.5,9.32461
19772.1,9.63778
19782.0,9.79439
19801.6,10.1461
19811.5,10.3219
19831.2,10.7207
19841.0,10.9201
19860.7,11.3697
19870.5,11.5945
19880.3,11.8506
19900.0,12.3629
19919.7,12.9317
19939.3,13.5523
19959.0,14.2302
19978.7,14.9716
19998.4,15.7834
20018.0,16.6734
20037.7,17.6504
20057.4,18.7239
20077.1,19.9048
20096.7,21.205
20106.6,21.8989
20126.2,23.4021
20145.9,25.0591
20165.6,26.8852
20185.2,28.8964
20204.9,31.1082
20224.6,33.5352
20244.3,36.1891
20263.9,39.077
20283.6,42.1985
20303.3,45.5419
20323.0,49.0836
20332.8,50.9444
20384.4,60.7138
20406.6,64.6829
20431.1,68.5784
20445.9,70.5052
20460.7,72.0424
20475.4,73.1341
20485.2,73.5897
20491.6,73.7082
20498.0,73.8264
20500.0,73.8628
20511.7,73.6713
20512.9,73.6511
20525.3,73.087
20525.8,73.0646
20539.3,72.0493
20554.1,70.5183
20568.9,68.6002
20593.4,64.7237
20621.1,59.737
20677.0,49.1742
20696.7,45.6287
20716.4,42.2725
20736.1,39.1295
20755.7,36.2117
20775.4,33.5201
20795.1,31.0485
20814.8,28.7859
20834.4,26.7188
20854.1,24.8322
20873.8,23.1112
20893.4,21.5409
20913.1,20.1074
20932.8,18.7976
20952.5,17.5996
20972.1,16.5024
20991.8,15.4961
21011.5,14.5718
21031.1,13.7216
21050.8,12.9384
21070.5,12.2157
21090.2,11.5478
21109.8,10.9297
21129.5,10.3569
21139.3,10.091
21149.2,9.82525
21168.8,9.33125
21198.4,8.6549
21227.9,8.04463
21257.4,7.49635
21286.9,7.0
21316.4,6.553
21345.9,6.14792
21375.4,5.78332
21404.9,5.45371
21436.2,5.14047
21471.2,4.83391
21495.7,4.64274
21508.0,4.55683
21520.2,4.47093
21532.5,4.39486
21544.8,4.31881
21569.3,4.18615
21593.9,4.07224
21606.1,4.02492
21618.4,3.97762
21642.9,3.90268
21667.5,3.84809
21679.8,3.83137
21692.0,3.81467
21716.6,3.80352
21741.1,3.81606
21753.4,3.83499
21765.6,3.85394
21790.2,3.91919
21814.7,4.01358
21823.9,4.0595
21833.1,4.10544
21851.5,4.21748
21869.9,4.35087
21879.1,4.42897
21888.3,4.50709
21906.7,4.68831
21925.2,4.89646
21934.4,5.01532
21942.9,5.12592
21943.6,5.13421
21962.0,5.40397
21980.4,5.7091
21989.6,5.88082
21998.8,6.05258
22017.2,6.43853
22035.6,6.87075
22044.8,7.11251
22054.0,7.35431
22072.4,7.89383
22090.8,8.49564
22100.0,8.82605
22104.6,8.99128
22118.4,9.52818
22127.6,9.9157
22132.2,10.1095
22146.0,10.7386
22155.2,11.1922
22159.8,11.4191
22173.6,12.1548
22182.8,12.6847
22187.4,12.9496
22201.2,13.8078
22210.4,14.4252
22215.0,14.7339
22228.8,15.7323
22238.0,16.4495
22242.6,16.8081
22256.4,17.9662
22265.6,18.7964
22270.2,19.2116
22284.0,20.549
22293.2,21.5051
22297.9,21.9832
22311.7,23.5183
22320.9,24.6232
22330.1,25.7283
22348.5,28.1326
22366.9,30.7331
22385.3,33.5302
22403.7,36.5203
22431.3,41.3224
22458.9,46.4422
22471.2,48.7175
22483.4,51.0176
22508.0,55.6175
22517.2,57.3423
22526.4,58.9368
22544.8,62.1254
22563.2,64.9804
22581.6,67.4796
22595.1,69.0135
22600.0,69.5711
22612.9,70.6881
22618.4,71.1667
22630.7,71.9072
22636.8,72.2773
22649.1,72.6813
22655.2,72.8831
22667.5,73.0115
22685.9,72.8127
22704.3,72.1857
22713.5,71.6672
22722.7,71.1486
22741.1,69.8464
22754.9,68.6267
22768.7,67.4069
22796.3,64.5749
22820.9,61.8459
22845.4,59.1171
22869.9,56.3884
22894.5,53.6599
22906.8,52.2958
22919.0,51.0245
22943.6,48.4821
22968.1,46.142
22980.4,44.9721
22992.6,43.9009
23017.2,41.7587
23041.7,39.8277
23054.0,38.8623
23066.3,37.9882
23090.8,36.2401
23115.3,34.674
23127.6,33.8909
23139.9,33.1833
23164.4,31.7682
23189.0,30.4993
23201.2,29.8649
23213.5,29.2902
23238.0,28.1408
23262.6,27.106
23274.8,26.5887
23287.1,26.1179
23311.7,25.1764
23336.2,24.3242
23348.5,23.8982
23360.7,23.5084
23385.3,22.7289
23409.8,22.0282
23434.4,21.3275
23446.6,21.0153
23483.4,20.0786
23520.2,19.2396
23532.5,18.96
23557.1,18.4566
23581.6,17.9533
23593.9,17.7258
23630.7,17.0431
23667.5,16.4232
23679.8,16.2165
23698.2,15.9402
23753.4,15.1111
23802.5,14.4488
23848.5,13.8826
23863.8,13.6939
23888.3,13.4235
23912.9,13.153
23937.4,12.8826
23962.0,12.636
24001.8,12.2353
24060.9,11.7001
24080.1,11.5264
24118.4,11.2116
24156.8,10.8968
24175.9,10.7548
24225.8,10.3857
24256.4,10.1586
24317.8,9.74923
24348.5,9.54458
24379.2,9.35557
24440.5,8.97756
24501.8,8.63265
24563.2,8.28775
24632.2,7.93322
24688.9,7.64226
24704.2,7.56349
24740.8,7.38938
24777.4,7.21528
24814.0,7.0412
24850.6,6.86714
24887.2,6.70377
24891.6,6.68432
24905.6,6.62209
24942.2,6.45876
24978.8,6.29544
25004.0,6.1827
25029.3,6.07692
25054.6,5.97116
25079.9,5.86541
25111.7,5.73254
25122.2,5.68826
25132.8,5.64778
25154.0,5.56685
25175.2,5.48594
25196.4,5.40506
25207.0,5.36463
25217.6,5.3297
25238.7,5.25989
25259.2,5.19229
25269.2,5.1596
25279.1,5.13335
25299.2,5.08021
25309.4,5.05331
25319.6,5.03368
25335.4,5.00339
25340.9,4.99271
25352.0,4.98138
25368.7,4.96444
25374.3,4.95882
25383.3,4.95747
25384.9,4.95723
25401.3,4.9665
25406.1,4.96921
25415.6,4.98654
25427.2,5.00779
25431.5,5.02229
25447.4,5.07678
25448.4,5.08042
25457.9,5.13
25464.3,5.16308
25468.5,5.19312
25479.1,5.26829
25480.2,5.27582
25489.7,5.36557
25496.1,5.42545
25500.3,5.47518
25506.7,5.54983
25510.9,5.60885
25517.2,5.69744
25521.5,5.7672
25527.8,5.87189
25532.1,5.95407
25538.4,6.07741
25542.7,6.17401
25549.0,6.31901
25553.3,6.43239
25559.6,6.60257
25563.8,6.73554
25570.2,6.9351
25574.4,7.08783
25578.1,7.22154
25584.5,7.47963
25586.1,7.54418
25594.0,7.90763
25601.4,8.28826
25603.6,8.40936
25608.6,8.69711
25613.1,8.98262
25615.7,9.15064
25620.2,9.46937
25622.9,9.65692
25627.4,10.0128
25630.0,10.2222
25634.5,10.6189
25637.2,10.8523
25641.7,11.2943
25644.3,11.5544
25648.8,12.0469
25651.5,12.3366
25656.0,12.8852
25658.6,13.2079
25663.1,13.8185
25665.8,14.1778
25670.3,14.857
25672.9,15.2565
25677.4,16.0109
25680.1,16.4547
25684.6,17.291
25687.2,17.783
25691.7,18.7079
25694.4,19.2521
25698.9,20.2715
25701.5,20.8713
25708.4,22.5827
25708.7,22.6485
25716.1,24.6643
25717.9,25.2137
25723.6,26.9013
25731.2,29.3123
25732.2,29.672
25738.7,31.8755
25751.3,36.4045
25752.3,36.7926
25762.4,40.4787
25770.0,43.2427
25770.3,43.3881
25775.9,45.2636
25779.9,46.6028
25782.8,47.474
25787.0,48.7405
25789.7,49.426
25793.1,50.3168
25794.8,50.6909
25798.7,51.5252
25800.0,51.7544
25804.2,52.4875
25805.4,52.6384
25809.8,53.191
25810.9,53.2751
25815.4,53.6319
25816.3,53.6587
25821.7,53.8151
25828.8,53.6333
25835.8,53.0852
25840.5,52.5371
25845.2,51.8142
25849.9,51.091
25859.3,49.3053
25864.6,48.1655
25869.9,47.0257
25880.5,44.5996
25891.1,42.1741
25899.0,40.3554
25901.7,39.7493
25907.0,38.6228
25914.9,36.9335
25917.5,36.3705
25922.8,35.3345
25928.1,34.2987
25930.8,33.8196
25938.7,32.3824
25946.7,31.0608
25949.3,30.6204
25954.6,29.8133
25959.9,29.0064
25962.6,28.6374
25970.5,27.5309
25978.4,26.5201
25981.1,26.1833
25986.4,25.5678
25991.7,24.9525
25994.3,24.6712
26002.3,23.8276
26010.2,23.072
26018.2,22.3166
26028.7,21.432
26034.0,20.9898
26039.3,20.5998
26049.9,19.82
26060.5,19.1293
26065.8,18.7841
26071.1,18.4769
26081.7,17.8626
26092.3,17.3137
26097.6,17.0393
26102.9,16.7929
26113.5,16.3003
26124.1,15.8635
26134.6,15.4267
26145.2,15.0436
26155.8,14.6605
26171.7,14.1529
26177.0,13.9838
26187.6,13.6835
26198.2,13.3832
26217.2,12.9073
26226.8,12.6694
26231.5,12.5674
26248.2,12.2105
26260.1,11.9556
26266.1,11.8457
26284.0,11.5162
26294.0,11.3307
26304.1,11.1687
26324.2,10.8448
26342.1,10.5924
26359.9,10.34
26371.9,10.1908
26393.0,9.92547
26414.2,9.69173
26435.4,9.45802
26456.6,9.25272
26477.8,9.04744
26498.9,8.86513
26520.1,8.68283
26530.7,8.60306
26562.5,8.36378
26583.7,8.20428
26594.2,8.1352
26626.0,7.92798
26647.2,7.78984
26657.8,7.72898
26689.6,7.54644
26710.7,7.42475
26726.6,7.34471
26774.3,7.10463
26795.5,6.99794
26816.6,6.90357
26859.0,6.71483
26880.2,6.62048
26901.4,6.53657
26943.7,6.36877
26986.1,6.20097
27028.4,6.05125
27075.7,5.88419
27099.3,5.80066
27139.7,5.67056
27190.0,5.50859
27223.6,5.40062
27257.1,5.30057
27317.2,5.12126
27377.3,4.94197
27437.4,4.77415
27497.5,4.60635
27557.6,4.43856
27617.7,4.27078
27677.8,4.10719
27722.9,3.9845
27767.9,3.86183
27813.0,3.73917
27858.1,3.61653
27903.2,3.4939
27948.2,3.37129
27978.3,3.28957
28008.3,3.20785
28038.4,3.12615
28068.4,3.04446
28098.5,2.96278
28128.6,2.88113
28158.6,2.80419
28188.7,2.72727
28218.7,2.65039
28246.9,2.58484
28275.0,2.51932
28303.8,2.46009
28313.4,2.44036
28324.2,2.42169
28346.0,2.38437
28356.9,2.36573
28366.7,2.35307
28386.2,2.32778
28405.8,2.31196
28415.5,2.30407
28425.3,2.30125
28435.1,2.29843
28441.1,2.29671
28459.1,2.30253
28462.1,2.30351
28477.1,2.31822
28483.1,2.32412
28495.2,2.34478
28501.2,2.35513
28513.2,2.3855
28519.2,2.40071
28531.2,2.44264
28537.2,2.46362
28549.2,2.51924
28555.3,2.54707
28567.3,2.61603
28579.3,2.69725
28585.3,2.74472
28591.3,2.79223
28603.3,2.90275
28615.4,3.03086
28621.4,3.10481
28627.4,3.17881
28637.9,3.32662
28648.4,3.49321
28653.7,3.58679
28658.9,3.6804
28669.4,3.89265
28680.0,4.13193
28685.2,4.26662
28690.5,4.40135
28695.7,4.55297
28701.0,4.70463
28706.3,4.87272
28708.9,4.95679
28716.8,5.23227
28724.7,5.53325
28727.3,5.64283
28732.6,5.86204
28737.8,6.10148
28740.4,6.22123
28748.3,6.61362
28756.2,7.04231
28758.8,7.1984
28764.1,7.51063
28769.4,7.85167
28772.0,8.02222
28779.9,8.58102
28787.8,9.19133
28790.4,9.41343
28795.7,9.85772
28800.9,10.3426
28803.5,10.5851
28811.4,11.3786
28819.3,12.2438
28822.0,12.558
28827.2,13.1864
28832.5,13.8702
28835.1,14.2121
28843.0,15.3269
28850.9,16.5364
28853.5,16.973
28858.8,17.8461
28864.0,18.7891
28866.7,19.2607
28874.5,20.784
28879.8,21.8763
28883.0,22.5396
28892.6,24.6844
28899.0,26.2243
28902.2,26.9942
28914.9,30.3068
28930.9,34.7239
28946.7,39.2307
28957.2,42.2348
28967.7,45.1023
28976.3,47.2766
28978.2,47.7491
28986.5,49.5834
28988.7,50.0835
28996.6,51.582
29000.0,52.1159
29004.5,52.8275
29009.0,53.3845
29012.4,53.802
29018.0,54.2992
29020.3,54.4979
29027.0,54.8521
29028.2,54.9111
29036.1,55.0436
29046.2,54.8392
29056.3,54.2469
29066.5,53.3252
29071.6,52.7423
29076.6,52.1594
29093.0,49.8536
29109.3,47.2186
29120.2,45.4621
29126.2,44.4782
29138.2,42.5108
29150.2,40.5437
29162.3,38.7
29168.3,37.7783
29174.3,36.9246
29186.3,35.2176
29198.3,33.6574
29201.8,33.2053
29204.3,32.8775
29210.3,32.1704
29222.4,30.7567
29234.4,29.4807
29240.4,28.8429
29246.4,28.2686
29258.4,27.1201
29270.4,26.0863
29276.5,25.5694
29282.5,25.104
29294.5,24.1732
29306.5,23.3335
29312.5,22.9138
29318.5,22.5344
29330.6,21.7758
29342.6,21.0885
29348.6,20.7448
29354.6,20.4375
29366.6,19.823
29372.6,19.5158
29378.6,19.2443
29396.7,18.4299
29414.7,17.7068
29420.7,17.4659
29432.7,17.0359
29444.7,16.6059
29450.8,16.4133
29468.8,15.8353
29486.8,15.3151
29492.8,15.1417
29504.8,14.8281
29516.9,14.5146
29522.9,14.3755
29540.9,13.9582
29552.9,13.6801
29559.3,13.5518
29578.5,13.1668
29591.2,12.9101
29597.6,12.7972
29613.8,12.5117
29623.5,12.3391
29643.1,12.0329
29664.9,11.6914
29686.6,11.3893
29700.9,11.1914
29715.2,11.0154
29743.7,10.6634
29769.1,10.39
29794.4,10.1166
29811.3,9.95504
29841.4,9.66793
29871.4,9.41619
29901.5,9.16446
29931.6,8.94436
29961.6,8.72428
29991.7,8.5298
30000.0,8.47577
30021.7,8.33534
30051.8,8.16187
30081.8,7.98842
30096.8,7.91226
30141.9,7.6838
30171.9,7.5315
30187.0,7.46396
30232.1,7.26134
30274.9,7.08797
30317.8,6.91459
30373.5,6.71402
30411.3,6.57798
30430.2,6.51772
30486.8,6.33694
30524.6,6.21642
30543.5,6.16306
30600.2,6.00296
30638.0,5.89624
30675.7,5.79923
30757.3,5.58991
30838.8,5.40096
30879.6,5.30649
30920.3,5.22028
31001.9,5.04785
31042.6,4.96164
31083.4,4.88305
31164.9,4.72587
31205.7,4.64729
31246.4,4.57506
31328.0,4.43062
31409.5,4.28619
31491.0,4.15392
31572.6,4.02166
31654.1,3.8894
31735.6,3.76784
31817.2,3.64628
31898.7,3.52474
31980.2,3.4134
32056.7,3.30902
32107.6,3.23945
32133.1,3.20796
32210.5,3.11224
32263.5,3.04676
32290.0,3.0178
32355.3,2.94652
32387.9,2.91088
32420.5,2.87993
32481.6,2.82192
32534.6,2.78065
32567.2,2.75525
32632.5,2.71614
32681.4,2.69635
32697.7,2.68975
32730.3,2.6845
32762.9,2.67925
32779.2,2.68095
32811.8,2.68436
32828.1,2.69021
32860.7,2.70192
32877.1,2.71321
32909.7,2.73579
32926.0,2.75295
32958.6,2.78729
32974.9,2.81062
32991.2,2.83396
33023.8,2.89172
33056.4,2.962
33089.0,3.04646
33121.6,3.14698
33154.3,3.26574
33186.9,3.40522
33219.5,3.56829
33256.2,3.78317
33280.6,3.9483
33292.9,4.04063
33305.1,4.13298
33329.5,4.33907
33354.0,4.56888
33366.2,4.69687
33378.5,4.82489
33402.9,5.10994
33427.4,5.42713
33439.6,5.60352
33451.8,5.77992
33476.3,6.17206
33500.8,6.60779
33513.0,6.84968
33525.2,7.0916
33549.7,7.6285
33574.1,8.22384
33586.4,8.5536
33598.6,8.88339
33610.8,9.23896
33623.1,9.6227
33635.3,10.0065
33659.7,10.8531
33684.2,11.7866
33696.4,12.299
33708.7,12.8116
33733.1,13.9351
33757.6,15.1604
33769.8,15.8261
33782.0,16.4919
33806.5,17.929
33830.9,19.4714
33863.6,21.6878
33899.2,24.2721
33908.4,24.9629
33945.1,27.7261
33981.8,30.489
33994.0,31.41
34006.2,32.2629
34030.7,33.9686
34055.6,35.5213
34080.8,36.8958
34096.7,37.6171
34105.3,38.0055
34118.8,38.4741
34128.9,38.8291
34140.8,39.119
34153.0,39.4189
34165.2,39.5861
34177.5,39.7532
34189.7,39.8073
34195.8,39.8343
34214.1,39.7287
34226.4,39.6583
34238.6,39.4556
34254.9,39.1852
34275.3,38.6427
34294.7,38.1272
34334.4,36.7164
34342.6,36.3885
34360.9,35.6506
34393.5,34.2212
34426.1,32.7919
34458.7,31.3626
34491.3,29.9334
34507.6,29.2188
34524.0,28.5445
34556.6,27.1958
34589.2,25.9485
34605.5,25.3249
34621.8,24.751
34654.4,23.6034
34687.0,22.5644
34703.3,22.0449
34719.6,21.5722
34752.2,20.6267
34784.9,19.7758
34801.2,19.3504
34817.5,18.9638
34850.1,18.1908
34882.7,17.4941
34899.0,17.1457
34915.3,16.8282
34947.9,16.1934
34980.5,15.6185
34996.8,15.331
35013.1,15.0677
35045.7,14.5412
35078.4,14.0673
35111.0,13.5934
35159.9,12.9586
35176.2,12.747
35208.8,12.3669
35241.4,11.9868
35257.7,11.8151
35306.6,11.3003
35355.6,10.8329
35371.9,10.6772
35404.5,10.393
35437.1,10.1089
35453.4,9.97884
35502.3,9.58862
35551.2,9.23019
35567.5,9.11072
35600.2,8.8908
35632.8,8.6709
35649.1,8.56997
35702.1,8.242
35738.8,8.03425
35768.3,7.86672
35797.9,7.71333
35833.3,7.52996
35851.0,7.44852
35876.7,7.33039
35891.8,7.26081
35914.9,7.15453
35961.0,6.97232
35984.1,6.88123
36018.8,6.76639
36053.4,6.65159
36088.0,6.56134
36099.6,6.53126
36122.7,6.48626
36145.7,6.44127
36157.3,6.42789
36191.9,6.3878
36226.6,6.37581
36261.2,6.3992
36269.8,6.40506
36295.8,6.45351
36307.4,6.47506
36318.9,6.51231
36342.0,6.58685
36365.1,6.69027
36388.2,6.8208
36411.3,6.9822
36434.3,7.17881
36457.4,7.41569
36480.5,7.69865
36492.1,7.85806
36503.6,8.0396
36515.2,8.22118
36526.7,8.4304
36532.5,8.53504
36549.8,8.89077
36567.1,9.29132
36572.9,9.44134
36584.4,9.74144
36596.0,10.0781
36601.7,10.2465
36619.0,10.8122
36636.4,11.4448
36642.1,11.6802
36653.7,12.151
36665.2,12.6755
36671.0,12.9378
36688.3,13.8126
36705.6,14.7829
36711.4,15.1406
36722.9,15.856
36734.5,16.6443
36740.3,17.0386
36757.6,18.3366
36774.9,19.7546
36792.2,21.2945
36809.5,22.9566
36832.6,25.3598
36851.4,27.4287
36864.4,28.9504
36883.8,31.2328
36890.3,32.007
36919.2,35.4481
36925.0,36.1362
36936.5,37.4403
36948.1,38.7443
36953.8,39.3345
36971.1,41.1047
36988.5,42.6464
36990.2,42.777
36997.7,43.343
37005.8,43.9524
37011.3,44.2794
37023.1,44.985
37024.8,45.06
37038.4,45.6476
37040.4,45.7351
37057.7,46.1945
37075.0,46.3708
37096.7,46.22
37098.1,46.1842
37118.3,45.6828
37122.7,45.5324
37132.8,45.1815
37158.7,43.9868
37162.3,43.7837
37184.7,42.525
37207.8,41.0593
37230.9,39.5937
37254.0,38.0897
37277.1,36.5859
37300.1,35.0822
37323.2,33.6909
37346.3,32.2996
37369.4,31.0286
37381.0,30.3931
37392.5,29.8103
37415.6,28.6448
37438.7,27.5866
37450.2,27.0576
37461.8,26.5767
37484.8,25.615
37507.9,24.7458
37519.5,24.3112
37531.0,23.9165
37554.1,23.1273
37577.2,22.4128
37588.7,22.0556
37600.3,21.7303
37623.4,21.0797
37646.5,20.4966
37669.6,19.9135
37692.6,19.3964
37715.7,18.8793
37738.8,18.4184
37761.9,17.9576
37773.4,17.7513
37808.1,17.1323
37842.7,16.5752
37854.3,16.3895
37877.3,16.0536
37900.4,15.7178
37912.0,15.5686
37946.6,15.1211
37969.7,14.8227
37981.2,14.6895
38015.9,14.2897
38039.0,14.05
38085.1,13.5706
38131.3,13.1456
38160.2,12.88
38174.6,12.7622
38212.1,12.4558
38235.2,12.2673
38281.4,11.9307
38318.9,11.6571
38337.7,11.5366
38392.5,11.1842
38428.6,10.9524
38446.6,10.8502
38500.7,10.5436
38529.6,10.3801
38558.4,10.2331
38616.2,9.93908
38645.0,9.79208
38673.9,9.65933
38731.6,9.39382
38760.5,9.26108
38789.3,9.14033
38847.0,8.89885
38904.8,8.65738
38981.6,8.3651
39032.2,8.17298
39082.7,7.98086
39133.3,7.80377
39183.8,7.62669
39234.3,7.44962
39284.9,7.27256
39335.4,7.10694
39401.8,6.88958
39449.1,6.73434
39496.5,6.57911
39512.3,6.52737
39545.2,6.42722
39578.0,6.32707
39618.4,6.20383
39671.5,6.04209
39684.1,6.00359
39709.4,5.9343
39749.8,5.82345
39790.3,5.71262
39820.6,5.63978
39850.9,5.56696
39881.3,5.50623
39911.6,5.44552
39941.9,5.40268
39972.2,5.35987
40000.0,5.34138
40002.5,5.33968
40017.7,5.3296
40032.9,5.32784
40055.6,5.33706
40063.2,5.34014
40078.4,5.35846
40093.5,5.37681
40101.1,5.39369
40123.8,5.44437
40146.6,5.52303
40154.2,5.54927
40169.3,5.62202
40176.9,5.6584
40192.1,5.75192
40199.7,5.7987
40214.8,5.91666
40222.4,5.97566
40237.6,6.12242
40245.1,6.19583
40260.3,6.37015
40281.8,6.65859
40300.7,6.96421
40319.7,7.32345
40338.6,7.74389
40351.3,8.06256
40357.6,8.23891
40363.9,8.41529
40376.5,8.80525
40389.2,9.23582
40395.5,9.47318
40401.8,9.71056
40414.4,10.2332
40427.1,10.8078
40433.4,11.1231
40439.7,11.4383
40452.4,12.1288
40465.0,12.8833
40471.3,13.2944
40477.6,13.7055
40490.3,14.599
40496.6,15.0827
40502.9,15.5664
40515.5,16.6099
40528.2,17.7302
40542.1,19.0506
40556.0,20.4605
40576.8,22.7267
40583.8,23.5345
40602.7,25.7375
40609.0,26.4908
40628.0,28.7506
40646.9,31.0101
40659.6,32.43
40665.9,33.1399
40672.2,33.7852
40684.8,35.0756
40698.0,36.2344
40703.8,36.7469
40709.9,37.1941
40716.4,37.6786
40721.7,38.0052
40729.1,38.4561
40733.6,38.6767
40741.7,39.0687
40751.8,39.4255
40754.3,39.5146
40767.0,39.7965
40770.8,39.8226
40785.9,39.9268
40789.7,39.8939
40799.8,39.8058
40812.5,39.5448
40820.7,39.375
40841.5,38.6639
40864.3,37.6581
40884.5,36.5969
40902.2,35.6685
40907.2,35.384
40930.0,34.1039
40952.7,32.8238
40975.4,31.544
40978.0,31.4018
40990.6,30.7432
41005.8,29.953
41020.9,29.1628
41023.5,29.0311
41043.7,28.0704
41053.8,27.5901
41066.4,27.0379
41084.1,26.2649
41089.2,26.0633
41111.9,25.1562
41114.4,25.0555
41134.6,24.3202
41144.8,23.9526
41157.4,23.5443
41180.1,22.8094
41190.2,22.4829
41202.9,22.1282
41225.6,21.49
41235.7,21.2063
41248.4,20.8973
41271.1,20.3411
41281.2,20.0939
41293.8,19.8235
41316.6,19.3369
41326.7,19.1207
41339.3,18.8831
41362.1,18.4554
41372.2,18.2653
41384.8,18.0553
41407.6,17.6773
41417.7,17.5093
41437.9,17.2162
41468.2,16.7766
41478.3,16.6301
41498.5,16.3775
41528.9,15.9985
41539.0,15.8723
41559.2,15.6526
41589.5,15.3232
41599.6,15.2134
41619.8,15.0208
41650.2,14.7321
41660.3,14.6358
41683.0,14.4483
41715.9,14.1775
41741.1,13.9691
41748.7,13.9155
41781.6,13.6831
41818.2,13.4239
41822.0,13.3971
41854.8,13.1982
41903.2,12.9056
41919.3,12.8081
41950.9,12.6445
42003.0,12.3746
42014.0,12.3174
42064.6,12.0912
42115.1,11.8651
42165.7,11.6718
42216.2,11.4785
42241.5,11.3819
42266.7,11.2991
42317.3,11.1336
42367.8,10.9681
42438.8,10.7682
42474.5,10.6676
42475.1,10.6658
42477.7,10.6586
42479.0,10.655
42479.6,10.6532
42480.2,10.6554
42481.2,10.6587
42482.1,10.662
42482.8,10.6642
42483.4,10.6664
42484.1,10.6687
42484.7,10.6709
42485.2,10.6802
42485.6,10.6895
42486.1,10.6988
42486.6,10.7081
42487.1,10.7174
42487.2,10.7205
42487.6,10.7344
42488.0,10.7553
42488.5,10.7762
42489.0,10.7971
42489.5,10.8181
42489.8,10.8321
42490.0,10.8441
42490.4,10.8804
42490.9,10.9166
42491.4,10.9529
42491.7,10.9771
42491.9,10.9946
42492.3,11.0473
42492.8,11.1
42493.3,11.1527
42493.6,11.1879
42493.8,11.2113
42494.3,11.2814
42494.7,11.3515
42495.4,11.4451
42495.5,11.4685
42496.0,11.5541
42496.8,11.6968
42497.4,11.8111
42497.8,11.8757
42499.0,12.1345
42501.5,12.6256
42502.3,12.8038
42503.5,13.0143
42504.4,13.1721
42504.7,13.2247
42505.3,13.3067
42506.1,13.4296
42507.0,13.5525
42508.2,13.6651
42509.4,13.7776
42510.5,13.8458
42511.7,13.9139
42513.5,13.9684
42514.1,13.9866
42515.2,13.9986
42517.6,14.0225
42518.7,14.0344
42523.4,14.0404
42528.1,14.0393
45258.9,13.4184
46275.6,13.1873
48103.0,12.8188
49530.6,12.5311
50000.0,12.4417
51949.9,12.239
55545.0,11.8652
56617.7,11.7537
59988.2,11.433
60000.0,11.4318
60846.5,11.3512
65091.6,10.9094
65721.7,10.8438
68965.2,10.5446
70987.6,10.3581
72886.8,10.203
74538.9,10.0682
76424.2,9.91424
78465.1,9.76399
80564.3,9.60946
82273.2,9.50742
88621.4,9.12836
89246.6,9.09103
90000.0,9.04628
96206.8,8.67759
99387.3,8.48868
100000.0,8.46289
102842.0,8.34336
105000.0,8.25892
110000.0,8.06332
111552.0,8.0026
120000.0,7.67205
122551.0,7.57222
130000.0,7.28076
140000.0,7.0536
141975.0,7.00873
152116.0,6.77833
154262.0,6.72958
160000.0,6.59921
170000.0,6.37198
171199.0,6.34473
178548.0,6.17774
180000.0,6.14474
190000.0,5.9175
191340.0,5.88705
200000.0,5.69033
225000.0,5.40105
230768.0,5.3343
231057.0,5.33509
234024.0,5.30121
235433.0,5.28512
236041.0,5.27818
238540.0,5.24965
238993.0,5.24449
241355.0,5.21755
243488.0,5.19322
244434.0,5.18243
246722.0,5.15635
250000.0,5.119
264052.0,4.95741
272313.0,4.86242
275000.0,4.83469
278880.0,4.78999
289254.0,4.67047
298843.0,4.56002
300000.0,4.55165
304232.0,4.52133
325446.0,4.39239
326626.0,4.38522
328930.0,4.37164
331732.0,4.35514
334479.0,4.33896
336965.0,4.32433
337630.0,4.32041
339262.0,4.31081
342092.0,4.29415
344306.0,4.28113
344588.0,4.27947
347754.0,4.26085
350425.0,4.24514
352084.0,4.23539
353424.0,4.2275
356544.0,4.20917
358687.0,4.19657
361926.0,4.17753
362577.0,4.17371
370202.0,4.1258
373423.0,4.10556
376547.0,4.08592
381711.0,4.05348
383467.0,4.04244
389803.0,4.00264
389906.0,4.00199
396244.0,3.96519
397898.0,3.95546
400000.0,3.9431
428916.0,3.83469
447242.0,3.766
450397.0,3.75588
472897.0,3.68374
493137.0,3.61886
496584.0,3.61011
500000.0,3.60144
507054.0,3.58393
549156.0,3.4999
551060.0,3.4961
551586.0,3.49505
570321.0,3.45766
576538.0,3.44525
596312.0,3.41156
600000.0,3.40528
604232.0,3.39828
632371.0,3.3703
660506.0,3.34233
661853.0,3.34099
665343.0,3.33752
700000.0,3.30307
704906.0,3.29834
704938.0,3.29833
728868.0,3.28903
766295.0,3.2745
799925.0,3.26145
799956.0,3.26144
799975.0,3.26143
800000.0,3.26143
800022.0,3.26143
800044.0,3.26142
800077.0,3.26141
805643.0,3.25932
845492.0,3.25921
853189.0,3.25919
899844.0,3.25908
900000.0,3.25908
926975.0,3.26388
928377.0,3.26413
928479.0,3.26892
928479.0,3.26887
928582.0,3.26889
945865.0,3.27288
972556.0,3.27904
979419.0,3.28063
1000000.0,3.28539
1007980.0,3.28945
1037040.0,3.30424
1056210.0,3.314
1062060.0,3.31698
1071820.0,3.32195
1100000.0,3.3363
1122350.0,3.34408
1126790.0,3.34563
1140720.0,3.35221
1143870.0,3.3537
1183150.0,3.37226
1200000.0,3.38023
1204210.0,3.38264
1247980.0,3.40777
1270480.0,3.4207
1291210.0,3.4326
1300000.0,3.43765
1300000.0,3.43765
1327680.0,3.45254
1358390.0,3.46961
1400000.0,3.49172
1430210.0,3.50771
1479820.0,3.53405
1485830.0,3.53724
1500000.0,3.54476
1525500.0,3.55569
1539260.0,3.56155
1549060.0,3.56572
1589900.0,3.58304
1593240.0,3.58446
1600000.0,3.58728
1640100.0,3.60298
1679800.0,3.61854
1700000.0,3.62647
1711070.0,3.63079
1734530.0,3.63992
1734540.0,3.63994
1737490.0,3.64081
1738120.0,3.64112
1753610.0,3.64873
1759430.0,3.64962
1760040.0,3.65042
1761430.0,3.65096
1786870.0,3.6608
1797070.0,3.66473
1797890.0,3.66718
1798940.0,3.66565
1800000.0,3.66805
1847370.0,3.68488
1900000.0,3.70638
1920410.0,3.71287
1933960.0,3.71881
1975100.0,3.73686
1993460.0,3.74236
2000000.0,3.74419
2069120.0,3.7582
2079160.0,3.76024
2079170.0,3.76025
2134770.0,3.76955
2153630.0,3.77272
2176080.0,3.77648
2205660.0,3.78066
2221220.0,3.78299
2250000.0,3.78731
2265870.0,3.7891
2301710.0,3.79314
2317950.0,3.79498
2354610.0,3.80065
2359300.0,3.80138
2391340.0,3.80642
2395960.0,3.80715
2447450.0,3.81539
2472950.0,3.82061
2473970.0,3.82068
2500000.0,3.82352
2504580.0,3.82308
2528350.0,3.82263
2533140.0,3.82615
2580400.0,3.8266
2657960.0,3.82739
2684090.0,3.82765
2750000.0,3.82835
2756010.0,3.82799
2823950.0,3.82392
2892540.0,3.82315
2927800.0,3.82275
3000000.0,3.82198
3107010.0,3.81614
3139860.0,3.81345
3254580.0,3.80407
3326720.0,3.79822
3498450.0,3.78427
3500000.0,3.78414
3624840.0,3.77225
3768050.0,3.75528
4000000.0,3.7278
4113660.0,3.715
4431070.0,3.67191
4500000.0,3.66255
4563490.0,3.65476
4627870.0,3.64683
5000000.0,3.59307
5070540.0,3.58359
5142080.0,3.57399
5500000.0,3.51957
5538800.0,3.51377
5744560.0,3.48299
5842820.0,3.46863
5991140.0,3.44695
6000000.0,3.44557
6245000.0,3.40649
6500000.0,3.36689
6745370.0,3.32661
7000000.0,3.28579
7049380.0,3.27754
7460820.0,3.20837
7485330.0,3.20425
7500000.0,3.20179
7766040.0,3.1558
7885130.0,3.13521
8000000.0,3.11536
8056430.0,3.10561
8112310.0,3.09592
8149780.0,3.08944
8500000.0,3.02885
8559960.0,3.01834
8769450.0,2.98144
8816590.0,2.97314
9000000.0,2.94354
9126970.0,2.92325
9361110.0,2.88569
9500000.0,2.8634
9524460.0,2.85844
9567010.0,2.85191
9701990.0,2.8312
9713030.0,2.8295
10000000.0,2.78747
10047600.0,2.78061
10059000.0,2.77896
10089100.0,2.77461
10141100.0,2.76711
10171800.0,2.76267
10189300.0,2.76038
10280800.0,2.7484
10284200.0,2.74796
10315400.0,2.74387
10333100.0,2.74155
10429200.0,2.72895
10460900.0,2.7248
10478900.0,2.72245
10500000.0,2.71968
10608500.0,2.70545
10648100.0,2.70025
10758100.0,2.68582
10798400.0,2.68054
10909900.0,2.66591
10950700.0,2.66055
11000000.0,2.65409
11063800.0,2.64585
11071300.0,2.64489
11155200.0,2.63567
11227500.0,2.62773
11312600.0,2.61838
11385900.0,2.61032
11472200.0,2.60084
11500000.0,2.59778
11546500.0,2.59267
11662200.0,2.57994
11709400.0,2.57475
11819300.0,2.56267
11826800.0,2.56185
11874600.0,2.55659
11952900.0,2.54798
11993600.0,2.5435
12000000.0,2.5428
12042200.0,2.53804
12061100.0,2.5359
12076800.0,2.53442
12169300.0,2.52569
12215100.0,2.52136
12231300.0,2.51984
12341000.0,2.50948
12403800.0,2.50355
12454500.0,2.49877
12500000.0,2.49448
12578800.0,2.48704
12676400.0,2.47783
12756300.0,2.47028
12855200.0,2.46094
12936200.0,2.45329
12937400.0,2.45318
12985000.0,2.44869
13000000.0,2.44727
13183400.0,2.43237
13369400.0,2.41725
13500000.0,2.40663
13558000.0,2.40192
13690500.0,2.39115
13749300.0,2.38637
13883600.0,2.37545
13943300.0,2.3706
14000000.0,2.36599
14074600.0,2.35954
14149600.0,2.35417
14197500.0,2.35074
14273200.0,2.34532
14397800.0,2.3364
14474500.0,2.33091
14500000.0,2.32908
14600900.0,2.32184
14678700.0,2.31625
14704600.0,2.3144
14747900.0,2.31129
14885800.0,2.30149
14912000.0,2.29963
14955900.0,2.2965
15000000.0,2.29337
15166900.0,2.28316
15211600.0,2.28042
15373500.0,2.27052
15426200.0,2.26733
15500000.0,2.26289
15590400.0,2.25734
15643900.0,2.25406
15718700.0,2.24947
15748000.0,2.24767
15864600.0,2.24059
15940400.0,2.23598
15970200.0,2.23417
16000000.0,2.23236
16225700.0,2.22117
16419100.0,2.21158
16454600.0,2.20982
16500000.0,2.20757
16686800.0,2.19831
16732800.0,2.19603
16922200.0,2.18664
16968900.0,2.18432
17000000.0,2.18278
17239800.0,2.17378
17483100.0,2.16466
17500000.0,2.16402
17729700.0,2.15543
17746900.0,2.15479
17979900.0,2.14607
17997300.0,2.14542
18000000.0,2.14532
18253900.0,2.13873
18373700.0,2.13563
18500000.0,2.13235
18511500.0,2.13205
18761000.0,2.12538
18772600.0,2.12507
18873700.0,2.12236
19000000.0,2.11899
19140000.0,2.11716
19268100.0,2.11549
19373800.0,2.11412
19500000.0,2.11247
19539900.0,2.1119
19647100.0,2.11036
19775100.0,2.10852
19815600.0,2.10794
19873800.0,2.1071
20000000.0,2.10529
