W,180
E_eV,Sig_b
1e-05,1543.93
1.10304e-05,1470.16
1.11082e-05,1465.33
1.21669e-05,1399.92
1.23386e-05,1390.72
1.34206e-05,1333.04
1.37059e-05,1319.86
1.48034e-05,1269.37
1.5224e-05,1252.6
1.63286e-05,1208.75
1.69111e-05,1188.71
1.80111e-05,1151.03
1.87842e-05,1128.08
1.98669e-05,1096.08
2.08659e-05,1070.5
2.19139e-05,1043.77
2.3177e-05,1015.85
2.41719e-05,993.959
2.57455e-05,963.954
2.66625e-05,946.541
2.85971e-05,914.713
2.94097e-05,901.398
3.17662e-05,867.948
3.244e-05,858.422
3.52847e-05,823.581
3.57825e-05,817.509
3.91949e-05,781.45
3.94694e-05,778.56
4.35362e-05,741.483
4.80221e-05,706.198
4.83608e-05,703.889
5.29701e-05,672.609
5.37174e-05,668.214
5.8428e-05,640.638
6.00883e-05,632.217
6.44482e-05,610.203
6.72147e-05,598.102
7.10888e-05,581.23
7.51862e-05,565.773
7.84136e-05,553.651
8.41032e-05,535.142
8.64931e-05,527.399
9.40778e-05,506.121
9.54051e-05,502.412
0.000105235,478.632
0.000105978,477.076
0.000116078,456.01
0.000119377,450.052
0.000128039,434.476
0.000134477,424.451
0.000141232,413.98
0.000152548,398.792
0.000155784,394.468
0.000171835,375.901
0.000173047,374.687
0.00018954,358.246
0.000197676,351.225
0.00020907,341.437
0.000225822,328.982
0.000230612,325.436
0.000254374,310.215
0.000259782,307.216
0.000280584,295.737
0.000300943,286.015
0.000309494,281.95
0.000341383,268.836
0.000351084,265.383
0.000376558,256.361
0.000412469,245.358
0.000415358,244.477
0.000458155,233.186
0.00048798,226.38
0.000505362,222.43
0.000557433,212.201
0.000585461,207.438
0.000614869,202.463
0.000678223,193.198
0.000712325,188.885
0.000748105,184.38
0.000825188,175.99
0.000885063,170.356
0.000910213,167.999
0.001004,160.405
0.00110745,153.164
0.00113099,151.739
0.00122155,146.284
0.00134742,139.733
0.00148625,133.486
0.00163939,127.559
0.00180831,121.909
0.00199463,116.523
0.00203704,115.464
0.00220016,111.407
0.00242685,106.537
0.00267691,101.895
0.00295273,97.4714
0.00325697,93.2741
0.00359256,89.2751
0.00396272,85.465
0.00437103,81.8346
0.00465558,79.6487
0.00482141,78.3804
0.00531819,75.0994
0.00586616,71.974
0.00647059,68.9964
0.0071373,66.1591
0.00787271,63.4548
0.00844395,61.639
0.00868389,60.8796
0.00957865,58.4326
0.0105656,56.0999
0.0116543,53.8771
0.0128551,51.7601
0.0141796,49.7446
0.0156406,47.8256
0.0172522,45.9965
0.0190298,44.2509
0.0197086,43.6743
0.0209906,42.589
0.0231534,41.0074
0.0252419,39.6769
0.0253,39.6422
0.0279068,38.2029
0.0307823,36.8309
0.033954,35.5245
0.0374525,34.2822
0.0413115,33.0971
0.0455681,31.9637
0.0502633,30.8822
0.0554423,29.8512
0.0611549,28.8682
0.0674561,27.9305
0.0744066,27.0364
0.0820732,26.1862
0.0905297,25.3731
0.0998577,24.5938
0.110147,23.8495
0.121496,23.1384
0.134014,22.4587
0.147823,21.8096
0.149908,21.725
0.163054,21.195
0.179855,20.6026
0.198386,20.0356
0.218827,19.4928
0.241375,18.973
0.266245,18.4746
0.293678,17.9967
0.321685,17.5733
0.35483,17.1311
0.388649,16.7355
0.425713,16.3537
0.466287,15.9851
0.510755,15.6287
0.559435,15.2844
0.612785,14.9507
0.666521,14.6528
0.740347,14.2917
0.81095,13.9874
0.882063,13.7139
0.919926,13.5826
0.952693,13.4717
1.03624,13.217
1.1271,12.9689
1.22594,12.7267
1.33345,12.4901
1.44029,12.2775
1.55562,12.069
1.68026,11.8641
1.81481,11.6627
1.91941,11.5212
1.98787,11.4329
2.14705,11.2477
2.30284,11.0819
2.46993,10.9184
2.63072,10.7728
2.80184,10.6283
2.96333,10.5022
3.15624,10.3601
3.20077,10.3296
3.36155,10.2267
3.58038,10.0965
3.84017,9.95326
4.08996,9.82583
4.35622,9.69914
4.63957,9.57365
4.94161,9.44913
5.22643,9.33966
5.37494,9.28616
5.56639,9.21736
5.88723,9.1102
6.22656,9.00502
6.58545,8.9016
6.62685,8.89022
6.90611,8.81693
7.20255,8.74438
7.4704,8.68429
7.51171,8.67334
7.83415,8.59519
8.22766,8.51041
8.52114,8.45588
8.65446,8.4349
8.82466,8.39874
9.07541,8.35294
9.33329,8.31374
9.54619,8.28905
9.5985,8.27953
9.62723,8.27537
9.80259,8.24992
9.81362,8.24873
9.90681,8.23866
9.93011,8.23615
9.93593,8.23552
9.93812,8.23528
9.9403,8.23505
9.94176,8.23489
9.94248,8.23481
9.94394,8.23465
9.94467,8.23457
9.94612,8.23442
9.94685,8.23434
9.94758,8.23426
9.94831,8.23418
9.94904,8.2341
9.94976,8.23402
9.95049,8.23394
9.95122,8.23387
9.95195,8.23379
9.9534,8.23363
9.95413,8.23355
9.95486,8.23347
9.95632,8.23332
9.95704,8.23324
9.95777,8.23316
9.95923,8.233
9.96068,8.23284
9.96214,8.23269
9.9636,8.23253
9.96505,8.23237
9.96651,8.23221
9.96797,8.23206
9.96942,8.2319
9.97088,8.23174
9.97233,8.23158
9.97379,8.23143
9.97525,8.23127
9.9767,8.23111
9.97816,8.23096
9.97961,8.2308
9.98107,8.23064
9.98253,8.23048
9.98398,8.23033
9.98544,8.23017
9.98689,8.23001
9.98835,8.22985
9.99126,8.22954
9.99272,8.22938
9.99563,8.22907
9.99709,8.22891
10.0,8.2286
10.0011,8.22848
10.0044,8.22812
10.0055,8.228
10.0088,8.22764
10.0105,8.22746
10.0132,8.22728
10.0176,8.22699
10.022,8.2267
10.0287,8.22627
10.0353,8.22584
10.0419,8.2254
10.0507,8.22483
10.0595,8.22425
10.0705,8.22353
10.086,8.22251
10.1058,8.22121
10.1411,8.2189
10.1545,8.21802
10.2234,8.21351
10.2389,8.21326
10.4402,8.1946
10.6622,8.18725
10.8126,8.19059
10.829,8.19185
10.9652,8.19056
11.1199,8.19853
11.2767,8.21751
11.2938,8.22096
11.4358,8.23635
11.5972,8.26889
11.6961,8.29952
11.7608,8.3131
11.8849,8.35279
12.0103,8.40693
12.0285,8.41709
12.1373,8.46704
12.2656,8.54454
12.2842,8.5589
12.3951,8.63293
12.5258,8.74582
12.5448,8.76661
12.6583,8.87628
12.7473,8.9821
12.8115,9.07158
12.8369,9.10371
12.9271,9.23864
12.9922,9.35305
13.018,9.39515
13.1095,9.57201
13.1755,9.72218
13.2017,9.77785
13.2945,10.0121
13.3614,10.2116
13.3879,10.2867
13.4583,10.5186
13.5025,10.6837
13.5294,10.7807
13.6005,11.0724
13.6448,11.2798
13.6722,11.4036
13.7443,11.7752
13.7892,12.0401
13.8164,12.1965
13.8862,12.6591
13.8895,12.6809
13.9626,13.2303
13.9838,13.4142
14.036,13.8612
14.0821,14.3064
14.0855,14.3388
14.1349,14.8605
14.1811,15.4008
14.1843,15.4383
14.2341,16.0776
14.2807,16.7451
14.2842,16.7939
14.3343,17.5866
14.3811,18.4151
14.3844,18.473
14.4349,19.4684
14.4788,20.4434
14.4857,20.5961
14.5365,21.8659
14.5746,22.9276
14.6128,24.0956
14.6514,25.4019
14.6901,26.8463
14.6909,26.8789
14.7287,28.4506
14.7373,28.8445
14.7674,30.2373
14.7759,30.6785
14.8017,32.0112
14.806,32.235
14.8223,33.1811
14.8436,34.4177
14.8456,34.5311
14.8597,35.4417
14.8722,36.2446
14.8758,36.4991
14.8894,37.4461
14.8988,38.1089
14.9023,38.3704
14.9126,39.157
14.9203,39.7476
14.9255,40.1419
14.928,40.3561
14.9358,40.9997
14.9435,41.6441
14.9513,42.2892
14.9513,42.2892
14.9577,42.8746
14.9641,43.4606
14.9706,44.0473
14.977,44.6346
14.9815,45.0851
14.9861,45.536
14.9906,45.9872
14.9951,46.4388
14.9996,46.8908
15.0041,47.3432
15.0054,47.4726
15.0086,47.8296
15.0131,48.3299
15.018,48.8664
15.0216,49.2691
15.0252,49.6722
15.0288,50.0755
15.0325,50.4792
15.0347,50.7306
15.0367,50.9676
15.0408,51.4815
15.0445,51.9266
15.0481,52.3721
15.0521,52.8675
15.0553,53.2641
15.0595,53.7802
15.0602,53.8661
15.0634,54.2959
15.0669,54.769
15.0705,55.2425
15.074,55.7164
15.0776,56.1908
15.0782,56.2771
15.0814,56.7453
15.0853,57.3075
15.0892,57.8704
15.093,58.4337
15.0969,58.9977
15.1008,59.5623
15.1034,59.939
15.1046,60.1444
15.1085,60.7612
15.113,61.4816
15.1175,62.2029
15.1221,62.9252
15.124,63.2351
15.1266,63.6851
15.1317,64.5864
15.1369,65.4889
15.142,66.3929
15.1472,67.2984
15.1536,68.5488
15.1601,69.8017
15.1665,71.0572
15.173,72.3154
15.1794,73.6983
15.1859,75.0843
15.1923,76.4734
15.1987,77.984
15.2065,79.8014
15.2116,81.0166
15.2142,81.6772
15.222,83.6649
15.2297,85.6585
15.231,85.9918
15.2365,87.5353
15.2432,89.4471
15.25,91.3644
15.2503,91.456
15.2568,93.4566
15.2635,95.5633
15.2696,97.4751
15.2703,97.6956
15.2771,100.017
15.2861,103.124
15.289,104.126
15.2929,105.599
15.3019,109.049
15.3096,112.018
15.31,112.18
15.3181,115.606
15.3251,118.556
15.3262,119.088
15.3344,122.83
15.3405,125.695
15.3425,126.666
15.3506,130.765
15.356,133.511
15.3587,135.015
15.3668,139.551
15.3741,143.602
15.375,144.159
15.3831,149.193
15.3895,153.21
15.3916,154.617
15.4009,160.984
15.405,163.832
15.4102,167.74
15.4194,174.819
15.4205,175.611
15.4287,182.587
15.4359,188.734
15.438,190.675
15.4473,199.472
15.4514,203.412
15.4566,208.874
15.4658,218.782
15.4669,219.892
15.4751,229.599
15.4772,232.047
15.4844,241.27
15.4875,245.257
15.4937,253.863
15.4978,259.643
15.4999,262.77
15.5061,272.206
15.5081,275.372
15.5122,282.239
15.5184,292.606
15.5246,303.956
15.5288,311.576
15.5308,315.713
15.537,328.213
15.538,330.312
15.5432,341.69
15.5473,350.862
15.5494,355.849
15.5556,370.927
15.5566,373.461
15.5618,387.28
15.5659,398.429
15.5679,404.532
15.5741,422.996
15.5752,426.103
15.5803,443.163
15.5844,456.942
15.5865,464.542
15.5917,483.71
15.5937,491.444
15.5968,504.123
15.6007,520.111
15.602,525.9
15.6071,549.257
15.6082,553.974
15.6123,574.612
15.6159,592.845
15.6174,601.438
15.6226,630.36
15.6236,636.206
15.6278,661.999
15.6314,684.795
15.6324,692.009
15.637,724.775
15.6391,739.487
15.6417,759.546
15.6442,779.813
15.6463,797.229
15.6494,823.627
15.651,837.826
15.6546,871.308
15.6556,881.613
15.6597,923.277
15.6602,928.894
15.6649,979.997
15.6695,1035.78
15.67,1042.05
15.6742,1096.23
15.6752,1109.94
15.6788,1161.79
15.6803,1184.27
15.6834,1232.9
15.6855,1265.71
15.6881,1309.78
15.6898,1340.12
15.6927,1393.48
15.6942,1420.49
15.6974,1484.35
15.6985,1507.3
15.702,1583.0
15.7028,1601.01
15.7059,1673.11
15.7072,1702.25
15.7098,1769.58
15.7115,1811.44
15.7138,1872.8
15.7158,1929.15
15.7177,1983.17
15.7201,2055.92
15.7216,2101.55
15.7255,2226.61
15.7259,2239.91
15.7294,2362.42
15.7317,2442.46
15.7333,2505.42
15.7375,2664.33
15.7416,2837.41
15.7432,2907.32
15.7457,3020.35
15.7494,3191.47
15.7499,3211.94
15.754,3418.48
15.7556,3501.84
15.7581,3635.85
15.7618,3839.0
15.7643,3983.49
15.768,4202.81
15.7705,4358.01
15.7742,4593.39
15.7767,4759.04
15.7804,5010.04
15.7829,5186.94
15.7886,5603.45
15.789,5634.82
15.7969,6236.3
15.7973,6269.51
15.8055,6939.39
15.8092,7242.95
15.8159,7796.12
15.834,9322.56
15.8365,9521.98
15.8422,9983.5
15.8489,10481.1
15.8505,10603.7
15.8571,11053.2
15.8588,11163.7
15.8653,11553.5
15.867,11648.6
15.8728,11935.1
15.8732,11955.0
15.8802,12234.3
15.8864,12412.6
15.8872,12435.1
15.8926,12531.1
15.8934,12544.4
15.8994,12587.7
15.9002,12586.2
15.9056,12566.4
15.9058,12565.3
15.912,12475.2
15.9132,12445.9
15.9186,12308.8
15.9204,12244.8
15.9252,12073.4
15.9266,12009.6
15.9313,11792.8
15.9338,11659.5
15.9396,11339.3
15.9421,11182.3
15.9479,10807.6
15.9503,10631.2
15.9561,10212.8
15.9586,10019.9
15.9685,9237.71
15.971,9034.68
15.9953,7020.66
15.9998,6660.43
16.0056,6204.59
16.0081,6018.68
16.0138,5588.01
16.0163,5412.26
16.02,5151.09
16.0246,4847.1
16.0262,4737.62
16.0308,4452.53
16.0324,4349.84
16.0369,4083.8
16.0386,3988.06
16.0431,3741.24
16.0448,3652.49
16.0493,3424.69
16.051,3342.85
16.0551,3150.29
16.0555,3132.11
16.0605,2916.85
16.0617,2866.54
16.0658,2701.18
16.0679,2624.08
16.0712,2502.48
16.0741,2403.47
16.0765,2319.86
16.0803,2202.44
16.0808,2186.38
16.085,2062.25
16.0865,2022.31
16.0892,1946.55
16.0931,1848.82
16.0935,1838.43
16.0977,1738.27
16.0996,1694.61
16.1019,1644.93
16.1061,1557.88
16.1063,1555.91
16.1121,1446.91
16.1129,1433.03
16.1171,1360.96
16.1194,1323.37
16.1221,1282.03
16.1261,1224.92
16.1271,1209.51
16.1322,1142.97
16.1327,1136.92
16.1372,1081.96
16.1392,1058.66
16.1422,1025.8
16.147,976.463
16.1472,973.847
16.1539,911.046
16.1547,904.406
16.1606,854.529
16.1625,840.479
16.1661,812.921
16.1702,783.618
16.1723,769.236
16.1779,732.55
16.1784,729.274
16.1846,692.73
16.1857,687.112
16.1908,659.459
16.1929,648.579
16.2011,608.823
16.2094,573.149
16.2114,564.933
16.2176,540.812
16.2218,525.954
16.2259,511.396
16.2321,491.25
16.2352,481.371
16.2424,460.227
16.2455,451.332
16.2527,432.306
16.2558,424.297
16.263,407.101
16.2661,399.886
16.2764,377.687
16.2785,373.57
16.2867,357.52
16.2939,344.47
16.297,338.988
16.3043,327.073
16.3073,322.062
16.3187,304.964
16.3197,303.521
16.3311,288.018
16.3352,282.79
16.3434,272.561
16.3507,264.241
16.3558,258.421
16.3661,247.574
16.3682,245.447
16.3806,233.531
16.3816,232.601
16.3929,222.618
16.4048,212.826
16.4053,212.412
16.4195,201.758
16.428,195.812
16.4355,190.721
16.4497,181.76
16.4515,180.646
16.4674,171.469
16.4713,169.396
16.4834,163.056
16.493,158.386
16.4994,155.302
16.5146,148.482
16.5154,148.144
16.5314,141.594
16.5471,135.541
16.5484,135.06
16.5664,128.752
16.5796,124.442
16.5845,122.885
16.6025,117.5
16.6141,114.24
16.6206,112.488
16.6477,105.647
16.6528,104.448
16.6747,99.5254
16.6915,96.0209
16.6954,95.2373
16.7186,90.8279
16.7302,88.761
16.7418,86.7574
16.765,82.9956
16.7688,82.4052
16.7882,79.5423
16.8075,76.8433
16.8114,76.3209
16.8462,71.9457
16.8591,70.4324
16.8694,69.2659
16.8977,66.2433
16.9106,64.9522
16.9261,63.4578
16.9545,60.8808
16.9622,60.2177
16.9828,58.5105
17.0112,56.294
17.0138,56.1056
17.0537,53.293
17.0738,51.9888
17.0963,50.5793
17.1338,48.4049
17.1415,47.9736
17.1867,45.6317
17.1938,45.2909
17.2319,43.5326
17.2771,41.591
17.2842,41.3073
17.3224,39.8517
17.368,38.2216
17.3755,37.9709
17.4139,36.7453
17.4597,35.3687
17.4668,35.1696
17.5056,34.1212
17.5515,32.952
17.5589,32.7722
17.5976,31.8751
17.6206,31.3671
17.6441,30.8732
17.7061,29.644
17.7441,28.939
17.7681,28.5177
17.8301,27.4987
17.8692,26.8938
17.893,26.546
17.9559,25.6797
17.9944,25.1783
18.0188,24.8775
18.0816,24.1436
18.1213,23.7045
18.1454,23.4543
18.2092,22.8269
18.273,22.23
18.3126,21.8756
18.3367,21.6752
18.4014,21.1628
18.4661,20.6732
18.5057,20.3887
18.5631,20.0053
18.661,19.3916
18.7015,19.1525
18.7594,18.8335
18.8578,18.3222
18.8992,18.1185
18.9576,17.8525
19.0573,17.422
19.1576,17.0109
19.1658,16.9786
19.2587,16.6454
19.3599,16.2997
19.4362,16.0504
19.462,15.9725
19.5647,15.6772
19.6673,15.3941
19.7104,15.2796
19.7713,15.1332
19.8754,14.893
20.0151,14.5849
20.1285,14.3463
20.1558,14.295
20.2974,14.041
20.4401,13.7964
20.5565,13.6051
20.5838,13.5648
20.7285,13.3601
20.8742,13.162
20.9925,13.0072
21.0209,12.9741
21.1687,12.8086
21.3175,12.6478
21.4674,12.4912
21.589,12.368
21.6183,12.342
21.7702,12.2112
21.9998,12.0211
22.2025,11.8602
22.2326,11.8393
22.4675,11.6835
22.7047,11.5324
22.9441,11.3853
22.9944,11.3553
23.1869,11.2579
23.4319,11.1381
23.6793,11.021
23.929,10.9063
23.9815,10.8828
24.1822,10.8076
24.4377,10.7146
24.6957,10.6233
24.9561,10.5334
25.1861,10.4562
25.3082,10.4221
25.576,10.3494
25.8463,10.2775
26.2109,10.183
26.5807,10.0896
26.6377,10.0755
26.9557,10.0107
27.336,9.93503
27.7217,9.86007
28.1128,9.78561
28.3718,9.73723
28.5094,9.71603
28.9116,9.65534
29.3195,9.59497
29.7332,9.5348
30.1526,9.47476
30.578,9.41479
30.6436,9.40568
31.0094,9.36376
31.4469,9.31439
31.8906,9.26505
32.567,9.19111
33.0265,9.1417
33.4925,9.09227
33.965,9.0426
34.0395,9.03487
34.4442,8.99619
35.1765,8.92727
35.6728,8.88132
36.4295,8.81232
36.5749,8.79923
37.0909,8.75324
37.6142,8.7073
38.1448,8.66149
38.683,8.616
39.0923,8.5821
39.5054,8.54857
39.9225,8.51554
39.9891,8.51041
40.3434,8.47546
40.7703,8.43446
41.2012,8.39447
41.4898,8.36859
41.7825,8.34321
41.9998,8.32512
42.0751,8.31635
42.3719,8.28295
42.5946,8.25877
42.8192,8.23533
43.045,8.21285
43.2707,8.19158
43.4958,8.17178
43.4997,8.17128
43.7286,8.1425
43.9586,8.11558
44.1907,8.09079
44.3455,8.07581
44.4206,8.06922
44.5003,8.05832
44.6572,8.03847
44.8142,8.02054
44.9712,8.0048
45.0473,7.99838
45.1281,7.98642
45.2873,7.96584
45.4067,7.95265
45.526,7.94165
45.6454,7.93316
45.6829,7.9314
45.7648,7.92049
45.8858,7.90769
46.0069,7.89875
46.128,7.89427
46.1604,7.89446
46.249,7.8869
46.3701,7.88263
46.4482,7.88359
46.4755,7.88536
46.5613,7.88199
46.6368,7.88348
46.7122,7.88903
46.7877,7.89915
46.7975,7.90113
46.8631,7.90604
46.9386,7.9175
47.014,7.93555
47.0442,7.94599
47.0997,7.95678
47.1855,7.98468
47.2426,8.01049
47.2909,8.03788
47.2998,8.04139
47.3569,8.07152
47.4141,8.11001
47.4573,8.14625
47.4712,8.15542
47.5188,8.19487
47.5664,8.24257
47.6141,8.29948
47.6236,8.31293
47.6617,8.35855
47.7093,8.42718
47.757,8.50892
47.7665,8.52825
47.8046,8.59576
47.8522,8.69707
47.8903,8.79191
47.9094,8.84623
47.9284,8.89437
47.9665,9.00613
48.0046,9.13528
48.0427,9.28404
48.0451,9.29473
48.0808,9.44361
48.1189,9.62766
48.126,9.66758
48.157,9.83147
48.1856,10.0042
48.207,10.1493
48.2141,10.1952
48.2427,10.4018
48.2713,10.6343
48.288,10.787
48.2999,10.8916
48.3284,11.1756
48.3523,11.4435
48.357,11.495
48.3856,11.8471
48.4177,12.3019
48.4237,12.3971
48.4392,12.6379
48.4606,13.0072
48.4713,13.212
48.482,13.4125
48.5035,13.8586
48.519,14.2175
48.5249,14.3529
48.5463,14.8982
48.5666,15.4733
48.5856,16.066
48.6047,16.7255
48.6142,17.0934
48.6237,17.4563
48.6428,18.2696
48.6618,19.1839
48.6809,20.2069
48.6952,21.0636
48.6975,21.2211
48.7094,22.0038
48.7242,23.0806
48.739,24.2821
48.7511,25.3903
48.7537,25.6292
48.7685,27.1477
48.7796,28.4186
48.7906,29.821
48.7928,30.1217
48.8017,31.379
48.8095,32.5913
48.8128,33.1156
48.8239,35.0612
48.8261,35.5033
48.8333,36.9056
48.8386,38.0639
48.8418,38.7617
48.8471,40.0117
48.8504,40.8101
48.8557,42.1928
48.859,43.0765
48.8642,44.6102
48.8676,45.5908
48.8728,47.2965
48.8761,48.3867
48.8792,49.5096
48.8847,51.504
48.8857,51.8894
48.8921,54.5017
48.8933,54.9876
48.8985,57.3665
48.9019,58.8874
48.9049,60.4606
48.9104,63.2572
48.9114,63.7995
48.9171,67.0682
48.919,68.1629
48.9228,70.5766
48.9258,72.47
48.9271,73.3786
48.9314,76.3623
48.9326,77.1943
48.9357,79.5526
48.9394,82.375
48.94,82.8713
48.9442,86.4577
48.9461,88.0579
48.9485,90.2375
48.9528,94.1758
48.9529,94.2857
48.9571,98.472
48.9597,101.113
48.9609,102.42
48.9647,106.616
48.9665,108.59
48.9685,111.022
48.9723,115.617
48.9733,116.77
48.9762,120.526
48.98,125.553
48.9801,125.711
48.9838,131.013
48.9869,135.48
48.989,138.825
48.9933,145.546
48.9934,145.733
48.9976,152.792
48.9995,156.033
49.0019,160.373
49.0056,167.128
49.0062,168.294
49.0104,176.722
49.0116,179.074
49.0157,187.618
49.0177,191.911
49.0209,199.186
49.0238,205.683
49.0262,211.483
49.0309,223.138
49.0314,224.391
49.0373,239.967
49.0381,242.023
49.0432,256.586
49.045,261.694
49.0492,274.558
49.0514,281.298
49.0554,294.548
49.06,309.436
49.0617,315.512
49.0671,334.667
49.0738,359.771
49.0743,361.574
49.08,384.621
49.0838,400.057
49.0857,408.312
49.0914,433.18
49.0933,441.505
49.0971,459.202
49.1028,485.881
49.1057,499.972
49.1124,533.042
49.1147,545.538
49.1214,580.693
49.1255,602.395
49.1316,636.611
49.1415,692.507
49.1419,694.763
49.1522,755.965
49.1644,828.829
49.1659,837.997
49.1865,962.315
49.1948,1013.04
49.2101,1100.41
49.2139,1120.58
49.2253,1180.85
49.2276,1191.71
49.2368,1234.87
49.2406,1250.78
49.2482,1282.28
49.2528,1298.32
49.2596,1322.03
49.2649,1336.77
49.271,1353.26
49.2771,1365.66
49.2802,1371.68
49.287,1380.58
49.2909,1385.28
49.2992,1389.81
49.2999,1390.15
49.3107,1387.39
49.3114,1387.14
49.3206,1377.54
49.3217,1375.63
49.3297,1361.73
49.332,1356.24
49.3411,1333.64
49.3434,1326.42
49.3526,1296.92
49.3549,1288.14
49.364,1252.4
49.3663,1242.43
49.3716,1218.84
49.3777,1189.12
49.3869,1144.04
49.3892,1131.71
49.4006,1069.52
49.4021,1061.16
49.4158,981.202
49.4288,905.136
49.4387,846.661
49.4535,758.658
49.4678,677.282
49.4814,603.921
49.4829,596.094
49.492,549.342
49.4981,519.906
49.5027,497.943
49.5107,461.615
49.5134,450.18
49.52,421.765
49.5248,402.829
49.53,382.126
49.5362,359.181
49.5367,357.428
49.5434,334.189
49.5486,316.93
49.55,312.258
49.5567,291.698
49.5581,287.552
49.5634,272.457
49.5677,260.909
49.571,251.996
49.5772,236.536
49.5774,235.945
49.5838,221.011
49.5867,214.794
49.5903,207.091
49.5962,195.085
49.5967,194.133
49.6031,182.134
49.6058,177.573
49.6096,171.002
49.6153,161.818
49.616,160.681
49.6224,151.157
49.6248,147.874
49.6288,142.352
49.6343,135.407
49.6353,134.214
49.6424,125.942
49.6486,119.335
49.6496,118.336
49.6567,111.433
49.6629,105.921
49.6639,105.088
49.671,99.3319
49.6772,94.7342
49.6781,94.0392
49.6853,89.2356
49.6915,85.3938
49.6924,84.8126
49.6996,80.7886
49.7039,78.5559
49.7067,77.0934
49.7145,73.4399
49.7191,71.4318
49.7234,69.6145
49.7323,66.1633
49.7343,65.4476
49.7412,63.0545
49.7496,60.4066
49.7502,60.2217
49.7591,57.6746
49.768,55.3257
49.7724,54.253
49.777,53.1821
49.7889,50.5998
49.7953,49.3304
49.8008,48.2781
49.8105,46.5507
49.8182,45.3004
49.822,44.6913
49.8334,43.0021
49.8415,41.8907
49.8448,41.4468
49.8601,39.5784
49.8753,37.8675
49.8765,37.7443
49.8905,36.3438
49.9058,34.9397
49.9115,34.4506
49.921,33.6628
49.9382,32.3483
49.9465,31.7579
49.9572,31.0232
49.9763,29.818
49.9815,29.5106
49.9953,28.7291
50.0144,27.7274
50.0287,27.0261
50.0334,26.8014
50.0525,25.9615
50.0715,25.1737
50.0763,24.989
50.093,24.3676
50.1168,23.5403
50.1239,23.3089
50.1406,22.7932
50.1644,22.1054
50.1882,21.4609
50.1954,21.2791
50.212,20.8758
50.2358,20.3339
50.2573,19.8735
50.2596,19.825
50.287,19.3003
50.318,18.7455
50.3489,18.2264
50.3501,18.2076
50.3799,17.7681
50.4109,17.3386
50.4418,16.9337
50.443,16.9189
50.4728,16.5727
50.5037,16.2321
50.5382,15.8727
50.5764,15.5248
50.6144,15.1977
50.6525,14.8888
50.6811,14.6693
50.6907,14.6019
50.7287,14.3468
50.7668,14.1047
50.805,13.8742
50.824,13.7644
50.8478,13.6376
50.8954,13.3978
50.9431,13.1707
50.9669,13.0629
50.9907,12.9628
51.0383,12.7727
51.0859,12.5916
51.1097,12.5051
51.1336,12.4262
51.205,12.203
51.2621,12.0346
51.3193,11.8742
51.3574,11.7719
51.3764,11.7254
51.4336,11.5921
51.5098,11.4236
51.5193,11.4043
51.605,11.2421
51.6622,11.1391
51.7384,11.0076
51.8146,10.8818
51.8908,10.7765
51.967,10.6757
52.0432,10.579
52.1194,10.4859
52.1801,10.4148
52.2337,10.3599
52.3179,10.2777
52.4101,10.1911
52.5023,10.1077
52.5456,10.0698
52.5944,10.0327
52.7327,9.93231
52.871,9.83671
53.0093,9.74524
53.0546,9.71641
53.1495,9.66463
53.2897,9.59121
53.4299,9.52048
53.5702,9.45212
53.5998,9.43814
53.7104,9.39342
53.8519,9.33808
54.0415,9.26651
54.2311,9.19746
54.3559,9.15342
54.4207,9.13423
54.6117,9.0796
54.804,9.02626
54.9962,8.9744
55.1885,8.92388
55.3822,8.87419
55.5089,8.84249
55.6746,8.80735
55.9671,8.74743
56.2624,8.68879
56.559,8.63159
56.8556,8.57598
57.136,8.52482
57.4164,8.47499
57.7202,8.42254
58.0239,8.37181
58.3291,8.32273
58.5345,8.29096
58.7399,8.26037
58.9452,8.23113
59.1225,8.20724
59.152,8.20225
59.3082,8.17715
59.4644,8.15339
59.6206,8.13119
59.7768,8.11084
59.9045,8.09599
59.9277,8.09195
60.0681,8.06983
60.1616,8.05657
60.2552,8.04473
60.3487,8.03451
60.4423,8.02618
60.5358,8.02008
60.6115,8.01726
60.6294,8.01488
60.6963,8.00786
60.7633,8.00267
60.8302,7.99957
60.8971,7.99889
60.9641,8.00101
61.031,8.0064
61.0489,8.00887
61.098,8.00949
61.1482,8.01307
61.2095,8.02146
61.2542,8.03077
61.2988,8.04317
61.3434,8.05911
61.388,8.07267
61.4327,8.0909
61.4773,8.11451
61.5219,8.1444
61.5576,8.16711
61.5933,8.19518
61.629,8.22941
61.6647,8.27073
61.7004,8.32028
61.7361,8.37119
61.7629,8.41668
61.7896,8.46939
61.8164,8.5307
61.8187,8.53517
61.841,8.58744
61.8633,8.64717
61.8856,8.71535
61.9079,8.79315
61.9302,8.88194
61.9324,8.89209
61.9525,8.97571
61.9748,9.08331
61.9949,9.19475
62.0128,9.30729
62.0217,9.3709
62.0306,9.43064
62.0485,9.56719
62.0663,9.72377
62.0842,9.90411
62.0886,9.95533
62.0976,10.0533
62.111,10.2189
62.1243,10.406
62.1359,10.5884
62.1466,10.7761
62.1475,10.7936
62.1574,10.9794
62.1681,11.2067
62.1788,11.4623
62.1895,11.7506
62.2002,12.0769
62.2024,12.1541
62.2109,12.4416
62.2216,12.8559
62.2288,13.1645
62.2359,13.5022
62.243,13.872
62.2517,14.3711
62.2573,14.729
62.2604,14.9281
62.2691,15.5497
62.2778,16.246
62.2865,17.0261
62.2952,17.8997
62.304,18.8776
62.3127,19.9711
62.3185,20.7705
62.3243,21.6307
62.3301,22.5556
62.3381,23.951
62.3448,25.2231
62.3515,26.6018
62.3573,27.8951
62.3582,28.0951
62.3649,29.7162
62.3716,31.4653
62.3783,33.3496
62.3841,35.106
62.3849,35.3774
62.3916,37.5622
62.3983,39.9032
62.4019,41.2386
62.405,42.4104
62.4108,44.7231
62.418,47.7588
62.4251,50.9986
62.4287,52.7232
62.4323,54.4557
62.4394,58.1344
62.4465,62.0848
62.4501,64.0681
62.4599,69.9738
62.4608,70.5127
62.4706,76.8707
62.4733,78.7119
62.48,83.3317
62.4867,88.2433
62.4925,92.5158
62.5001,98.4519
62.505,102.308
62.5151,110.698
62.5219,116.364
62.5301,123.586
62.5443,136.198
62.5454,137.16
62.5615,151.649
62.5758,164.575
62.5786,167.168
62.59,177.001
62.6,185.633
62.6115,194.704
62.6143,196.98
62.6279,206.759
62.6415,215.308
62.6522,221.057
62.6529,221.375
62.6629,225.821
62.6736,229.536
62.6839,231.954
62.6864,232.529
62.6997,233.855
62.7036,233.74
62.7121,233.453
62.7186,232.474
62.7236,231.693
62.7328,229.249
62.7343,228.867
62.745,224.946
62.7471,223.963
62.7557,219.997
62.7614,216.794
62.77,211.951
62.7757,208.169
62.7843,202.457
62.79,198.198
62.7985,191.768
62.8078,184.147
62.8114,181.205
62.82,174.114
62.8328,162.885
62.8499,147.831
62.8711,129.168
62.8714,128.942
62.8879,114.962
62.8946,109.595
62.9024,103.312
62.914,94.5045
62.9256,86.2172
62.9356,79.4904
62.9428,75.0198
62.9463,72.7838
62.957,66.5657
62.9642,62.6917
62.9713,59.032
62.9785,55.5828
62.9856,52.351
62.9945,48.5914
63.0012,45.9687
63.0079,43.5081
63.0142,41.3568
63.0146,41.204
63.0213,39.0616
63.028,37.061
63.0347,35.1952
63.0409,33.5729
63.0414,33.4578
63.0481,31.8526
63.0548,30.3608
63.0624,28.7983
63.0677,27.7875
63.0704,27.2874
63.0784,25.918
63.0865,24.6687
63.0945,23.5291
63.1021,22.5472
63.1025,22.4903
63.1105,21.557
63.1186,20.706
63.1266,19.9296
63.1346,19.2204
63.1351,19.1843
63.1427,18.5831
63.1496,18.0788
63.1565,17.6113
63.1634,17.1773
63.1681,16.9086
63.1738,16.5905
63.1842,16.0697
63.1946,15.6004
63.2049,15.1757
63.2153,14.7896
63.2177,14.71
63.2257,14.4462
63.2361,14.1344
63.2464,13.848
63.2578,13.559
63.2623,13.4554
63.2712,13.2561
63.2846,12.984
63.298,12.7347
63.3114,12.505
63.3247,12.2921
63.3292,12.2268
63.3426,12.0402
63.3605,11.8133
63.3783,11.6049
63.3961,11.4124
63.4185,11.2025
63.4408,11.0107
63.4631,10.8343
63.4854,10.671
63.5077,10.5281
63.53,10.3953
63.5523,10.2711
63.5746,10.156
63.583,10.1159
63.6081,10.0048
63.6416,9.86778
63.6751,9.7418
63.7085,9.62523
63.742,9.51675
63.7442,9.50998
63.7755,9.42425
63.8089,9.3385
63.8424,9.25808
63.887,9.15807
63.9138,9.10232
63.9316,9.06885
63.9763,8.99124
64.0209,8.91885
64.0655,8.85097
64.1102,8.78701
64.1548,8.72649
64.1815,8.69235
64.2195,8.65053
64.2797,8.58889
64.34,8.53116
64.4002,8.47675
64.4805,8.4086
64.5609,8.3447
64.6278,8.29442
64.6412,8.28563
64.7215,8.23592
64.8018,8.18876
64.8992,8.13454
64.9848,8.08942
65.0135,8.07589
65.1279,8.02514
65.2422,7.97698
65.3566,7.93098
65.5281,7.86533
65.6996,7.80299
65.8885,7.73756
65.9016,7.73317
66.0201,7.69469
66.1947,7.63988
66.3694,7.58702
66.6022,7.51912
66.8351,7.45398
67.0696,7.39103
67.3028,7.331
67.3057,7.33014
67.5419,7.2628
67.778,7.19828
68.0133,7.13704
68.0158,7.13625
68.2553,7.06516
68.4948,6.99769
68.7304,6.93525
68.7342,6.93401
68.9147,6.87871
69.0968,6.82587
69.2152,6.79365
69.279,6.77238
69.4611,6.71527
69.6432,6.66229
69.7001,6.64721
69.8254,6.60415
70.0101,6.54605
70.1917,6.49511
70.1948,6.49399
70.3795,6.43337
70.5605,6.38219
70.5642,6.3808
70.6874,6.34011
70.8105,6.30426
70.9201,6.277
70.9261,6.27486
71.0416,6.2388
71.1572,6.20864
71.2728,6.1851
71.275,6.18478
71.3883,6.15672
71.5039,6.13647
71.5117,6.13574
71.6194,6.11488
71.735,6.10328
71.7416,6.10335
71.863,6.09126
71.9483,6.09232
71.9647,6.09419
72.0336,6.09334
72.1189,6.10187
72.1878,6.11736
72.2042,6.11902
72.2895,6.13953
72.3552,6.16561
72.3748,6.17109
72.4503,6.20474
72.5225,6.25181
72.5488,6.26588
72.6472,6.34502
72.6537,6.35197
72.7128,6.40727
72.7784,6.48383
72.8178,6.53986
72.8441,6.57386
72.9097,6.67766
72.9491,6.75226
72.972,6.79322
73.0311,6.91816
73.0705,7.0157
73.0902,7.06246
73.1492,7.22665
73.1853,7.34341
73.2083,7.41545
73.2673,7.63099
73.3231,7.86692
73.3264,7.88052
73.3855,8.16433
73.4363,8.44407
73.4938,8.80758
73.5003,8.84909
73.543,9.15617
73.5856,9.49687
73.625,9.84596
73.6283,9.87529
73.6709,10.2986
73.6906,10.5156
73.7136,10.771
73.7398,11.0955
73.7562,11.2999
73.7759,11.5741
73.8022,11.9425
73.8087,12.046
73.835,12.4628
73.8481,12.6726
73.8547,12.7907
73.8777,13.2063
73.8941,13.505
73.9105,13.8384
73.9269,14.1737
73.9285,14.2074
73.9416,14.5008
73.9564,14.8327
73.958,14.8698
73.9662,15.0721
73.9786,15.3769
73.9909,15.6833
73.9941,15.7654
74.0023,15.9918
74.0122,16.2648
74.022,16.5389
74.0302,16.7683
74.0376,16.9957
74.0425,17.1477
74.0491,17.3509
74.0573,17.6058
74.0614,17.7339
74.0655,17.8747
74.0737,18.1577
74.0819,18.4418
74.0901,18.7271
74.0977,18.9922
74.0983,19.0138
74.1044,19.2479
74.1107,19.4949
74.118,19.7787
74.1262,20.1
74.1303,20.2614
74.134,20.4212
74.1414,20.742
74.1488,21.0642
74.1562,21.388
74.1631,21.6952
74.1639,21.7351
74.1721,22.1359
74.1812,22.5791
74.1886,22.9438
74.1959,23.3103
74.2046,23.7857
74.2132,24.2639
74.2226,24.7911
74.2288,25.1371
74.23,25.2128
74.2374,25.6694
74.2447,26.1286
74.2525,26.6162
74.2534,26.6678
74.2607,27.1708
74.2689,27.7334
74.2771,28.2997
74.278,28.3568
74.2862,28.9753
74.296,29.7233
74.3026,30.2265
74.3059,30.4998
74.3157,31.3267
74.3255,32.1611
74.3272,32.3016
74.3354,33.0658
74.3452,33.9914
74.3518,34.6146
74.3551,34.9548
74.3657,36.0715
74.3744,36.9826
74.3764,37.2016
74.383,37.9685
74.3945,39.3252
74.401,40.1108
74.4059,40.7578
74.4158,42.0674
74.4256,43.3927
74.4355,44.8541
74.4447,46.2353
74.4453,46.342
74.4552,47.962
74.4637,49.3848
74.4648,49.5925
74.4744,51.3506
74.4827,52.8895
74.484,53.1547
74.4936,55.1207
74.5017,56.8092
74.5032,57.1441
74.5134,59.4863
74.5205,61.1405
74.5247,62.2346
74.5323,64.201
74.5392,66.0212
74.5398,66.2116
74.5474,68.4316
74.5549,70.6833
74.5579,71.578
74.5625,73.0869
74.57,75.6035
74.5703,75.7148
74.5779,78.4515
74.5828,80.267
74.5857,81.4355
74.5936,84.6054
74.5953,85.2781
74.6015,88.0281
74.6081,90.9771
74.6094,91.615
74.6172,95.5138
74.6212,97.5028
74.6251,99.6604
74.633,104.063
74.6343,104.813
74.6409,108.887
74.6474,113.051
74.6488,113.949
74.6566,119.454
74.6573,119.924
74.6645,125.438
74.6671,127.491
74.6724,131.881
74.677,135.815
74.6803,138.824
74.6868,144.986
74.6881,146.308
74.696,154.43
74.6967,155.124
74.7039,163.311
74.7065,166.366
74.7117,172.898
74.7154,177.505
74.7196,183.31
74.7242,189.726
74.7275,194.614
74.7331,203.142
74.7354,206.888
74.7419,217.873
74.7432,220.218
74.7508,234.054
74.7511,234.695
74.759,250.506
74.7597,251.861
74.7669,267.73
74.7685,271.436
74.7747,286.436
74.7774,292.925
74.7826,306.743
74.7862,316.5
74.7905,328.772
74.7951,342.341
74.7984,352.686
74.8049,373.92
74.8063,378.433
74.8128,401.583
74.8141,406.467
74.8207,431.511
74.822,436.79
74.8286,463.792
74.8351,492.809
74.8364,498.735
74.8417,523.647
74.8443,536.361
74.8483,556.384
74.8522,576.812
74.8548,591.095
74.8601,620.225
74.8614,627.914
74.8679,667.093
74.8706,683.139
74.8775,727.733
74.8804,747.346
74.8863,788.712
74.8903,816.961
74.8952,854.114
74.9001,892.136
74.904,924.064
74.9099,973.024
74.9129,998.642
74.9195,1057.36
74.9218,1078.09
74.9316,1171.58
74.9325,1180.69
74.9407,1263.24
74.9433,1290.95
74.9527,1392.81
74.954,1407.55
74.9648,1530.77
74.9766,1674.26
74.9806,1723.07
74.9924,1875.07
74.9963,1926.67
75.0068,2068.67
75.0173,2212.87
75.0278,2359.79
75.0593,2804.43
75.0751,3021.24
75.0803,3092.43
75.0908,3228.73
75.096,3295.47
75.1066,3421.41
75.1118,3482.44
75.1223,3594.96
75.1275,3648.77
75.138,3744.98
75.1433,3790.18
75.1538,3867.57
75.159,3903.54
75.1643,3933.11
75.1717,3970.53
75.179,3999.52
75.1842,4016.64
75.1943,4036.19
75.1995,4042.88
75.2076,4042.68
75.2115,4040.85
75.2126,4038.99
75.2273,4006.05
75.2399,3951.71
75.243,3936.13
75.2557,3856.94
75.2588,3835.08
75.2714,3732.38
75.2746,3704.86
75.2871,3581.5
75.2903,3549.07
75.3029,3408.36
75.3061,3371.87
75.3186,3217.38
75.3218,3177.75
75.3344,3011.92
75.3481,2828.42
75.3659,2584.51
75.3901,2253.07
75.4026,2084.82
75.4079,2015.87
75.4247,1802.91
75.4258,1789.87
75.4415,1602.68
75.452,1485.36
75.4553,1450.01
75.4625,1373.96
75.4691,1307.69
75.4743,1256.0
75.4828,1175.99
75.4861,1146.06
75.4966,1055.2
75.4979,1044.13
75.5058,981.289
75.5098,950.655
75.5176,892.328
75.5183,887.657
75.5255,837.73
75.5281,820.432
75.536,769.882
75.538,757.863
75.5439,722.774
75.5478,700.393
75.5518,678.629
75.5577,647.435
75.5596,637.33
75.5675,598.752
75.5754,563.027
75.5773,554.509
75.5833,529.733
75.5872,513.996
75.5911,498.742
75.597,476.96
75.599,469.925
75.6069,443.155
75.6154,416.502
75.6167,412.621
75.6243,391.036
75.6266,384.827
75.6331,367.671
75.6364,359.566
75.642,346.243
75.6462,336.617
75.6508,326.593
75.6561,315.771
75.6597,308.575
75.6659,296.832
75.6686,292.074
75.6774,276.903
75.6791,274.243
75.6863,263.057
75.6922,254.393
75.6951,250.247
75.704,238.47
75.7053,236.828
75.7158,224.267
75.7184,221.334
75.7276,211.481
75.7299,209.177
75.7394,200.026
75.7447,195.295
75.7513,189.646
75.7595,183.019
75.7631,180.228
75.7742,172.115
75.7749,171.654
75.7841,165.576
75.7867,163.908
75.7985,156.818
75.8037,153.83
75.8103,150.289
75.8221,144.238
75.8234,143.599
75.8349,138.285
75.8431,134.691
75.8497,131.949
75.8628,126.768
75.8645,126.153
75.8792,120.913
75.8899,117.342
75.8989,114.478
75.912,110.569
75.9186,108.713
75.9383,103.473
75.9416,102.646
75.958,98.7464
75.9711,95.7892
75.9777,94.3869
75.999,90.069
76.0006,89.7541
76.0219,85.8682
76.0302,84.4514
76.0449,82.0228
76.0597,79.7162
76.0679,78.4925
76.0892,75.4655
76.0909,75.2451
76.1138,72.3058
76.1352,69.6972
76.1368,69.5095
76.1598,66.9969
76.1844,64.423
76.186,64.2622
76.2155,61.5108
76.2336,59.9101
76.2451,58.9537
76.2746,56.6105
76.2828,55.9881
76.3041,54.4656
76.332,52.5605
76.3337,52.4547
76.3632,50.6297
76.3812,49.5587
76.3927,48.9153
76.4272,47.0668
76.4354,46.6465
76.4666,45.1413
76.4895,44.0841
76.5059,43.376
76.5453,41.7548
76.5617,41.1079
76.5847,40.2646
76.6241,38.8798
76.6339,38.5471
76.6634,37.6137
76.7028,36.417
76.7455,35.2595
76.7914,34.0629
76.8012,33.8163
76.8373,32.9854
76.8833,31.9687
76.8997,31.6185
76.9292,31.0365
76.9752,30.1638
76.9981,29.742
77.0211,29.3508
77.09,28.2259
77.0966,28.1233
77.1491,27.3603
77.195,26.7182
77.2081,26.5486
77.2672,25.8144
77.3262,25.1061
77.3853,24.4787
77.4444,23.8718
77.4575,23.7411
77.5034,23.32
77.5625,22.7951
77.5888,22.5691
77.6347,22.2037
77.7069,21.6492
77.72,21.5516
77.7791,21.1499
77.8512,20.6746
77.9037,20.3392
77.9234,20.2252
77.9956,19.8198
78.0875,19.3214
78.1039,19.2402
78.1859,18.8486
78.2712,18.4535
78.2778,18.4256
78.3697,18.0476
78.455,17.7067
78.4616,17.683
78.5534,17.3601
78.6453,17.0459
78.7175,16.8052
78.7372,16.7464
78.875,16.348
78.98,16.0542
78.9931,16.0211
79.1113,15.7316
79.2294,15.45
79.2425,15.4194
79.3475,15.2031
79.4656,14.9658
79.5837,14.7341
79.6428,14.6208
79.7019,14.5219
79.82,14.3285
79.9578,14.1081
80.0563,13.9541
80.0956,13.8997
80.2334,13.7139
80.3712,13.5321
80.4697,13.4054
80.578,13.2809
80.7847,13.05
80.8831,12.943
80.9939,12.8355
81.2079,12.6335
81.422,12.4367
81.4344,12.4256
81.636,12.2668
81.8501,12.1028
82.0642,11.9428
82.2747,11.7894
82.2869,11.7812
82.5097,11.6372
82.7325,11.4975
82.8996,11.3956
82.9553,11.3622
83.1654,11.239
83.3756,11.1204
83.5157,11.0442
83.6558,10.9707
83.7959,10.8999
83.936,10.8323
83.9988,10.8036
84.0761,10.7616
84.221,10.6873
84.366,10.6184
84.4626,10.5759
84.5592,10.5366
84.5786,10.5294
84.6559,10.4911
84.7525,10.4472
84.8491,10.408
84.9264,10.3806
84.9554,10.3718
85.0037,10.3501
85.081,10.3198
85.1583,10.2946
85.2308,10.2764
85.2356,10.2743
85.3129,10.2471
85.3902,10.2277
85.4482,10.219
85.5061,10.2166
85.5158,10.2139
85.5883,10.2041
85.6366,10.2043
85.6849,10.2106
85.6994,10.2146
85.7332,10.2144
85.7815,10.2218
85.8298,10.238
85.8757,10.2626
85.8926,10.2753
85.9192,10.2863
85.9627,10.3146
86.0062,10.3546
86.0376,10.3931
86.0497,10.4031
86.0931,10.4543
86.1366,10.5232
86.1801,10.6124
86.1825,10.6185
86.2176,10.6927
86.249,10.7746
86.2792,10.8687
86.2804,10.8719
86.3118,10.9744
86.3432,11.0974
86.3661,11.2045
86.3746,11.2396
86.406,11.397
86.4374,11.5858
86.4531,11.6973
86.4652,11.7754
86.4893,11.9581
86.5135,12.1692
86.5352,12.3884
86.5376,12.411
86.5618,12.6744
86.5859,12.9813
86.6077,13.3036
86.6101,13.3378
86.6282,13.6334
86.6463,13.9683
86.656,14.172
86.6656,14.3701
86.685,14.8273
86.6995,15.2174
86.7043,15.3631
86.714,15.6488
86.7285,16.1319
86.743,16.6786
86.7574,17.2999
86.7719,18.009
86.7724,18.0361
86.7864,18.8207
86.7961,19.429
86.8084,20.2945
86.8178,21.0408
86.8196,21.1854
86.8309,22.1922
86.8405,23.1672
86.8421,23.3272
86.8533,24.6164
86.8633,25.8995
86.8646,26.0735
86.8721,27.1577
86.8796,28.334
86.8803,28.4576
86.887,29.6208
86.8934,30.8155
86.8945,31.0203
86.902,32.5508
86.9084,33.9701
86.9095,34.2134
86.917,36.0306
86.9197,36.7377
86.9265,38.5847
86.9309,39.8708
86.9352,41.1681
86.9421,43.4202
86.9439,44.0184
86.9526,47.1627
86.9534,47.4495
86.9608,50.4348
86.9613,50.6286
86.9683,53.6994
86.97,54.4455
86.9758,57.2362
86.9787,58.6407
86.9833,61.0632
86.9874,63.2448
86.9908,65.1988
86.9961,68.2894
86.9983,69.6622
87.0048,73.8071
87.0058,74.4726
87.0123,78.9918
87.0135,79.8335
87.0188,83.8125
87.0207,85.2679
87.0253,88.9518
87.028,91.0968
87.0319,94.4519
87.0377,99.513
87.0384,100.199
87.0449,106.403
87.0473,108.714
87.0514,112.959
87.057,118.734
87.0579,119.816
87.0645,127.159
87.0666,129.62
87.071,134.906
87.0763,141.404
87.0782,143.933
87.086,154.115
87.0869,155.467
87.0944,166.022
87.0956,167.832
87.1043,180.956
87.1053,182.424
87.113,194.955
87.1162,200.079
87.1217,209.708
87.127,218.982
87.1319,227.894
87.1379,239.112
87.142,247.137
87.1488,260.44
87.1517,266.425
87.1604,284.481
87.1611,285.995
87.172,309.901
87.1775,322.197
87.1826,333.983
87.1954,363.918
87.1966,366.865
87.2109,401.857
87.2265,440.406
87.2284,445.211
87.25,499.34
87.2578,518.735
87.281,574.346
87.2964,608.979
87.3026,621.748
87.3119,640.775
87.3212,657.804
87.3273,669.04
87.3397,688.398
87.3428,693.162
87.3567,710.656
87.3583,712.555
87.3737,726.773
87.3876,734.719
87.3884,735.136
87.3997,738.04
87.4025,738.051
87.4116,737.79
87.4162,736.296
87.4267,732.621
87.4278,731.845
87.4417,722.075
87.4433,720.52
87.451,712.531
87.4572,705.97
87.4665,693.515
87.4727,684.994
87.4819,669.894
87.4881,659.624
87.4974,642.242
87.5036,630.468
87.5129,611.202
87.519,598.196
87.5283,577.247
87.5422,545.513
87.5438,541.825
87.5623,497.194
87.5932,422.228
87.5957,416.351
87.6145,371.946
87.6333,329.591
87.6454,303.878
87.6474,299.787
87.659,276.459
87.6705,254.307
87.6725,250.819
87.6821,233.515
87.6918,217.251
87.6937,214.025
87.7058,195.197
87.7111,187.423
87.7145,182.527
87.7232,170.625
87.7305,161.267
87.7319,159.415
87.7406,148.958
87.7449,144.045
87.7493,139.183
87.758,130.068
87.7594,128.646
87.7667,121.617
87.7739,115.013
87.7826,107.669
87.7884,103.109
87.7913,100.858
87.8,94.5793
87.8029,92.6345
87.8087,88.8003
87.8174,83.4643
87.8261,78.6001
87.8348,74.0953
87.8353,73.8635
87.8435,70.0025
87.8522,66.2213
87.8532,65.8325
87.8609,62.7884
87.8674,60.3913
87.871,59.1393
87.8747,57.9143
87.8819,55.6206
87.8889,53.5433
87.8892,53.4732
87.8964,51.5047
87.9037,49.6598
87.9068,48.9098
87.9109,47.9516
87.9182,46.3659
87.9247,45.0459
87.929,44.1909
87.9399,42.2453
87.9508,40.4684
87.9515,40.3598
87.9616,38.8908
87.9725,37.4469
87.984,36.0901
87.9967,34.7185
88.0093,33.5137
88.022,32.4085
88.0329,31.5347
88.0347,31.3956
88.0474,30.4962
88.0601,29.6607
88.0691,29.1035
88.0728,28.8904
88.0897,27.97
88.1054,27.1823
88.1066,27.1245
88.1259,26.2742
88.1422,25.6087
88.1537,25.169
88.1585,24.9935
88.1802,24.2582
88.202,23.5759
88.2237,22.9782
88.2455,22.4194
88.2672,21.8941
88.2745,21.7288
88.2889,21.4213
88.3179,20.8459
88.3469,20.3097
88.3759,19.8408
88.4049,19.4009
88.4194,19.1937
88.4339,19.0017
88.4629,18.64
88.4919,18.2978
88.5209,17.9728
88.5281,17.8957
88.5547,17.6373
88.5885,17.3268
88.6223,17.0322
88.6368,16.9121
88.6561,16.7664
88.6899,16.5241
88.7238,16.2929
88.7576,16.0718
88.7817,15.9202
88.7914,15.8655
88.8349,15.6311
88.8784,15.4083
88.9218,15.1959
88.9267,15.1733
88.9653,15.0117
89.0088,14.838
89.0523,14.6715
89.1175,14.4336
89.1199,14.4252
89.1707,14.2691
89.2335,14.0851
89.2963,13.9099
89.3132,13.8647
89.3591,13.7576
89.4219,13.6175
89.4847,13.4833
89.5475,13.3542
89.6031,13.2439
89.6103,13.2313
89.6804,13.1135
89.7577,12.9885
89.7963,12.9284
89.835,12.8757
89.9122,12.7743
89.9895,12.6766
90.0668,12.582
90.1441,12.4903
90.1828,12.446
90.2601,12.371
90.3567,12.281
90.4533,12.1939
90.55,12.1093
90.5693,12.0928
90.6466,12.0361
90.7432,11.9672
90.8882,11.8672
90.9558,11.8221
91.0331,11.7781
91.1635,11.7063
91.294,11.6365
91.4244,11.5685
91.5162,11.5217
91.5549,11.5056
91.6853,11.4528
91.8158,11.4012
92.0114,11.3257
92.1515,11.2729
92.3013,11.2175
92.3762,11.1904
92.526,11.1469
92.7506,11.0835
92.9753,11.0216
93.1999,10.9609
93.2748,10.9411
93.4225,10.9095
93.6439,10.8632
93.8654,10.8176
94.1607,10.7579
94.4561,10.6993
94.7641,10.653
95.0721,10.6075
95.3801,10.5627
95.688,10.5186
96.0255,10.4708
96.363,10.4236
96.7005,10.3892
97.038,10.3552
97.5328,10.306
98.0275,10.2575
98.5113,10.2106
98.9733,10.1662
99.0503,10.1607
99.2428,10.1473
99.2813,10.1448
99.3198,10.1426
99.3487,10.1413
99.3583,10.1411
99.368,10.1436
99.3824,10.1477
99.3968,10.1522
99.4113,10.1571
99.4209,10.1607
99.4305,10.1647
99.4402,10.1691
99.4498,10.1739
99.4546,10.1766
99.4594,10.1837
99.4666,10.1947
99.4738,10.2062
99.4811,10.2181
99.4883,10.2306
99.4955,10.2438
99.5003,10.2529
99.5027,10.2576
99.5099,10.2722
99.5123,10.2773
99.5172,10.2948
99.5244,10.3221
99.5316,10.3504
99.5388,10.3799
99.5436,10.4004
99.5484,10.4214
99.5508,10.4323
99.5532,10.4477
99.5581,10.4792
99.5629,10.5115
99.5677,10.5446
99.5725,10.5786
99.5773,10.6135
99.5797,10.6315
99.5821,10.6545
99.5869,10.7017
99.5925,10.7581
99.599,10.8245
99.6022,10.8589
99.6054,10.9019
99.6118,10.9905
99.6182,11.0816
99.6246,11.1756
99.6278,11.2241
99.631,11.283
99.6375,11.404
99.6439,11.5284
99.6471,11.5925
99.6503,11.6675
99.6567,11.8215
99.6631,11.9797
99.6663,12.061
99.6695,12.1554
99.676,12.349
99.6824,12.5474
99.6856,12.6493
99.6888,12.7665
99.6952,13.0064
99.7016,13.2521
99.7048,13.3779
99.708,13.5184
99.7145,13.8056
99.7177,13.9524
99.7209,14.1122
99.7273,14.4387
99.7305,14.6055
99.7337,14.7862
99.7401,15.1551
99.7433,15.3434
99.7465,15.5467
99.7501,15.7788
99.753,15.9612
99.7562,16.1736
99.7626,16.6301
99.769,17.0996
99.7722,17.351
99.7818,18.1255
99.7915,18.9732
99.7947,19.2628
99.8011,19.8784
99.8075,20.5084
99.8107,20.8421
99.8203,21.8651
99.83,22.967
99.8332,23.3417
99.8396,24.1386
99.8524,25.7671
99.8652,27.5464
99.8717,28.4551
99.8781,29.4171
99.8909,31.3775
99.9037,33.4704
99.9102,34.5364
99.923,36.7672
99.9358,39.0382
99.9423,40.2216
99.9679,45.0259
100.0,51.2224
100.033,57.6089
100.044,59.7093
100.066,63.7524
100.077,65.7321
100.088,67.598
100.11,71.2414
100.132,74.5444
100.154,77.5235
100.176,80.1646
100.198,82.4118
100.209,83.4788
100.22,84.3878
100.242,86.0737
100.254,86.776
100.276,88.0409
100.287,88.555
100.309,89.4846
100.353,90.7286
100.397,91.4453
100.441,91.8284
100.529,92.0544
100.573,92.127
100.617,92.1375
102.126,91.7641
104.292,91.2279
198.669,67.87
199.439,67.6796
199.563,67.6487
199.646,67.6282
199.709,67.6127
199.75,67.6024
199.792,67.5921
199.823,67.5844
199.854,67.5767
199.886,67.569
199.906,67.5638
199.927,67.5587
199.948,67.5535
199.969,67.5484
199.99,67.5432
200.0,67.5407
200.006,67.5393
200.022,67.5352
200.039,67.5311
200.055,67.527
200.071,67.5232
200.072,67.5231
200.088,67.5213
200.105,67.5194
200.121,67.5176
200.132,67.5164
200.143,67.5152
200.154,67.514
200.165,67.5128
200.176,67.5116
200.187,67.5104
200.198,67.5092
200.209,67.5079
200.22,67.5067
200.231,67.5055
200.242,67.5043
200.254,67.5031
200.265,67.5019
200.276,67.5007
200.287,67.4995
200.298,67.4983
200.309,67.4971
200.317,67.4962
200.325,67.4952
200.333,67.4943
200.342,67.4934
200.35,67.4925
200.358,67.4916
200.366,67.4907
200.375,67.4898
200.383,67.4889
200.391,67.488
200.397,67.4874
200.4,67.4871
200.408,67.4862
200.413,67.4856
200.416,67.4853
200.419,67.485
200.424,67.4844
200.43,67.4838
200.441,67.4825
200.529,67.4729
200.705,67.4535
201.411,67.3761
202.822,67.2212
300.35,56.5159
400.0,50.0595
402.822,49.9014
500.0,45.5901
503.527,45.4554
699.831,39.7298
704.768,39.6049
900.0,35.9298
906.349,35.8199
1000.0,34.4854
1014.11,34.2972
1199.76,32.1438
1208.23,32.0535
1307.29,31.2047
1500.0,29.5534
1510.58,29.4696
1799.65,27.6477
1825.04,27.4962
2000.0,26.6164
2028.22,26.4827
2500.0,24.5987
2517.64,24.5328
2999.41,23.1137
3020.57,23.0555
4000.0,21.019
4028.22,20.9642
5000.0,19.5805
5035.27,19.5328
5998.82,18.522
6083.45,18.4367
6998.31,17.6885
7097.04,17.6103
8056.43,16.9811
8170.09,16.9085
9063.49,16.4247
9386.32,16.2538
10070.5,15.9338
10284.2,15.8358
11077.6,15.5267
11634.0,15.3133
12000.0,15.1957
13236.4,14.8112
14196.9,14.5402
14600.3,14.4277
15211.6,14.2889
17119.9,13.8617
17361.5,13.8087
20141.1,13.3017
20425.2,13.2508
22310.4,12.9776
22944.3,12.8869
25176.4,12.6078
25710.4,12.5422
30205.7,12.0672
30417.3,12.0453
35238.4,11.6534
36239.7,11.5734
37207.4,11.5072
40564.3,11.2778
41136.6,11.2392
45634.9,10.9885
48946.1,10.8061
50705.4,10.7294
56169.4,10.4942
61263.7,10.2771
61704.9,10.262
67790.1,10.0564
71971.7,9.9164
74034.7,9.85828
81700.9,9.64353
82853.6,9.61153
93210.3,9.36696
98582.8,9.24074
100000.0,9.20993
102572.0,9.14817
104140.0,9.11051
105000.0,9.10688
110000.0,9.01787
113633.0,8.95236
115000.0,8.92771
116340.0,8.90321
120000.0,8.84927
130000.0,8.69972
135179.0,8.62173
140000.0,8.55973
140988.0,8.54667
148063.0,8.455
150000.0,8.43304
151058.0,8.42076
157880.0,8.34314
160000.0,8.31902
161129.0,8.30638
169222.0,8.21751
170000.0,8.21014
171199.0,8.19864
180000.0,8.11579
182539.0,8.0912
185031.0,8.06734
187726.0,8.04155
190000.0,8.02313
194040.0,7.98953
200000.0,7.94048
202822.0,7.91653
204252.0,7.9045
212183.0,7.85065
220000.0,7.79758
223104.0,7.7767
236317.0,7.68871
247379.0,7.61506
250000.0,7.5976
251764.0,7.58535
253527.0,7.57325
270000.0,7.4922
273809.0,7.47304
288609.0,7.39927
295648.0,7.36419
300000.0,7.3425
302057.0,7.33206
304232.0,7.32534
317226.0,7.2858
320000.0,7.27736
320035.0,7.27724
320071.0,7.27712
320141.0,7.27689
320282.0,7.27642
320564.0,7.27547
336090.0,7.2237
339432.0,7.21264
341906.0,7.20479
343219.0,7.20063
350000.0,7.18554
353973.0,7.17638
365024.0,7.15092
400000.0,7.07094
402822.0,7.06422
408505.0,7.05067
417170.0,7.03718
420000.0,7.03278
422963.0,7.0279
425925.0,7.02303
428930.0,7.01809
431934.0,7.01315
450000.0,6.98383
453174.0,6.97835
456349.0,6.97288
459568.0,6.96741
500000.0,6.92277
503527.0,6.91855
510631.0,6.91005
520000.0,6.89899
531056.0,6.8855
534776.0,6.88096
538548.0,6.87891
542321.0,6.87686
550000.0,6.87268
553852.0,6.87004
553880.0,6.87002
557731.0,6.86749
594000.0,6.84368
600000.0,6.83981
604232.0,6.83733
610000.0,6.83396
614303.0,6.83068
620000.0,6.82633
628747.0,6.81946
630000.0,6.81851
634444.0,6.8176
638888.0,6.81669
643395.0,6.81576
650000.0,6.81441
654585.0,6.81311
659170.0,6.81181
692299.0,6.80321
700000.0,6.80121
704938.0,6.79907
714883.0,6.79476
740347.0,6.79481
750000.0,6.79503
755291.0,6.79453
776752.0,6.79251
800000.0,6.79553
805643.0,6.79556
850000.0,6.79712
861992.0,6.79609
874153.0,6.79929
900000.0,6.80648
919136.0,6.80974
950000.0,6.81542
956701.0,6.81601
976995.0,6.81817
1000000.0,6.81938
1007050.0,6.81346
1011990.0,6.80933
1028420.0,6.82529
1050000.0,6.84143
1057410.0,6.84098
1064810.0,6.84053
1072320.0,6.84007
1088440.0,6.83924
1100000.0,6.84984
1123560.0,6.83519
1144840.0,6.86538
1147220.0,6.86875
1150000.0,6.87266
1158110.0,6.87518
1191510.0,6.88612
1200000.0,6.89278
1216930.0,6.89446
1250000.0,6.90743
1258820.0,6.91137
1267640.0,6.91531
1292760.0,6.92622
1300000.0,6.92936
1309170.0,6.93102
1318340.0,6.93268
1327640.0,6.93437
1700000.0,7.0539
1736150.0,7.05759
1800000.0,7.07375
1812700.0,7.07265
1900000.0,7.0883
1926810.0,7.09016
2000000.0,7.09479
2028220.0,7.09143
2050000.0,7.09034
2100000.0,7.09433
2190140.0,7.08686
2200000.0,7.0864
2215520.0,7.08423
2300000.0,7.07298
2332450.0,7.06487
2500000.0,7.02361
2625700.0,6.97819
2750000.0,6.93328
2788800.0,6.91659
2808470.0,6.90812
2848090.0,6.89107
2929020.0,6.85624
3000000.0,6.82089
3021160.0,6.80988
3217680.0,6.70764
3500000.0,6.55301
3524690.0,6.53994
3599450.0,6.50037
4000000.0,6.27644
4028220.0,6.26168
4260400.0,6.1402
4500000.0,6.01483
4531740.0,5.99869
4563490.0,5.98255
4595680.0,5.96618
4627870.0,5.95082
4660520.0,5.93525
5000000.0,5.77332
5035270.0,5.75702
5178350.0,5.69919
5251410.0,5.66966
5362800.0,5.62464
5500000.0,5.56919
5538800.0,5.55371
5577600.0,5.54065
5696180.0,5.50075
5817010.0,5.46008
5858040.0,5.44628
6000000.0,5.3985
6042320.0,5.38727
6084650.0,5.37603
6467680.0,5.27433
6500000.0,5.26574
6606830.0,5.24465
7000000.0,5.16701
7500000.0,5.10634
7552910.0,5.10272
7605810.0,5.0991
8000000.0,5.07214
8112870.0,5.06919
8170090.0,5.0677
8200000.0,5.06692
8227320.0,5.06628
8343400.0,5.06357
8400000.0,5.06224
8459150.0,5.06119
8459250.0,5.06119
8518510.0,5.06183
8600000.0,5.06271
8660660.0,5.06344
8721330.0,5.06417
8760660.0,5.06464
8800000.0,5.06511
8862080.0,5.06588
9000000.0,5.07088
9063490.0,5.07329
9191360.0,5.07815
9300000.0,5.08228
9365600.0,5.08473
9431210.0,5.08851
9497740.0,5.09234
9600000.0,5.09824
9735440.0,5.10615
10000000.0,5.12162
10141100.0,5.12431
10284200.0,5.12703
10429200.0,5.12979
10500000.0,5.13114
10576400.0,5.1349
10648100.0,5.13843
10725600.0,5.14224
10798400.0,5.14581
10876900.0,5.14968
10900000.0,5.15081
10950700.0,5.15332
11053800.0,5.15843
11105200.0,5.16097
11209700.0,5.16615
11261900.0,5.16873
11367900.0,5.17397
11420800.0,5.17659
11500000.0,5.18051
11662200.0,5.19057
11826800.0,5.20077
11993600.0,5.21112
12000000.0,5.21151
12169300.0,5.2175
12341000.0,5.22358
12500000.0,5.22921
12676400.0,5.23796
12855200.0,5.24684
13000000.0,5.25403
13036600.0,5.25592
13183400.0,5.2635
13220500.0,5.26541
13369400.0,5.2731
13407000.0,5.27505
13500000.0,5.27985
13690500.0,5.29204
13883600.0,5.30441
14000000.0,5.31186
14197500.0,5.32254
14397800.0,5.33337
14500000.0,5.3389
14551100.0,5.34112
14704600.0,5.3478
14912000.0,5.35682
15000000.0,5.36065
15211600.0,5.36755
15426200.0,5.37455
15429000.0,5.37464
15500000.0,5.37696
15718700.0,5.38176
15940400.0,5.38662
16000000.0,5.38793
16225700.0,5.38642
16454600.0,5.38489
16686800.0,5.38334
16922200.0,5.38177
17000000.0,5.38125
17161000.0,5.38036
17239800.0,5.37993
17403100.0,5.37903
17483100.0,5.37859
17648600.0,5.37767
17729700.0,5.37723
17897600.0,5.3763
17979900.0,5.37585
18000000.0,5.37574
18253900.0,5.36344
18511500.0,5.35096
18772600.0,5.33832
19037500.0,5.32549
19306100.0,5.31248
19578400.0,5.29929
19854700.0,5.28591
20000000.0,5.27887
20282200.0,5.25812
20568300.0,5.23709
20858500.0,5.21575
21152800.0,5.19412
21451200.0,5.17218
21753800.0,5.14993
22000000.0,5.13183
22310400.0,5.10662
22625100.0,5.08106
22944300.0,5.05514
23268000.0,5.02885
23596300.0,5.00219
23929200.0,4.97515
24000000.0,4.96941
24268300.0,4.94484
24338600.0,4.93845
24682000.0,4.90724
25030200.0,4.87559
25383300.0,4.84349
25741400.0,4.81095
26000000.0,4.78745
26366800.0,4.75649
26738800.0,4.72511
27116000.0,4.69327
27498600.0,4.66099
27886600.0,4.62826
28000000.0,4.61868
28395000.0,4.58668
28795600.0,4.55422
29201900.0,4.52131
29613900.0,4.48793
30031700.0,4.45408
30455400.0,4.41976
30885000.0,4.38494
31320800.0,4.34964
31762600.0,4.31384
32000000.0,4.29461
32451500.0,4.27391
32909300.0,4.25291
33373600.0,4.23161
33844400.0,4.21002
34000000.0,4.20288
34321900.0,4.19617
34479700.0,4.19288
34806100.0,4.18608
34966100.0,4.18275
35297200.0,4.17585
35459400.0,4.17246
35795200.0,4.16547
35959700.0,4.16204
36300200.0,4.15494
36467000.0,4.15146
36812300.0,4.14427
36981500.0,4.14074
37331700.0,4.13344
37503300.0,4.12987
37858300.0,4.12247
38032400.0,4.11884
38392400.0,4.11133
38568900.0,4.10766
38934100.0,4.10004
39113100.0,4.09631
39483400.0,4.0886
39664900.0,4.08481
40000000.0,4.07783
40040400.0,4.07799
40564300.0,4.08016
40605300.0,4.08033
41136600.0,4.08253
41178200.0,4.0827
41717000.0,4.08493
41759100.0,4.0851
42305500.0,4.08736
42348300.0,4.08754
42902400.0,4.08983
42945700.0,4.09001
43507700.0,4.09233
43551600.0,4.09251
44121500.0,4.09487
44166100.0,4.09505
44744000.0,4.09744
44789200.0,4.09763
45000000.0,4.0985
45421100.0,4.10506
45634900.0,4.10839
46061900.0,4.11505
46278700.0,4.11842
46711700.0,4.12517
46931600.0,4.1286
47370700.0,4.13544
47593700.0,4.13891
48039100.0,4.14585
48265200.0,4.14937
48716800.0,4.15641
48946100.0,4.15998
49404100.0,4.16712
49636700.0,4.17074
50000000.0,4.1764
50101100.0,4.17831
50336900.0,4.18275
50705400.0,4.18968
50808000.0,4.19161
51047100.0,4.19612
51420800.0,4.20315
51524800.0,4.20511
51767300.0,4.20967
52146200.0,4.21681
52251700.0,4.21879
52497600.0,4.22342
52881900.0,4.23066
52988900.0,4.23267
53238300.0,4.23737
53628000.0,4.2447
53736400.0,4.24675
53989400.0,4.25151
54384600.0,4.25895
54494600.0,4.26102
54751100.0,4.26585
55000000.0,4.27053
55263400.0,4.27493
55776000.0,4.28349
56043000.0,4.28795
56562800.0,4.29663
56833700.0,4.30115
57360800.0,4.30996
57635500.0,4.31454
58170100.0,4.32347
58448700.0,4.32812
58990800.0,4.33717
59273300.0,4.34189
59823000.0,4.35107
60000000.0,4.35402
60109500.0,4.35496
60846500.0,4.36129
60957600.0,4.36224
61704900.0,4.36865
61817600.0,4.36962
62575500.0,4.37612
62689700.0,4.3771
63458300.0,4.38369
63574100.0,4.38469
64353600.0,4.39137
64471000.0,4.39238
65261500.0,4.39916
65380600.0,4.40018
66182200.0,4.40706
66303000.0,4.4081
67115900.0,4.41507
67238400.0,4.41612
68062800.0,4.42319
68187000.0,4.42426
69023100.0,4.43143
69149000.0,4.43251
69996800.0,4.43978
70000000.0,4.43981
70124600.0,4.43935
70987600.0,4.4362
71113900.0,4.43574
71989100.0,4.43254
72117200.0,4.43207
73004700.0,4.42882
73134700.0,4.42835
74034700.0,4.42506
74166500.0,4.42458
75079200.0,4.42124
75212800.0,4.42075
76138400.0,4.41737
76274000.0,4.41687
77212600.0,4.41344
77350000.0,4.41294
78301900.0,4.40945
78441300.0,4.40895
79406600.0,4.40542
79548000.0,4.4049
80000000.0,4.40325
80670200.0,4.39439
81128700.0,4.38834
81808400.0,4.37936
82273200.0,4.37322
82962500.0,4.36412
83434000.0,4.35789
84133000.0,4.34866
84611100.0,4.34235
85320000.0,4.33299
85804800.0,4.32658
86523700.0,4.31709
87015300.0,4.31059
87744400.0,4.30097
88243000.0,4.29438
88982300.0,4.28462
89487900.0,4.27794
90000000.0,4.27118
90237600.0,4.26666
91269700.0,4.24707
91510700.0,4.24249
92557400.0,4.22262
92801800.0,4.21798
93863200.0,4.19783
94111100.0,4.19312
95187400.0,4.17268
95438800.0,4.16791
96530400.0,4.14719
96785300.0,4.14235
97892200.0,4.12133
98150700.0,4.11642
99273300.0,4.09511
99535500.0,4.09013
100000000.0,4.08131
100940000.0,4.0607
101411000.0,4.05037
102364000.0,4.02946
102842000.0,4.01898
103808000.0,3.99779
104292000.0,3.98716
105273000.0,3.96567
105764000.0,3.95489
106758000.0,3.93309
107256000.0,3.92216
108264000.0,3.90006
108769000.0,3.88897
109791000.0,3.86655
110304000.0,3.85532
111340000.0,3.83258
111860000.0,3.82118
112911000.0,3.79813
113438000.0,3.78657
114504000.0,3.76319
115000000.0,3.75231
115038000.0,3.75149
116119000.0,3.72844
116622000.0,3.71771
116661000.0,3.71688
117758000.0,3.6935
118268000.0,3.68262
118307000.0,3.68178
119419000.0,3.65807
119936000.0,3.64704
119976000.0,3.64618
121104000.0,3.62214
121628000.0,3.61095
121669000.0,3.61008
122812000.0,3.5857
123344000.0,3.57435
123386000.0,3.57347
124545000.0,3.54875
125085000.0,3.53724
125126000.0,3.53635
126302000.0,3.51127
126849000.0,3.49961
126892000.0,3.4987
128084000.0,3.47327
128639000.0,3.46144
128682000.0,3.46052
129891000.0,3.43473
130000000.0,3.43241
131724000.0,3.4002
131834000.0,3.39813
133582000.0,3.36546
133694000.0,3.36337
135467000.0,3.33024
135580000.0,3.32812
137378000.0,3.29452
137493000.0,3.29237
139316000.0,3.2583
139433000.0,3.25611
141281000.0,3.22156
141400000.0,3.21935
143275000.0,3.18431
143395000.0,3.18206
145296000.0,3.14653
145418000.0,3.14425
147346000.0,3.10821
147469000.0,3.10591
149425000.0,3.06936
149550000.0,3.06702
150000000.0,3.05861
