Cm250,Cm250
E_eV,Sig_b
1e-05,4152.152545
1.03125e-05,4088.796491
1.0625e-05,4028.255846
1.09375e-05,3970.330618
1.125e-05,3914.836041
1.15625e-05,3861.6064696
1.1875e-05,3810.4934566
1.21875e-05,3761.3586663
1.25e-05,3714.0788864
1.28125e-05,3668.5409975
1.3125e-05,3624.6389925
1.34375e-05,3582.2779267
1.375e-05,3541.3689472
1.4375e-05,3463.5921447
1.5e-05,3390.7299352
1.5625e-05,3322.2854801
1.625e-05,3257.8305983
1.6875e-05,3196.9906732
1.75e-05,3139.4415104
1.8125e-05,3084.8953458
1.875e-05,3033.1017139
1.9375e-05,2983.8354268
2e-05,2936.8975729
2.09375e-05,2870.4726088
2.1875e-05,2808.3671535
2.28125e-05,2750.1318508
2.375e-05,2695.3819809
2.46875e-05,2643.7812771
2.5625e-05,2595.0399541
2.65625e-05,2548.904516
2.75e-05,2505.1498147
2.84375e-05,2463.5769389
2.9375e-05,2424.0131833
3.03125e-05,2386.2990372
3.125e-05,2350.2961543
3.21875e-05,2315.8783222
3.3125e-05,2282.9334517
3.40625e-05,2251.3595662
3.5e-05,2221.0627718
3.59375e-05,2191.9602568
3.6875e-05,2163.9753014
3.78125e-05,2137.0392175
3.875e-05,2111.0863987
3.96875e-05,2086.0592996
4.0625e-05,2061.9043866
4.25e-05,2016.016278
4.4375e-05,1973.0697017
4.625e-05,1932.7637997
4.8125e-05,1894.8390746
5e-05,1859.0703881
5.15625e-05,1830.7664274
5.3125e-05,1803.721113
5.46875e-05,1777.8446014
5.625e-05,1753.0550914
5.78125e-05,1729.2778938
5.9375e-05,1706.4463814
6.09375e-05,1684.4989782
6.25e-05,1663.3811399
6.40625e-05,1643.0414033
6.5625e-05,1623.4333262
6.71875e-05,1604.5135076
6.875e-05,1586.2435674
7.1875e-05,1551.5090149
7.5e-05,1518.9702517
7.8125e-05,1488.4051904
8.125e-05,1459.6240511
8.4375e-05,1432.4572807
8.75e-05,1406.7615315
9.0625e-05,1382.4086202
9.375e-05,1359.2844978
9.6875e-05,1337.2892481
0.0001,1316.3350483
0.000103125,1296.3421876
0.00010625,1277.2379977
0.000109375,1258.9599018
0.0001125,1241.4503651
0.000115625,1224.655924
0.00011875,1208.5301562
0.000121875,1193.0286605
0.000125,1178.1130867
0.000128125,1163.7471056
0.00013125,1149.8984385
0.000134375,1136.5368076
0.0001375,1123.6329557
0.00014375,1099.1017329
0.00015,1076.1221627
0.00015625,1054.5368443
0.0001625,1034.2116127
0.00016875,1015.0274473
0.000175,996.8822515
0.00018125,979.6849417
0.0001875,963.3560573
0.00019375,947.8248799
0.0002,933.0285933
0.000209375,912.0908597
0.00021875,892.5158699
0.000228125,874.1620471
0.0002375,856.9075999
0.000246875,840.6468707
0.00025625,825.2882257
0.000265625,810.7512242
0.000275,796.9650077
0.000284375,783.8673901
0.00029375,771.402647
0.000303125,759.5216955
0.0003125,748.1800941
0.000321875,737.3384527
0.00033125,726.9610019
0.000340625,717.0156034
0.00035,707.4729496
0.000359375,698.3068436
0.00036875,689.4929193
0.000378125,681.0093007
0.0003875,672.8358629
0.000396875,664.9541708
0.00040625,657.3473003
0.000425,642.8966375
0.00044375,629.3729159
0.0004625,616.6811907
0.00048125,604.7395405
0.0005,593.476877
0.000515625,584.5650656
0.00053125,576.0497374
0.000546875,567.902435
0.0005625,560.0974017
0.000578125,552.6113813
0.00059375,545.4231584
0.000609375,538.5134081
0.000625,531.8647457
0.000640625,525.461077
0.00065625,519.2877983
0.000671875,513.3313561
0.0006875,507.5792671
0.00071875,496.6436171
0.00075,486.3995071
0.00078125,476.776859
0.0008125,467.715367
0.00084375,459.1625474
0.000875,451.0724884
0.00090625,443.4049795
0.0009375,436.1244414
0.00096875,429.1993358
0.001,422.6017156
0.00103125,416.3065842
0.0010625,410.2914157
0.00109375,404.536145
0.001125,399.0225672
0.00115625,393.73411812
0.0011875,388.65603384
0.00121875,383.77476084
0.00125,379.07764587
0.00128125,374.553636
0.0013125,370.19228852
0.00134375,365.98406095
0.001375,361.92023102
0.0014375,354.1939158
0.0015,346.95600788
0.0015625,340.15691439
0.001625,333.75417421
0.0016875,327.7105577
0.00175,321.9938464
0.0018125,316.5755229
0.001875,311.43041067
0.0019375,306.5363339
0.002,301.87362745
0.00209375,295.27492592
0.0021875,289.10520625
0.00228125,283.31984684
0.002375,277.88049769
0.00246875,272.75398015
0.0025625,267.9115867
0.00265625,263.32776073
0.00275,258.98050646
0.00284375,254.85009876
0.0029375,250.91896307
0.00303125,247.17177536
0.003125,243.59458198
0.00321875,240.1747497
0.0033125,236.90135559
0.00340625,233.76396699
0.0035,230.75347152
0.00359375,227.86162699
0.0036875,225.08083142
0.00378125,222.40405301
0.003875,219.82499011
0.00396875,217.33781119
0.0040625,214.93732486
0.00425,210.37653494
0.0044375,206.10783123
0.004625,202.10125593
0.0048125,198.33094231
0.005,194.77474453
0.00515625,191.96047036
0.0053125,189.27123883
0.00546875,186.69810758
0.005625,184.23288452
0.00578125,181.86833771
0.0059375,179.59765544
0.00609375,177.4149361
0.00625,175.31454827
0.00640625,173.29150061
0.0065625,171.34107191
0.00671875,169.45906107
0.006875,167.64155706
0.0071875,164.18573583
0.0075,160.94788149
0.0078125,157.90582829
0.008125,155.04076125
0.0084375,152.33593606
0.00875,149.77692896
0.0090625,147.35132664
0.009375,145.04770619
0.0096875,142.85633503
0.01,140.76833086
0.0103125,138.77585162
0.010625,136.87179548
0.0109375,135.04985077
0.01125,133.30431601
0.0115625,131.63006983
0.011875,130.02222101
0.0121875,128.47664844
0.0125,126.98925107
0.0128125,125.55672799
0.013125,124.17546833
0.0134375,122.84267129
0.01375,121.55543616
0.014375,119.10750895
0.015,116.81368192
0.015625,114.658111
0.01625,112.62750269
0.016875,110.71015395
0.0175,108.89603215
0.018125,107.17619496
0.01875,105.54276032
0.019375,103.9887064
0.02,102.50780157
0.0206625,101.01171287
0.021325,99.58558243
0.0219875,98.22411887
0.02265,96.92256094
0.0233125,95.67663753
0.023975,94.48245762
0.0246375,93.33654031
0.0253,92.23569475
0.02645782,90.41144169
0.02761563,88.70246871
0.02877344,87.09714277
0.02993125,85.58548127
0.03108907,84.15876192
0.03224688,82.80928272
0.03340469,81.53012186
0.0345625,80.31508773
0.03552735,79.3476377
0.03649219,78.41824761
0.03745704,77.5244768
0.03842188,76.66414471
0.03938673,75.83523081
0.04035157,75.03590462
0.04131641,74.2644357
0.04228125,73.51924363
0.04421094,72.10191853
0.04614063,70.77346659
0.04807032,69.52487547
0.05,68.34837314
0.0515625,67.44389087
0.053125,66.57903894
0.0546875,65.75098659
0.05625,64.95716315
0.0578125,64.19522802
0.059375,63.46311066
0.0609375,62.75889056
0.0625,62.08086728
0.0640625,61.42750043
0.065625,60.79738962
0.0671875,60.1891245
0.06875,59.60143474
0.071875,58.48265994
0.075,57.43237296
0.078125,56.44386206
0.08125,55.51149575
0.084375,54.6301327
0.0875,53.79523173
0.090625,53.00275179
0.09375,52.24913194
0.096875,51.53123138
0.1,50.84623936
0.103125,50.19164523
0.10625,49.56520841
0.109375,48.96492838
0.1125,48.38894466
0.115625,47.835656817
0.11875,47.303524465
0.121875,46.791207251
0.125,46.297484856
0.128125,45.821266997
0.13125,45.361623432
0.134375,44.917703937
0.1375,44.488538264
0.14375,43.670327305
0.15,42.900458846
0.15625,42.174651785
0.1625,41.488945085
0.16875,40.839627786
0.175,40.223459041
0.18125,39.637558107
0.1875,39.079404324
0.19375,38.546687096
0.2,38.037494924
0.2046875,37.670265819
0.209375,37.314958781
0.21875,36.63626991
0.228125,35.995821861
0.2375,35.390592844
0.246875,34.817381035
0.25625,34.273274679
0.265625,33.755721114
0.275,33.262476757
0.284375,32.791550095
0.29375,32.341178671
0.303125,31.909782077
0.3125,31.495947951
0.321875,31.098423966
0.33125,30.716057828
0.340625,30.347840271
0.35,29.992828056
0.359375,29.650170965
0.36875,29.319105797
0.378125,28.998922373
0.3875,28.688979527
0.396875,28.388686105
0.40625,28.097530976
0.415625,27.815167052
0.425,27.541407279
0.44375,27.016049273
0.4625,26.517622977
0.5,25.595338897
0.53125,24.89150249
0.5625,24.236615111
0.59375,23.625710482
0.625,23.053494259
0.6875,22.008216745
0.75,21.07312858
0.8125,20.228069696
0.875,19.4591726
0.9375,18.753418086
1.0,18.100551638
1.0625,17.494721806
1.125,16.930082167
1.1875,16.401827563
1.25,15.906020043
1.3125,15.439322819
1.375,14.998938229
1.5,14.187923811
1.625,13.457668257
1.75,12.797571144
1.875,12.197939334
2.0,11.650771107
2.140625,11.093994384
2.28125,10.591423482
2.398438,10.213147808
2.515625,9.868601857
2.632813,9.555829247
2.75,9.274573936
2.84375,9.072085795
2.925782,8.911102168
3.007813,8.765268582
3.089844,8.634510021
3.171875,8.517559432
3.212891,8.465552734
3.253907,8.417483827
3.294923,8.373381914
3.335938,8.333295203
3.376954,8.297274606
3.417969,8.265383032
3.458985,8.237683693
3.5,8.214248502
3.538086,8.196365667
3.576172,8.18221007
3.614258,8.171810915
3.652344,8.165492766
3.69043,8.163274923
3.709473,8.163706654
3.728516,8.165178489
3.747559,8.16770293
3.766602,8.171289479
3.785645,8.175953037
3.804688,8.181703507
3.825196,8.189124276
3.845704,8.197830594
3.866212,8.207832163
3.886719,8.219155887
3.907227,8.231832273
3.917481,8.238686036
3.927735,8.245886025
3.937989,8.253433491
3.948243,8.261329724
3.958497,8.269577175
3.96875,8.278176952
3.981202,8.28909934
3.993653,8.300548937
4.006104,8.312531306
4.018555,8.325050648
4.031007,8.338114064
4.037233,8.344850031
4.043458,8.351723214
4.049684,8.358735373
4.055909,8.365885749
4.062135,8.373177151
4.06836,8.38060772
4.076417,8.390434206
4.084474,8.400499178
4.092531,8.410803626
4.100587,8.421346728
4.108644,8.432133956
4.1167,8.4431628
4.124757,8.45443683
4.132813,8.465956522
4.14087,8.477725555
4.148927,8.489743217
4.156984,8.502011609
4.16504,8.514531949
4.173097,8.527307131
4.181153,8.540336486
4.18921,8.553624005
4.197266,8.567169969
4.201661,8.574669732
4.206055,8.582244803
4.21045,8.589900341
4.214844,8.597632556
4.219239,8.605444646
4.223633,8.613333783
4.228028,8.62130521
4.232422,8.629353059
4.241211,8.645690974
4.25,8.66235014
4.258057,8.6779056
4.266114,8.693734893
4.274171,8.709840301
4.282227,8.726220942
4.290284,8.742882451
4.298341,8.759826002
4.306398,8.777051913
4.314454,8.794561306
4.322511,8.812359012
4.330568,8.830446212
4.338625,8.848824296
4.346681,8.867493372
4.354738,8.886459583
4.362794,8.905720718
4.370851,8.925284079
4.378907,8.945146404
4.384767,8.959784839
4.390626,8.974583643
4.396486,8.989546288
4.402345,9.004670381
4.414064,9.035411978
4.425782,9.066814114
4.437501,9.098885183
4.44922,9.131631225
4.460939,9.165058209
4.472657,9.199171648
4.480714,9.22303045
4.488771,9.247220712
4.504884,9.296603996
4.520997,9.347345324
4.53711,9.399462899
4.553224,9.452983327
4.569337,9.507919806
4.58545,9.564299244
4.601563,9.622147542
4.614747,9.67059163
4.627931,9.720052998
4.641115,9.770541149
4.654298,9.82206308
4.667482,9.874631797
4.680665,9.928248098
4.693849,9.982933387
4.707032,10.038694564
4.733399,10.153525798
4.759766,10.27287552
4.786133,10.396865848
4.8125,10.525622
4.835938,10.64417819
4.859375,10.766697658
4.882813,10.893283924
4.90625,11.024013398
4.929688,11.159025299
4.953125,11.298406742
4.976563,11.442302948
5.0,11.590821032
5.021311,11.729960457
5.042622,11.873055345
5.063933,12.020210908
5.085244,12.171514164
5.106555,12.327092127
5.127866,12.487050814
5.149177,12.651495239
5.170488,12.820522417
5.21311,13.172816101
5.255732,13.544863999
5.298354,13.937677251
5.340976,14.352297007
5.383598,14.789871426
5.42622,15.251593675
5.468842,15.738755933
5.511463,16.252704385
5.554085,16.794924237
5.596706,17.366954698
5.639328,17.970473999
5.681949,18.607242376
5.724571,19.279178091
5.767193,19.988322417
5.809815,20.736852644
5.852436,21.52708308
5.895058,22.361570067
5.93768,23.242994957
5.980302,24.174261132
6.022923,25.158463995
6.065545,26.199009993
6.108167,27.299502593
6.150789,28.463869301
6.193411,29.696331658
6.236033,31.001464252
6.278655,32.384207713
6.321277,33.849942723
6.363898,35.404460011
6.40652,37.054160386
6.449142,38.8058747
6.491764,40.6671239
6.534385,42.64602898
6.577007,44.75162107
6.619629,46.99363136
6.662251,49.38277117
6.704872,51.93072192
6.747494,54.6505052
6.790116,57.55629272
6.832738,60.66374637
6.875359,63.99008822
6.917981,67.55462058
6.960603,71.37852598
7.003225,75.4854072
7.045846,79.90140733
7.088468,84.65606986
7.13109,89.78206862
7.173712,95.31618788
7.216334,101.29973246
7.258956,107.77925774
7.301578,114.80736978
7.3442,122.44369543
7.386821,130.7557924
7.429443,139.82130955
7.472065,149.72847688
7.514687,160.57878586
7.557308,172.4889696
7.578619,178.88321294
7.59993,185.59482335
7.621241,192.6442531
7.642551,200.05312458
7.663862,207.84582054
7.685173,216.04799378
7.706484,224.6873774
7.727794,233.79390469
7.748137,242.95359382
7.768479,252.60012858
7.788821,262.76751273
7.809163,273.49269029
7.829506,284.81606571
7.849848,296.78027362
7.87019,309.43327925
7.890532,322.82725828
7.910875,337.01961695
7.931217,352.07112182
7.951559,368.04973026
7.971901,385.02795007
7.992244,403.08488978
8.012586,422.30665864
8.032928,442.79676776
8.05327,464.67503001
8.074581,489.23149433
8.095892,515.6264604
8.117203,544.03934737
8.138514,574.6698764
8.159825,607.74367148
8.181136,643.51925994
8.202447,682.29097291
8.223757,724.39304563
8.245068,770.21361899
8.266379,820.1917391
8.28769,874.8352593
8.309001,934.731541
8.330312,1000.5628555
8.351623,1073.1249858
8.372934,1153.351129
8.38359,1196.6766906
8.394245,1242.3413994
8.404901,1290.5233737
8.415556,1341.3994319
8.426212,1395.1796959
8.436867,1452.0774875
8.447523,1512.3463329
8.458178,1576.2411584
8.468834,1644.0684956
8.479489,1716.1375763
8.490145,1792.8203387
8.5008,1874.4946217
8.511456,1961.6132717
8.522111,2054.6456367
8.532767,2154.1499741
8.543422,2260.7162439
8.554077,2375.0340168
8.564732,2497.8741713
8.576356,2642.6299231
8.58798,2799.8539612
8.599604,2971.0217357
8.611228,3157.8316193
8.622852,3362.2436109
8.634476,3586.5312408
8.6461,3833.3400772
8.657724,4105.7746339
8.66838,4381.1494374
8.679035,4684.4142846
8.689691,5019.5260742
8.700346,5391.0305636
8.705674,5592.1323671
8.711002,5804.474311
8.71633,6028.9114811
8.721657,6266.3359666
8.726985,6517.8658803
8.732313,6784.5953313
8.737641,7067.7764452
8.742968,7368.7363547
8.747812,7659.176154
8.752655,7966.8356898
8.757499,8293.2471155
8.762342,8639.8255723
8.767186,9008.4312458
8.772029,9400.81331
8.776873,9819.240992
8.781716,10265.892508
8.78656,10743.566136
8.791403,11254.983147
8.796247,11803.618887
8.80109,12392.897695
8.805934,13027.159002
8.810777,13710.719236
8.81562,14448.862919
8.820463,15247.359624
8.825791,16203.303134
8.831119,17249.898671
8.836447,18398.152321
8.841774,19660.248283
8.847102,21050.629982
8.852429,22584.401901
8.857757,24279.4998
8.863084,26154.38649
8.868412,28230.62108
8.871076,29351.081005
8.87374,30530.309729
8.876404,31771.338546
8.879068,33077.237755
8.881732,34451.117658
8.884395,35895.568505
8.887059,37414.823709
8.889723,39011.463517
8.892387,40688.551225
8.89505,42448.406053
8.897714,44295.205405
8.900378,46230.986475
8.905705,50378.400602
8.911033,54908.789141
8.916361,59832.285995
8.921689,65152.291398
8.927017,70862.924657
8.932345,76947.193981
8.937673,83375.356321
8.943001,90103.567237
8.948328,97071.640687
8.959384,111964.15765
8.970439,126697.90318
8.975967,133678.49066
8.981495,140210.45248
8.987023,146149.2245
8.99255,151355.1231
8.998763,156176.28077
9.001869,158130.56424
9.004975,159758.77538
9.008082,161047.99295
9.011188,161986.70588
9.014294,162567.87351
9.0174,162786.76542
9.022448,162367.2585
9.027496,160999.45844
9.032544,158715.95867
9.037591,155570.19463
9.042639,151630.91328
9.047687,146983.8732
9.052735,141725.68403
9.057782,135961.91624
9.062591,130097.87021
9.0674,123966.66901
9.077018,111265.91684
9.086636,98528.935383
9.091445,92322.61208
9.096254,86299.487684
9.101265,80265.532997
9.106276,74516.537117
9.111287,69080.022654
9.116297,63974.481332
9.121308,59206.523706
9.126319,54778.209894
9.13133,50684.229292
9.13634,46914.897877
9.141351,43454.51604
9.146362,40286.897136
9.151373,37393.332275
9.156383,34754.630531
9.161394,32349.820806
9.166404,30160.170234
9.171415,28165.791837
9.176425,26349.414899
9.18007,25129.803881
9.183714,23989.425618
9.187358,22922.181511
9.191002,21922.705029
9.194646,20985.985678
9.19829,20107.352998
9.201934,19282.506563
9.205578,18507.419981
9.209223,17778.23387
9.212867,17091.931934
9.216511,16445.184846
9.220155,15835.095323
9.223799,15259.040106
9.227443,14714.563957
9.231087,14199.447657
9.234731,13711.641005
9.239742,13082.00184
9.244753,12496.015905
9.249764,11949.734811
9.254774,11439.737226
9.259785,10962.668822
9.264796,10515.8183362
9.269807,10096.6585213
9.274817,9703.0001645
9.279828,9332.6430526
9.284839,8983.8300144
9.28985,8654.9008888
9.29486,8344.4095355
9.299871,8050.8718107
9.304881,7773.1676056
9.314902,7260.6193059
9.324924,6798.8438702
9.334945,6381.3456702
9.344967,6002.4931626
9.354988,5657.6669016
9.36501,5342.7982956
9.375031,5054.5297211
9.385053,4789.8576896
9.395074,4546.2885615
9.403729,4351.1755645
9.412384,4168.875181
9.421039,3998.2696041
9.429693,3838.37954
9.438348,3688.2744998
9.447003,3547.1724088
9.455658,3414.3536984
9.464312,3289.185608
9.472967,3171.0550795
9.481622,3059.450064
9.490277,2953.892516
9.498931,2853.9600953
9.516241,2669.3676837
9.53355,2502.9261687
9.543572,2413.9180041
9.553593,2329.8199969
9.563615,2250.2568118
9.573636,2174.9195195
9.593679,2035.7284007
9.613722,1910.1640445
9.633765,1796.4801864
9.653808,1693.2037883
9.673851,1599.0839328
9.693893,1513.0591205
9.71758,1420.5784655
9.741267,1336.8468099
9.764954,1260.78715349
9.788641,1191.48831166
9.812328,1128.16441149
9.836015,1070.12528919
9.859702,1016.76708907
9.883388,967.57596382
9.912541,912.11381932
9.941694,861.62731992
9.970847,815.53331223
10.0,773.33265065
10.01954,747.01483789
10.03907,722.15875435
10.0586,698.6500897
10.07813,676.39472543
10.09766,655.30323343
10.11719,635.28958596
10.15625,598.17775601
10.19532,564.50033543
10.23438,533.85778826
10.27344,505.89719295
10.3125,480.31310228
10.33936,463.95833148
10.36622,448.52354935
10.39308,433.93908974
10.41993,420.14709749
10.44679,407.08020675
10.47364,394.69614374
10.5005,382.93812356
10.52735,371.77189311
10.58106,351.04221658
10.63477,332.22834987
10.68848,315.09493257
10.74219,299.44186745
10.79591,285.09611963
10.84962,271.91635697
10.90333,259.7734185
10.95704,248.55808493
11.01075,238.17499822
11.06446,228.54114138
11.11817,219.5837483
11.17188,211.2408938
11.22071,204.15029218
11.26954,197.49238441
11.31837,191.211355991
11.3672,185.273494177
11.41603,179.661727517
11.46486,174.354554254
11.51369,169.329552566
11.56251,164.567350859
11.61134,160.047227501
11.66017,155.753291187
11.709,151.670030681
11.75782,147.784014901
11.85548,140.548923213
11.95313,133.958008977
12.02149,129.685036899
12.08985,125.665993242
12.15821,121.880286398
12.22657,118.309257929
12.29493,114.936185546
12.36329,111.745898092
12.43165,108.724763526
12.5,105.860810935
12.60743,101.649486344
12.71485,97.759473839
12.82227,94.156821898
12.92969,90.812341369
13.03712,87.700274365
13.14454,84.798841295
13.25196,82.088099723
13.35938,79.550653404
13.45216,77.486690015
13.54493,75.533781708
13.63771,73.691696412
13.73048,71.931793274
13.82326,70.259058564
13.91603,68.66341562
14.0088,67.147162549
14.10157,65.698924616
14.19435,64.316908688
14.28712,62.99802754
14.37989,61.734432682
14.47266,60.52768118
14.65821,58.260500728
14.84375,56.174184715
15.0,54.542652996
15.10743,53.481950742
15.21485,52.466465005
15.42969,50.561371459
15.64454,48.808068154
15.85938,47.1904220898
16.07423,45.6921372948
16.28907,44.3020120857
16.50391,43.0085467897
16.71875,41.8017768302
16.91407,40.7735194386
17.10938,39.8048259363
17.30469,38.8904710341
17.5,38.0262534974
17.65625,37.3683736277
17.8125,36.7381840323
17.96875,36.1340006203
18.125,35.5559103816
18.4375,34.4655408238
18.75,33.4551461511
19.0625,32.5177465956
19.375,31.6457114738
19.6875,30.8324063589
20.0,30.071615353
20.32227,29.3376981619
20.64454,28.6497230438
20.96681,28.0035940074
21.28907,27.3960815029
21.61134,26.822642937
21.9336,26.2814042203
22.25587,25.7693065238
22.57813,25.2836591366
22.88575,24.8454345166
23.19337,24.4263456319
23.50099,24.0276417093
23.8086,23.6430524408
24.11622,23.2782135978
24.42384,22.9291774439
24.73146,22.5918157483
25.03907,22.2709160495
25.65431,21.6636377698
26.26954,21.103458949
26.57716,20.8367089143
26.88477,20.581466698
27.5,20.0940141898
28.14454,19.6187298415
28.46681,19.3915411896
28.78907,19.1728278552
29.4336,18.7541896598
30.07813,18.3608638922
30.72266,17.9883054294
31.36719,17.636132154
32.01172,17.3016310948
32.65625,16.9825281939
33.24219,16.7055481232
33.82813,16.4393458002
34.41407,16.1827104968
35.0,15.9350683007
35.9375,15.5558282221
36.875,15.1946745747
37.8125,14.8487843069
38.75,14.5155577769
39.6875,14.1929330582
40.625,13.8787577276
41.5625,13.5710283689
42.5,13.267750072
43.4375,12.9669394332
44.375,12.666556653
44.84375,12.5158713125
45.3125,12.3644687447
45.89844,12.1737013647
46.48438,11.9807261056
47.07032,11.7849450733
47.65625,11.5855953824
48.24219,11.3817232522
48.82813,11.1725650965
49.41407,10.9573325328
50.0,10.7347966931
50.48654,10.5434208568
50.97307,10.3452298275
51.45961,10.1394615321
51.70288,10.03353023
51.94614,9.92513200667
52.43268,9.70098060093
52.67595,9.58453654514
52.91921,9.46555237782
53.16248,9.34314603148
53.40575,9.21799888549
53.64902,9.08875129328
53.89228,8.95564495153
54.17396,8.79638321089
54.45564,8.63120562004
54.73732,8.45963711224
55.01899,8.2811765264
55.30067,8.0952627086
55.58234,7.90130501371
55.86402,7.69864990746
56.14569,7.48662226847
56.38896,7.29538216964
56.63223,7.09609673991
56.8755,6.8882539683
56.99713,6.7809658118
57.11876,6.6713406619
57.2404,6.5593083361
57.36203,6.444828052
57.48367,6.3278145322
57.6053,6.2082588958
57.72694,6.0861649587
57.84857,5.9615255468
57.9702,5.8340765215
58.09183,5.7038190167
58.23267,5.5495752259
58.37351,5.3917146107
58.51435,5.2303166542
58.65519,5.0655253525
58.79603,4.897568618
58.93687,4.7267802819
59.07771,4.5536372986
59.21854,4.3788125496
59.35938,4.2031833542
59.4298,4.1154381555
59.50022,4.0279824714
59.57064,3.9410343428
59.64106,3.8548458148
59.71148,3.7697109371
59.7819,3.6859657649
59.85232,3.6040023591
59.92274,3.5242727875
59.99316,3.4473001255
60.06358,3.3736894566
60.134,3.304126872
60.20442,3.2393894696
60.27484,3.1803763587
60.34525,3.1281946701
60.40607,3.0896554897
60.46689,3.0582456175
60.52771,3.0350831793
60.58852,3.0214147031
60.64934,3.0186531428
60.67975,3.0218712565
60.71016,3.0284617636
60.74057,3.0386779897
60.77098,3.0527976622
60.80139,3.0711194105
60.83179,3.0939557606
60.8542,3.1138867527
60.8766,3.1365978008
60.89901,3.1622678309
60.92141,3.1910370467
60.94382,3.2231070763
60.96622,3.2586325243
60.98863,3.2978432212
61.01103,3.3409117727
61.02864,3.3776339635
61.04624,3.4169768542
61.06385,3.4591039796
61.08145,3.5040924259
61.09906,3.5521229295
61.11666,3.6032796471
61.13427,3.6577639767
61.15187,3.7156679353
61.16468,3.7600715709
61.17748,3.8064133302
61.19029,3.8548320059
61.20309,3.9053220163
61.2207,3.9783623745
61.2383,4.0556793637
61.25591,4.1375643698
61.27351,4.2241433812
61.28232,4.2693330298
61.29112,4.3157421367
61.29992,4.3634540443
61.30872,4.4124979752
61.31753,4.462965743
61.32633,4.514774839
61.33513,4.568016376
61.34393,4.622724957
61.35274,4.679000897
61.36154,4.736754575
61.37034,4.796085606
61.37914,4.857033594
61.38795,4.919711753
61.39675,4.984017162
61.40555,5.050063738
61.41435,5.117894182
61.42316,5.187634713
61.43196,5.259172807
61.44076,5.332633181
61.44956,5.408067239
61.45836,5.485522585
61.46716,5.565053323
61.47596,5.646711157
61.48476,5.730552592
61.49357,5.816732445
61.50237,5.905114093
61.51117,5.995853255
61.51997,6.089013435
61.52878,6.184767954
61.53758,6.282964286
61.54638,6.383779251
61.55518,6.487281554
61.56399,6.593667119
61.57279,6.702767716
61.58159,6.814779369
61.59039,6.929782483
61.5992,7.047993083
61.608,7.169229038
61.6256,7.421522795
61.64321,7.687681746
61.66081,7.96818491
61.67842,8.264184387
61.69602,8.5762362
61.71363,8.905644462
61.73123,9.2530552
61.74884,9.619953539
61.76644,10.007091514
61.78405,10.416163264
61.80165,10.848049832
61.81926,11.304686372
61.83686,11.787112938
61.85447,12.297549704
61.87207,12.837221733
61.88968,13.408689223
61.90728,14.013404252
61.92489,14.654327042
61.9425,15.333583728
61.96011,16.053846489
61.97771,16.817550477
61.99532,17.628708984
62.01292,18.48982415
62.03053,19.405587313
62.04813,20.379016644
62.06574,21.415648534
62.08334,22.519153193
62.10095,23.696107078
62.11855,24.950975448
62.13616,26.291599838
62.15376,27.723540569
62.17136,29.255288202
62.18896,30.895443281
62.20657,32.654576491
62.22417,34.541278335
62.24178,36.569479722
62.25938,38.750001286
62.27699,41.100034135
62.29459,43.633389075
62.3122,46.371487466
62.3298,49.332100348
62.34741,52.542279413
62.36501,56.025206014
62.38262,59.815482286
62.40022,63.943820013
62.41783,68.455161937
62.43543,73.390880447
62.44424,76.038365929
62.45304,78.810529128
62.46184,81.718450728
62.47064,84.770981248
62.47945,87.981451504
62.48825,91.353071606
62.49705,94.900722456
62.50585,98.636894779
62.51466,102.579849668
62.52346,106.735507381
62.53226,111.124679155
62.54106,115.765526029
62.54987,120.68382952
62.55867,125.89070017
62.56747,131.41629973
62.57627,137.28828976
62.58508,143.54493248
62.59388,150.20682892
62.60268,157.32003173
62.61148,164.92884337
62.62029,173.09328724
62.62909,181.85189533
62.63789,191.27900182
62.64669,201.44931081
62.6555,212.46130778
62.6643,224.38861658
62.6731,237.35627408
62.6819,251.49464736
62.69071,266.97206562
62.69951,283.92666607
62.70831,302.57434043
62.71711,323.14421094
62.72591,345.89931165
62.73031,358.18892701
62.73471,371.14127861
62.73911,384.80076879
62.74351,399.21480009
62.74791,414.43407516
62.75231,430.51259687
62.75672,447.5472705
62.76112,465.52229486
62.76552,484.53987551
62.76992,504.66871605
62.77432,525.98172031
62.77872,548.55599232
62.78312,572.47273633
62.78752,597.81765683
62.79193,624.74416202
62.79633,653.22495004
62.80073,683.41912939
62.80513,715.43080548
62.80953,749.36888395
62.81393,785.34717071
62.81833,823.48387185
62.82273,863.90169372
62.82714,906.82814837
62.83154,952.20013189
62.83594,1000.24765644
62.84034,1051.10992915
62.84474,1104.92965732
62.84914,1161.85234839
62.85354,1222.02620993
62.85794,1285.60184958
62.86235,1352.88798352
62.86675,1423.73300301
62.87115,1498.43722383
62.87555,1577.15525367
62.87995,1660.0372001
62.88435,1747.2335706
62.88875,1838.8890725
62.89315,1935.1474127
62.89756,2036.3794106
62.90196,2142.2583481
62.90636,2253.129443
62.91076,2369.107601
62.91517,2490.5803418
62.91957,2617.0883406
62.92397,2748.9818154
62.92837,2886.328569
62.93718,3177.9110385
62.94598,3491.3752197
62.95478,3826.9314188
62.96358,4184.1192064
62.97478,4668.6265846
62.98598,5184.0313907
62.99718,5726.4275104
63.00838,6290.6906673
63.04359,8129.8579799
63.0612,9026.1984713
63.07,9451.6879232
63.0788,9855.5881787
63.0875,10228.8487805
63.09619,10571.2087126
63.10488,10878.7777777
63.11357,11147.5737753
63.12255,11380.8448474
63.13153,11565.6113602
63.14051,11699.2311869
63.14948,11779.7552377
63.155,11802.4957178
63.16398,11795.5382161
63.17296,11734.4119108
63.18194,11620.1758678
63.19092,11454.6731936
63.20282,11160.8965713
63.21472,10789.5360122
63.22248,10510.0617263
63.23024,10204.5871409
63.238,9876.2564227
63.24575,9528.8057688
63.25642,9024.6368421
63.26709,8498.5078878
63.28842,7414.6986774
63.30975,6339.3143272
63.32041,5821.4203228
63.33107,5323.5184405
63.33883,4975.9794213
63.34659,4642.4184638
63.35435,4323.8030147
63.3621,4021.2301269
63.36986,3734.3994816
63.37761,3464.3113268
63.38537,3210.3302266
63.39312,2972.9964054
63.39846,2818.8202462
63.40379,2672.4019944
63.40912,2533.2958261
63.41445,2401.3256314
63.41979,2276.0687878
63.42512,2157.7829076
63.43045,2046.001066
63.43578,1940.48625031
63.44112,1840.81513815
63.44645,1747.10763481
63.45178,1658.91841698
63.45711,1575.99277101
63.46245,1497.93177624
63.46778,1424.77623378
63.47311,1356.12282288
63.47844,1291.72893057
63.48378,1231.24403884
63.48911,1174.66174663
63.49444,1121.64033634
63.49977,1071.96249662
63.50511,1025.33551243
63.51044,981.73438192
63.51577,940.87869076
63.5211,902.58752955
63.52644,866.62428624
63.53177,832.96135894
63.5371,801.37613637
63.54243,771.7248111
63.54777,743.82167374
63.5531,717.64452279
63.55843,693.02104956
63.56376,669.84084839
63.56885,648.95715924
63.57394,629.21232672
63.58412,592.83341601
63.5943,560.14480774
63.60448,530.66329738
63.61466,503.9735439
63.62484,479.71896931
63.63502,457.59435826
63.6452,437.33854764
63.65538,418.7278763
63.66556,401.5710447
63.67574,385.70398471
63.68592,370.98552937
63.6961,357.29441268
63.70628,344.52550951
63.71646,332.5878154
63.72664,321.40233649
63.73731,310.41011818
63.74797,300.10782188
63.75864,290.41485382
63.7693,281.295712193
63.77997,272.685753997
63.79063,264.559037911
63.8013,256.862631496
63.81196,249.577363766
63.83329,236.094347608
63.85462,223.901879633
63.87595,212.828831827
63.89728,202.73315757
63.91183,196.345437105
63.92637,190.327972966
63.94091,184.647083625
63.95545,179.276637877
63.97,174.189414504
63.98454,169.371092814
63.99908,164.798831783
64.01362,160.455150616
64.04271,152.388224959
64.07179,145.064521042
64.10088,138.385784497
64.12996,132.278192008
64.1513,128.119154921
64.17263,124.209228207
64.19396,120.526390898
64.21529,117.052162198
64.23662,113.770351395
64.25795,110.666237852
64.27928,107.726470993
64.30061,104.939040299
64.32194,102.293015302
64.34327,99.778445577
64.38593,95.108236434
64.42859,90.86486718
64.47125,86.995013573
64.51391,83.453665733
64.55657,80.202566076
64.59923,77.209044256
64.64189,74.445046128
64.68455,71.88641771
64.72721,69.512218158
64.76987,67.304192741
64.81252,65.246763835
64.85131,63.493828101
64.89009,61.844071084
64.92887,60.288410435
64.96765,58.819156856
65.00644,57.4291290732
65.04522,56.1129548755
65.084,54.8648570454
65.12278,53.6799613979
65.16157,52.5535537581
65.20035,51.482166991
65.23913,50.4617999497
65.27791,49.4890325079
65.35547,47.674043972
65.43303,46.0151235765
65.47569,45.1623045499
65.51835,44.3482787746
65.60367,42.8267436292
65.68899,41.4328615164
65.77431,40.1516229136
65.85963,38.9702683801
65.94495,37.8778405426
66.03027,36.8648940827
66.11558,35.9233497303
66.17376,35.3184375719
66.23193,34.7414472193
66.2901,34.1904606112
66.34827,33.6638376949
66.46462,32.6779697531
66.58096,31.7732310556
66.69731,30.9387252708
66.81365,30.1661851447
66.92999,29.4494674905
67.04633,28.7831013426
67.13165,28.3234417969
67.21697,27.8863348211
67.30229,27.4701667684
67.38761,27.073474497
67.47293,26.6949031689
67.55825,26.3332435498
67.64357,25.9873907089
67.72889,25.656312118
67.89953,25.0348227865
68.07017,24.462168877
68.24081,23.932732541
68.41144,23.441741754
68.5976,22.9450393935
68.78375,22.4845861028
68.9699,22.0564165843
69.15605,21.6571322557
69.3422,21.2837784471
69.52835,20.9340536031
69.7145,20.6064334861
69.90065,20.2971762177
70.07129,20.0285468576
70.24193,19.7733389446
70.41257,19.5305252564
70.58321,19.2991911735
70.75385,19.0784244772
70.92449,18.8674440512
71.09513,18.6655805819
71.26576,18.4721869561
71.4364,18.2866198618
71.60704,18.1083972893
71.77768,17.9370279292
71.94832,17.7720331726
72.2896,17.4596623414
72.63087,17.1683425428
73.00318,16.8716995457
73.37548,16.594444946
73.74778,16.3343009059
74.12008,16.0892452932
74.49239,15.8575718819
74.86469,15.6377820502
75.23699,15.4294891941
75.60929,15.2294975667
75.9816,15.0382791784
76.3539,14.8545078122
76.7262,14.6771141549
77.0985,14.5057865056
77.4708,14.3400593634
77.8431,14.1790061183
78.2154,14.0219122629
78.5877,13.8685372101
79.08411,13.6690315112
79.58051,13.4741345249
80.07692,13.2828706347
80.57332,13.0942932371
81.06973,12.9074944726
81.56613,12.7215956651
82.06253,12.5356980233
82.55893,12.3488837812
83.05534,12.1602716812
83.55174,11.9688062085
84.04814,11.7732822394
84.29634,11.6736663569
84.54454,11.5725776876
84.88582,11.4308846588
85.2271,11.2856089943
85.56838,11.1362147307
85.90965,10.982118512
86.25093,10.8226427908
86.59221,10.657050031
86.93349,10.4845072101
87.10413,10.3953344806
87.27476,10.304072323
87.52297,10.1672608064
87.77117,10.0252329415
88.01937,9.87746599328
88.26757,9.72339203722
88.51578,9.5625777426
88.76398,9.3941096394
88.88808,9.3066513862
89.01218,9.2169544849
89.13628,9.124912456
89.26038,9.0304012231
89.43102,8.8961767103
89.60166,8.7566735857
89.7723,8.6114991404
89.94293,8.4602352808
90.11357,8.3024041337
90.28421,8.1375160479
90.45485,7.965037401
90.62548,7.7844082056
90.77285,7.6213691787
90.92022,7.4513826998
91.06759,7.2740278062
91.14128,7.1824483162
91.21496,7.0888825821
91.28865,6.9932532508
91.36233,6.895540867
91.43602,6.7956819843
91.5097,6.6936698552
91.58339,6.589437649
91.65707,6.4829656421
91.73076,6.3741750313
91.80444,6.2630652119
91.88976,6.1314836995
91.97508,5.9968107715
92.0604,5.8591175348
92.14572,5.7185204312
92.23104,5.5751931427
92.31636,5.4293919976
92.40168,5.2814802799
92.48699,5.1319761363
92.57231,4.9815212094
92.65763,4.8310461293
92.70029,4.7561671384
92.74295,4.681766655
92.78561,4.6080617987
92.82827,4.5352977008
92.87093,4.4637605063
92.91359,4.3937783752
92.95625,4.3257294845
92.99891,4.2600470301
93.04157,4.197232229
93.08423,4.137861323
93.12689,4.082601582
93.16955,4.032229311
93.21997,3.980241395
93.27039,3.938124462
93.32081,3.908016273
93.37122,3.892496699
93.42164,3.894667806
93.47205,3.918297668
93.49726,3.939559999
93.52247,3.967986953
93.54768,4.004316552
93.57288,4.049351011
93.59615,4.09946741
93.61942,4.158592235
93.64269,4.227609735
93.65433,4.266148464
93.66596,4.307500283
93.6776,4.351877498
93.68923,4.39935088
93.70087,4.450156741
93.7125,4.504372354
93.72414,4.562262638
93.73577,4.623912266
93.7474,4.689561028
93.75903,4.759413875
93.77358,4.853055325
93.78812,4.953994304
93.80267,5.062854927
93.81721,5.180009133
93.83176,5.306178162
93.8463,5.441793465
93.86084,5.587591753
93.86811,5.664528059
93.87538,5.744277402
93.88313,5.832501318
93.8938,5.959605214
93.90446,6.093419842
93.91513,6.234554511
93.92579,6.383121986
93.93646,6.539804193
93.94712,6.704732499
93.95779,6.87867325
93.96845,7.061784218
93.97912,7.254925571
93.98978,7.458283383
94.00045,7.672828849
94.01111,7.89878555
94.02178,8.13725051
94.02711,8.261200022
94.03244,8.388492014
94.03778,8.519472902
94.04311,8.653752821
94.04844,8.791679688
94.05377,8.933360627
94.05911,9.079184165
94.06444,9.228724226
94.06977,9.382368337
94.0751,9.540243526
94.08577,9.869523367
94.09643,10.217052771
94.1071,10.584674228
94.11776,10.97298178
94.12843,11.384092976
94.13909,11.818746882
94.14976,12.279391118
94.16042,12.766940783
94.17109,13.284249579
94.18175,13.832461646
94.19242,14.414929789
94.20308,15.033064198
94.21374,15.690232618
94.2244,16.389474675
94.23507,17.134902272
94.24574,17.92963698
94.25641,18.777908651
94.26707,19.683519978
94.27774,20.653453484
94.2884,21.691821836
94.29907,22.807302879
94.30973,24.005438536
94.3204,25.297228081
94.33106,26.690282799
94.34173,28.19876855
94.35239,29.83326514
94.35773,30.70469955
94.36306,31.61243123
94.36839,32.56037102
94.37372,33.55109937
94.37905,34.58736681
94.38438,35.67217386
94.38971,36.80876113
94.39504,38.00064925
94.40038,39.25406947
94.40571,40.56849145
94.41104,41.95071652
94.41637,43.40564557
94.42171,44.94156021
94.42704,46.55851017
94.43237,48.26559719
94.4377,50.0696625
94.44304,51.98179818
94.44837,54.00296411
94.4537,56.14537257
94.45903,58.41856523
94.46437,60.83751486
94.4697,63.40439151
94.47503,66.13568819
94.48036,69.04455717
94.4857,72.15119214
94.49103,75.45933334
94.49636,78.99121479
94.50169,82.76468954
94.50703,86.80687244
94.51236,91.12340402
94.51769,95.74388953
94.52302,100.69229304
94.52836,106.00457088
94.53369,111.68835386
94.53902,117.78266881
94.54435,124.31888102
94.54969,131.34404866
94.55502,138.86751277
94.56035,146.93976206
94.56568,155.60088325
94.57102,164.91133676
94.57635,174.88115359
94.58168,185.57424473
94.58701,197.04054843
94.59235,209.35574764
94.59768,222.52860304
94.60301,236.63838809
94.60834,251.74455259
94.61368,267.94012228
94.61901,285.22858685
94.62434,303.70567238
94.62967,323.43927003
94.63501,344.5404984
94.64034,367.00215522
94.64567,390.93555915
94.651,416.41542221
94.65634,443.56926571
94.66167,472.37158411
94.667,502.94809827
94.67233,535.3747203
94.67767,569.7933738
94.683,606.1500482
94.68833,644.5802658
94.69366,685.1554379
94.699,728.0263892
94.70433,773.0982022
94.70966,820.5109
94.71499,870.321991
94.72033,922.6840002
94.72566,977.4480011
94.73099,1034.7499155
94.73632,1094.6232481
94.74263,1168.8638885
94.74893,1246.6449006
94.75523,1328.0902035
94.76153,1413.1891934
94.76783,1501.9110631
94.77413,1594.2014016
94.78043,1689.9835941
94.78673,1789.1547214
94.7974,1964.4772655
94.80806,2148.1713039
94.81873,2339.562315
94.82939,2537.0451238
94.85073,2945.1179457
94.87206,3357.8057033
94.89048,3705.1406677
94.90889,4031.4337379
94.91956,4206.2283657
94.93023,4367.6446552
94.9409,4513.4952539
94.95156,4641.6418214
94.96241,4752.172353
94.97325,4840.9302069
94.98707,4920.6219749
94.99398,4945.838915
95.00088,4961.0731965
95.003,4963.7442568
95.00513,4965.4741592
95.01204,4964.4967535
95.01894,4953.502697
95.03275,4901.8417085
95.04579,4817.9385945
95.05882,4702.0562944
95.07215,4553.1556187
95.08548,4377.0206003
95.09881,4177.6169167
95.11213,3959.4253256
95.13273,3595.1491648
95.15333,3212.8616356
95.17999,2716.4372452
95.19332,2475.7448764
95.20665,2244.034961
95.21998,2023.6307654
95.22665,1918.1721023
95.23331,1816.3252666
95.23998,1717.9284294
95.24664,1623.387255
95.2533,1532.63483
95.25996,1445.7249611
95.26663,1362.5653309
95.27329,1283.4091784
95.27996,1208.0010601
95.28662,1136.528704
95.29329,1068.7205643
95.29995,1004.7070597
95.30661,944.2962573
95.31327,887.3887391
95.31994,833.7961728
95.3266,783.5604631
95.33327,736.4044639
95.33993,692.33827477
95.3466,651.0943514
95.35326,612.65878967
95.35992,576.82915578
95.36658,543.46702614
95.37325,512.39047043
95.37991,483.5567803
95.38658,456.74661983
95.39324,431.91118978
95.39991,408.85033757
95.40657,387.51251369
95.41324,367.71745892
95.4199,349.41394393
95.42657,332.44138283
95.43323,316.75065678
95.4399,302.20011305
95.44656,288.74432353
95.45323,276.25947845
95.45989,264.70488054
95.46656,253.97261273
95.47322,244.02729868
95.48231,231.58308143
95.4914,220.31118742
95.50049,210.08048545
95.50957,200.78411802
95.51866,192.29754549
95.52775,184.53911457
95.53684,177.42729222
95.54592,170.89670788
95.55501,164.86963951
95.5641,159.29781933
95.57319,154.1319996
95.58227,149.33447427
95.59136,144.85689604
95.60044,140.67613109
95.60953,136.75397373
95.61861,133.07375118
95.63194,128.05499239
95.64527,123.4400009
95.6586,119.17878913
95.67193,115.229090783
95.68526,111.555790611
95.69859,108.129014216
95.71192,104.923337877
95.72524,101.919188694
95.73857,99.093283417
95.7519,96.431579988
95.76523,93.919826376
95.77856,91.545450808
95.79189,89.297351722
95.80522,87.165637741
95.81855,85.141547645
95.83187,83.218500496
95.85853,79.640580401
95.88519,76.384035898
95.91185,73.408067472
95.9385,70.679520657
95.96516,68.167584415
95.99181,65.849683725
96.01847,63.703132666
96.04512,61.711496068
96.06936,60.02058323
96.09359,58.434507673
96.11783,56.94285911
96.14206,55.538768644
96.1663,54.213866256
96.19053,52.962797253
96.21476,51.779241866
96.23899,50.658017459
96.26323,49.59400842
96.28746,48.583901321
96.31169,47.62341066
96.33592,46.70908702
96.36016,45.837415995
96.38439,45.006257308
96.43285,43.454029639
96.45951,42.657315928
96.48617,41.897713088
96.53948,40.480486939
96.5928,39.184470167
96.64611,37.995544167
96.69943,36.900857522
96.75274,35.8902361
96.80605,34.954391896
96.85936,34.085509071
96.89571,33.527943788
96.93206,32.996438933
96.96841,32.4892613246
97.00476,32.0048277967
97.07746,31.0984293927
97.15016,30.2667716582
97.22286,29.5009076962
97.29556,28.7932217563
97.36826,28.137346216
97.44096,27.5278975559
97.49428,27.1077006763
97.54759,26.7084084958
97.60091,26.3283668663
97.65422,25.9663679713
97.70754,25.6210366895
97.76085,25.2913644263
97.81416,24.9762593851
97.86747,24.6747621821
97.9741,24.1091862897
98.08073,23.5885572212
98.18736,23.107687034
98.29398,22.6621785587
98.40061,22.2481563777
98.50724,21.8623716275
98.61387,21.5019705812
98.72049,21.164499846
98.82712,20.8477465515
98.93374,20.5498600571
99.04037,20.2691793384
99.14699,20.0043740942
99.25362,19.754003823
99.36025,19.5166742269
99.46688,19.2911884234
99.5735,19.0766905531
99.68013,18.8724260627
99.78675,18.6776583035
99.89338,18.4916498264
100.0,18.3137789913
100.0974,18.157987379
100.1948,18.0082339854
100.3895,17.7254845658
100.5843,17.4624791518
100.779,17.2174060242
100.9738,16.9882632698
101.1685,16.7729231661
101.3633,16.569829631
101.558,16.3782235143
101.7111,16.2348423577
101.8641,16.0974468611
102.0171,15.9655229997
102.1701,15.8386852534
102.3231,15.7165720045
102.4761,15.5988646369
102.7821,15.3755177894
103.0882,15.16650581
103.3942,14.97020902
103.7002,14.7850752504
104.0062,14.6097953452
104.3401,14.4285133083
104.6739,14.2564743992
105.0078,14.0925109235
105.3416,13.9357827169
105.6755,13.7853848777
106.0093,13.6407159822
106.3431,13.5014405396
106.6769,13.3662571057
107.1221,13.1919704531
107.5672,13.0237215301
108.0123,12.8605363192
108.4574,12.7015800182
108.9026,12.546084678
109.3477,12.3934291335
109.7928,12.2429766414
110.2379,12.0941453704
110.85,11.8911091004
111.462,11.6888099238
112.0741,11.485886266
112.6861,11.2811287467
113.2982,11.0732308953
113.9102,10.8608876488
114.2163,10.752609917
114.5223,10.6426898337
114.8283,10.5309612379
115.1343,10.4172273801
115.6073,10.2368944993
116.0802,10.0504138305
116.5532,9.85679022827
117.0261,9.65509945862
117.2626,9.550870707
117.4991,9.44413937965
117.7356,9.33503437521
117.972,9.22335539585
118.2085,9.10835754805
118.445,8.99013543142
118.6815,8.86853334775
118.9179,8.74338409951
119.224,8.57559991274
119.53,8.40088199796
119.836,8.21856566425
120.142,8.02798482227
120.448,7.82840988478
120.754,7.61903926715
120.907,7.51041170895
121.06,7.399002288
121.213,7.28469130727
121.366,7.16735017007
121.6025,6.97970428886
121.839,6.78400143608
122.0755,6.5797107302
122.3119,6.36637469251
122.4302,6.25603034536
122.5484,6.14333674875
122.6667,6.02806210764
122.7849,5.91028282615
122.9032,5.78964371317
123.0214,5.66627007292
123.1396,5.54004271173
123.2578,5.41093303604
123.4109,5.23935849112
123.5639,5.06293962051
123.7169,4.88154424783
123.8699,4.69520579925
124.0229,4.50404030549
124.1759,4.30827240276
124.3289,4.10826803402
124.4819,3.90459195051
124.628,3.70742641541
124.7011,3.60810307178
124.7741,3.5086741521
124.8472,3.4090557728
124.9202,3.30973973847
124.9932,3.21084866469
125.0662,3.11268266515
125.1393,3.01546045935
125.2123,2.91985505558
125.2854,2.82607868134
125.3584,2.73493244725
125.4315,2.64680348626
125.5045,2.5626808131
125.5775,2.4833364631
125.6505,2.4098354712
125.7097,2.3553727226
125.7688,2.3064169507
125.8279,2.2637331878
125.887,2.2283086616
125.9461,2.2012730033
125.9757,2.191286578
126.0052,2.1839315479
126.0348,2.179354839
126.0643,2.1777938351
126.0939,2.1794657643
126.1234,2.1845995095
126.1417,2.1896362756
126.16,2.1961710948
126.1783,2.2042695687
126.1965,2.2139485858
126.2148,2.2253871743
126.233,2.2385404089
126.2513,2.2536318194
126.2695,2.2705848794
126.2878,2.2896750201
126.306,2.3107883139
126.3243,2.3342551936
126.3425,2.3599255303
126.3608,2.3881897588
126.379,2.4188536084
126.3973,2.452377406
126.4155,2.4885191495
126.4329,2.5258084004
126.4503,2.5658965128
126.4677,2.6089104193
126.485,2.6547104329
126.5042,2.709253187
126.5233,2.767576204
126.5424,2.8301642484
126.5615,2.8972346849
126.5807,2.9694106716
126.5998,3.0461864679
126.6189,3.1281860019
126.638,3.2156864792
126.6572,3.3094831322
126.6763,3.4089123154
126.6954,3.5147741612
126.7145,3.6274187764
126.7337,3.7478639983
126.7433,3.8109219789
126.7528,3.8752521764
126.7624,3.9422623529
126.7719,4.0106102475
126.7815,4.0817929245
126.791,4.1543843207
126.8006,4.2299742027
126.8102,4.3078732392
126.8198,4.3881473316
126.8293,4.469988546
126.8389,4.5551884535
126.8485,4.6429723209
126.8581,4.7334125496
126.8676,4.8256012034
126.8772,4.9215592586
126.8868,5.0204117796
126.9059,5.2260343851
126.925,5.4441562711
126.9441,5.6755324515
126.9633,5.9222909869
126.9824,6.1827298043
127.0015,6.4590239645
127.0206,6.7521704857
127.0398,7.0649134403
127.0589,7.3951547456
127.078,7.7457144747
127.0971,8.1179276515
127.1163,8.5153723641
127.1354,8.9354695181
127.1545,9.3819142029
127.1736,9.8565314504
127.1928,10.3640213691
127.2119,10.9012558514
127.231,11.4731280081
127.2501,12.0821788829
127.2693,12.7346806118
127.2884,13.426869072
127.3076,14.1693335024
127.3267,14.9579697717
127.3459,15.8050451483
127.365,16.7061144923
127.3841,17.670242986
127.4032,18.7027197158
127.4224,19.8153979117
127.4415,21.0031804162
127.4606,22.2788794725
127.4797,23.6504712086
127.4988,25.1269197662
127.5179,26.7182133032
127.537,28.4355889956
127.5561,30.2916570406
127.5753,32.3117178798
127.5944,34.490981339
127.6135,36.858097907
127.6326,39.434267906
127.6518,42.259261998
127.6709,45.332030045
127.6805,46.985520968
127.69,48.699632809
127.6996,50.515506313
127.7091,52.400730862
127.7187,54.400977272
127.7283,56.503455281
127.7379,58.715394995
127.7474,61.019786086
127.757,63.473709542
127.7666,66.063085079
127.7762,68.798392845
127.7857,71.660232471
127.7953,74.721575182
127.8049,77.967320668
127.8145,81.413209153
127.824,85.03740022
127.8336,88.935465425
127.8431,93.047383703
127.8527,97.483646825
127.8622,102.17813363
127.8718,107.259446144
127.8814,112.713314042
127.891,118.577137835
127.9005,124.824397011
127.9101,131.632774284
127.9196,138.911138104
127.9292,146.87000164
127.9387,155.40630316
127.9483,164.77061638
127.9578,174.845019348
127.9674,185.928626438
127.9769,197.884765422
127.9865,211.071011465
127.996,225.326861989
128.0056,241.079813098
128.0151,258.138511772
128.023,273.544045082
128.0308,289.936361521
128.0386,307.59745504
128.0464,326.627246935
128.0543,347.40459245
128.0621,369.516695562
128.0699,393.334991401
128.0777,418.983261556
128.0856,446.958452812
128.0934,476.688867006
128.1012,508.656030703
128.109,543.004905738
128.1169,580.374220734
128.1247,619.971964591
128.1325,662.40974555
128.1403,707.84436558
128.1499,768.1106852
128.1595,833.44717056
128.1691,904.14142518
128.1786,979.64694136
128.1882,1061.81604363
128.1978,1150.13052461
128.2074,1244.81298687
128.2169,1344.96931814
128.2265,1452.86304812
128.2361,1567.59466437
128.2457,1689.23146742
128.2552,1816.417439
128.2648,1951.78821333
128.2743,2092.41845167
128.2839,2241.09499
128.2934,2394.47568431
128.303,2555.46507193
128.3126,2722.07082651
128.3317,3068.22028432
128.3508,3429.69981287
128.3699,3800.3575298
128.389,4172.86813833
128.4081,4538.94683011
128.4272,4889.6264891
128.4463,5215.63209638
128.4655,5509.21365272
128.4751,5640.40681876
128.4846,5758.65371261
128.4971,5895.17649182
128.5096,6008.37106137
128.5221,6096.71310325
128.5345,6158.62600053
128.55,6198.80606253
128.5539,6202.31204287
128.5665,6195.43874455
128.5791,6160.96749175
128.5917,6099.49419413
128.6043,6012.00326626
128.6169,5899.84442731
128.6295,5764.69330055
128.6421,5608.51511276
128.6547,5433.51289362
128.6677,5235.75618895
128.6807,5023.27710856
128.7067,4565.5848704
128.7587,3597.20839164
128.7765,3272.07835123
128.7942,2960.50790903
128.812,2662.86286694
128.8209,2520.89634122
128.8297,2385.40520302
128.8427,2194.57786219
128.8557,2015.30277733
128.8687,1847.85435085
128.8817,1692.29778263
128.8882,1618.9523572
128.8947,1548.52657029
128.9012,1480.98202131
128.9077,1416.27520956
128.9142,1354.35443429
128.9207,1295.15919464
128.9272,1238.6258897
128.9337,1184.6876185
128.9403,1132.49787045
128.9468,1083.56206413
128.9533,1036.99118839
128.9598,992.70444212
128.9663,950.61942419
128.9728,910.652933501
128.9793,872.721068906
128.9858,836.740029289
128.9923,802.626513537
128.9988,770.29802055
129.0053,739.673009247
129.0118,710.67118857
129.0183,683.214457485
129.0248,657.226034985
129.0313,632.631610094
129.0378,609.358851866
129.0491,571.840425156
129.0603,538.045054921
129.0715,507.307442892
129.0827,479.33349527
129.094,453.635066046
129.1052,430.417057308
129.1164,409.21469338
129.1276,389.822741645
129.1389,371.903618025
129.1501,355.606033991
129.1613,340.614525766
129.1725,326.794801662
129.1838,313.917548968
129.195,302.103078867
129.2062,291.138168862
129.2174,280.938457911
129.2305,269.879798392
129.2435,259.73615951
129.2565,250.330249218
129.2695,241.584616571
129.2825,233.431400746
129.2955,225.811701031
129.3085,218.673736806
129.3215,211.97255753
129.3346,205.621232248
129.3476,199.68170154
129.3606,194.073084527
129.3736,188.768150889
129.3866,183.74246034
129.3996,178.974432628
129.4256,170.135354837
129.441,165.294767137
129.4564,160.718452297
129.4718,156.38563008
129.4871,152.303480524
129.5178,144.717057599
129.5485,137.844572234
129.5793,131.572493196
129.61,125.863149998
129.6407,120.629606718
129.6714,115.816372749
129.6975,112.019437374
129.7235,108.480202591
129.7495,105.161751026
129.7755,102.044729475
129.8015,99.1119657538
129.8275,96.3481967014
129.8535,93.7397641738
129.8795,91.2744350428
129.9056,88.9324571196
129.9316,86.7218394535
129.9576,84.6243988733
129.9836,82.6319902953
130.0096,80.737248644
130.0356,78.9334458508
130.0876,75.5746495957
130.1397,72.5069030511
130.1917,69.7056799487
130.2437,67.1341419349
130.2957,64.7661687532
130.3478,62.5753441553
130.3998,60.5507780186
130.4518,58.6714471502
130.5038,56.9228494125
130.5464,55.5788317355
130.589,54.3077836787
130.6316,53.1040751897
130.6741,51.9652332398
130.7167,50.8812607492
130.7592,49.8530837151
130.8018,48.8720800703
130.8443,47.9394368151
130.8869,47.0476768925
130.9295,46.1962082925
131.0146,44.6059129828
131.0997,43.1482887132
131.1848,41.8079143502
131.2369,41.0394136282
131.2889,40.3085611887
131.3409,39.6113930021
131.3929,38.9457080496
131.497,37.6995917745
131.601,36.558201259
131.7051,35.5071513919
131.8091,34.5380561014
131.9132,33.6401685072
132.0172,32.8075297589
132.1402,31.8968319163
132.2632,31.0575104486
132.3862,30.2816090961
132.5091,29.562961412
132.6321,28.8946404489
132.755,28.2723532737
132.878,27.6900521467
133.0009,27.144556044
133.105,26.7085356507
133.209,26.2949480908
133.3131,25.9013950505
133.4171,25.5271225229
133.5212,25.1700608963
133.6252,24.8296344652
133.7292,24.5043646213
133.8332,24.1932197581
133.9373,23.8949927689
134.0413,23.6093742504
134.2494,23.071752403
134.4575,22.5747819833
134.6655,22.1139013646
134.8736,21.6845979235
135.0817,21.2836250419
135.2898,20.9079538044
135.4979,20.5549367983
135.706,20.2223027128
135.9141,19.9080016392
136.1222,19.6102928706
136.3303,19.3277921025
136.4816,19.1313443425
136.6897,18.8718562382
136.8978,18.6232780189
137.1059,18.3850091858
137.314,18.156249039
137.5221,17.9361347784
137.7302,17.7238596044
137.9383,17.5187323186
138.1463,17.3201571229
138.3544,17.1273174208
138.5625,16.9397562159
138.7706,16.7569179129
138.9786,16.5783711172
139.1867,16.4034748363
139.3948,16.2318444779
139.6029,16.0630370512
139.8109,15.896683366
140.1136,15.65797315
140.3406,15.4808762475
140.5676,15.3048402705
140.7946,15.1293578619
141.0216,14.9538284484
141.2486,14.7776329638
141.4756,14.6001582521
141.7026,14.4207526661
141.9296,14.2387079684
142.1377,14.068842089
142.3458,13.895470553
142.5539,13.7178739436
142.762,13.5352943613
142.9701,13.3468211278
143.1782,13.1515079922
143.2823,13.0508793066
143.3863,12.9482121377
143.4903,12.8432381196
143.5943,12.7357972844
143.7173,12.6053097266
143.8403,12.4707969206
143.9633,12.3318858519
144.0862,12.1882376169
144.2092,12.0391446458
144.3321,11.8843860492
144.4551,11.7232023958
144.578,11.5552645452
144.6821,11.4071701942
144.7861,11.2533884515
144.8902,11.0931819268
144.9942,10.9263313034
145.0983,10.7519677696
145.2023,10.5698446905
145.3063,10.3791295474
145.3583,10.2803430982
145.4103,10.1791489797
145.4955,10.0078981613
145.5806,9.829726781
145.6658,9.6437866216
145.7509,9.4500827072
145.7935,9.3499869861
145.8361,9.2477334233
145.8787,9.1432724164
145.9212,9.0368067184
145.9638,8.927791957
146.0063,8.8167020516
146.0489,8.7029839734
146.0914,8.5871522582
146.1435,8.4419051266
146.1955,8.2933942706
146.2475,8.141421708
146.2995,7.9861328576
146.3516,7.8274482407
146.4036,7.6663213576
146.4556,7.502945159
146.5076,7.338009656
146.5337,7.254923323
146.5597,7.172150234
146.5857,7.089545733
146.6117,7.007316033
146.6377,6.925697368
146.6637,6.844970997
146.6897,6.765461209
146.7157,6.687549327
146.7417,6.61167971
146.7677,6.538373763
146.7937,6.468245942
146.8197,6.402015761
146.8457,6.340533803
146.8717,6.284805734
146.8977,6.236026314
146.9237,6.195623417
146.9521,6.163086803
146.9805,6.145307111
147.0089,6.145670188
147.0372,6.168328601
147.0656,6.21878929
147.094,6.304013015
147.1082,6.362461303
147.1224,6.433334034
147.1366,6.518334942
147.1507,6.618705818
147.1708,6.794039223
147.1809,6.898774581
147.1909,7.01509406
147.201,7.146817738
147.211,7.293029601
147.2211,7.458634175
147.2311,7.642602317
147.2412,7.851258113
147.2462,7.963976754
147.2512,8.083484287
147.2563,8.212843772
147.2613,8.347469635
147.2663,8.490347895
147.2713,8.642037744
147.2764,8.806462578
147.2814,8.977838314
147.2864,9.159987301
147.2914,9.353664791
147.2965,9.563929608
147.3015,9.783423033
147.3065,10.017077831
147.3115,10.265900334
147.318,10.613834399
147.3245,10.991817541
147.3278,11.196113712
147.331,11.402682676
147.3343,11.624839312
147.3375,11.849525801
147.3408,12.091230442
147.344,12.335745003
147.3473,12.598838237
147.3505,12.865050465
147.3538,13.151551932
147.357,13.441502474
147.3603,13.75360287
147.3635,14.069512429
147.3668,14.40962051
147.37,14.75392985
147.3733,15.124649436
147.3765,15.500001385
147.3798,15.904181365
147.383,16.31343482
147.3863,16.754167157
147.3895,17.200467089
147.3928,17.68109782
147.396,18.16781228
147.3993,18.69198554
147.4025,19.22279066
147.4058,19.79442765
147.409,20.37328865
147.4123,20.99666168
147.4155,21.62786088
147.4191,22.37081635
147.4226,23.12801601
147.4262,23.94439139
147.4297,24.77629832
147.433,25.5967095
147.4363,26.45362547
147.4396,27.34859368
147.4428,28.25429477
147.4461,29.22893954
147.4493,30.21507636
147.4526,31.27603868
147.4558,32.34925324
147.4591,33.50361525
147.4623,34.67101968
147.4656,35.92635365
147.4688,37.19549022
147.4721,38.55982856
147.4753,39.93872967
147.4786,41.42060492
147.4818,42.91780312
147.4851,44.52623797
147.4883,46.15072593
147.4916,47.89528323
147.4948,49.65660377
147.5013,53.4555326
147.5078,57.56865866
147.5143,62.01815848
147.5208,66.8272689
147.5273,72.020257
147.5338,77.62235019
147.5403,83.65980608
147.5468,90.15974258
147.5533,97.1502178
147.5598,104.66009007
147.5663,112.7189479
147.5728,121.35704998
147.5793,130.6052151
147.5858,140.49470217
147.5923,151.05708013
147.5988,162.32412795
147.6053,174.32762455
147.6118,187.09925877
147.6183,200.6701993
147.6248,215.07142464
147.6313,230.33295303
147.6378,246.48386236
147.6443,263.55214014
147.6508,281.5643934
147.6573,300.5453286
147.6638,320.5177517
147.6703,341.5024678
147.6768,363.5177812
147.6833,386.5788956
147.6898,410.6982135
147.6964,436.2808561
147.7029,462.5566892
147.7094,489.9070271
147.7159,518.3287678
147.7224,547.815308
147.7289,578.354543
147.7419,642.5205714
147.7549,710.6323854
147.7679,782.4093923
147.7809,857.4809731
147.7938,934.7760044
147.8199,1097.3875746
147.8459,1262.9776131
147.8743,1440.1697468
147.8873,1517.4825532
147.9003,1591.0893371
147.9133,1660.0486273
147.9262,1722.9868388
147.9393,1780.4341042
147.9523,1830.2088277
147.9676,1878.6127575
147.9806,1910.4199372
147.9903,1928.2818344
147.9999,1940.8628743
148.01,1948.5268856
148.0117,1949.2504551
148.0173,1950.4761137
148.0228,1949.9502728
148.0338,1943.7815942
148.0442,1931.7444942
148.0545,1914.0145614
148.065,1890.1829438
148.0755,1860.7895365
148.0861,1825.7830201
148.0966,1786.1735242
148.1129,1715.8834532
148.1292,1636.3171375
148.1503,1522.3911369
148.1714,1399.7744308
148.2136,1143.911642
148.2347,1017.6783889
148.2453,956.0137498
148.2558,896.4933096
148.2664,838.2454064
148.2769,782.5898227
148.2874,729.1496424
148.2979,678.070003
148.3085,629.0100014
148.319,582.9724228
148.3296,539.1258226
148.3401,498.3138386
148.3507,459.7483403
148.3612,424.1229209
148.3718,390.70336708
148.3823,360.04763223
148.3905,337.74608536
148.3986,317.0783876
148.4068,297.48469038
148.4149,279.39132043
148.4231,262.29694666
148.4312,246.56304704
148.4393,231.91835463
148.4474,218.30672217
148.4556,205.52197191
148.4637,193.81978139
148.4719,182.85495557
148.48,172.84084998
148.4882,163.47648248
148.4963,154.93930849
148.5044,147.06188188
148.5125,139.79761881
148.5178,135.35480771
148.5231,131.14337172
148.5284,127.15173743
148.5336,123.43822927
148.5389,119.84948766
148.5442,116.44848837
148.5495,113.22529849
148.5547,110.22654923
148.56,107.32789917
148.5653,104.57987063
148.5706,101.97412118
148.5758,99.54815958
148.5811,97.20120092
148.5864,94.97395486
148.5917,92.85953942
148.5969,90.88842148
148.6022,88.97870132
148.6075,87.16340651
148.618,83.82456374
148.6286,80.767856989
148.6391,78.015369361
148.6497,75.482650105
148.6602,73.189501953
148.6707,71.086391527
148.6812,69.151709854
148.6918,67.350101363
148.7023,65.698749492
148.7129,64.151277801
148.7234,62.724018661
148.734,61.378353668
148.7445,60.129851136
148.7551,58.946023229
148.7656,57.841670192
148.7762,56.789112396
148.7867,55.802458005
148.7973,54.857789324
148.8078,53.96850342
148.8289,52.306082996
148.85,50.788898292
148.8702,49.453350767
148.8903,48.223240377
148.9104,47.07994727
148.9305,46.013780256
148.9507,45.011769786
148.9708,44.0769059
148.9909,43.198130523
149.011,42.370342578
149.0312,41.585310583
149.0513,40.846854873
149.0714,40.147477144
149.0915,39.484097775
149.1116,38.853968218
149.1317,38.254605984
149.1518,37.683785641
149.1719,37.139508799
149.193,36.594710746
149.2141,36.075253907
149.2352,35.579411957
149.2563,35.105617607
149.2985,34.218741686
149.3406,33.406953619
149.3828,32.65920161
149.4249,31.974663275
149.4671,31.349527063
149.4882,31.061181654
149.5092,30.791865102
149.5399,30.43402943
149.5706,30.126975644
149.586,29.995899292
149.6013,29.883393801
149.6166,29.790805452
149.6319,29.720622652
149.6473,29.675420877
149.6626,29.658805588
149.678,29.673833402
149.6933,29.723682716
149.7087,29.812563325
149.724,29.942839495
149.7393,30.118425915
149.7546,30.342627118
149.77,30.620468972
149.7853,30.951063207
149.8007,31.340939993
149.816,31.786683651
149.8314,32.295032375
149.8467,32.859509996
149.862,33.482465936
149.8773,34.162248913
149.8927,34.90119234
149.908,35.686099965
149.9233,36.517084839
149.9386,37.388766074
149.9693,39.235049503
149.9999,41.156230914
150.0001,55.427680095
160.0001,53.994235511
170.0,52.685699343
177.5,51.775591044
185.0,50.919698875
192.5,50.11273338
200.0,49.35010431
212.5,48.201839228
225.0,47.146562307
237.5,46.17206539
250.0,45.268302927
262.5,44.42688983
275.0,43.64080638
287.5,42.904066142
300.0,42.21160091
312.5,41.585344689
325.0,40.993289083
350.0,39.899767074
375.0,38.910491436
400.0,38.009400778
425.0,37.18373247
450.0,36.423202436
475.0,35.719410017
500.0,35.06540187
525.0,34.485973867
550.0,33.943104446
575.0,33.432966943
600.0,32.952273797
650.0,32.068228742
700.0,31.27239922
720.0,30.99102784
752.5,30.555461864
785.0,30.144381983
850.0,29.38676024
925.0,28.603521912
1000.0,27.90090416
1062.5,27.418885968
1125.0,26.972357342
1187.5,26.5569398
1250.0,26.168973945
1375.0,25.463650038
1500.0,24.836983572
1600.0,24.382512349
1700.0,23.963459557
1850.0,23.391401742
2000.0,22.876504567
2125.0,22.5326020313
2250.0,22.2132499257
2500.0,21.6367513395
2750.0,21.1285338646
3000.0,20.675302012
3250.0,20.3171252659
3500.0,19.9912784416
3750.0,19.692835024
4000.0,19.4178630884
4250.0,19.1632180767
4500.0,18.9263126806
5000.0,18.497601784
5500.0,18.1669062159
6000.0,17.8705830993
6500.0,17.6025751903
7000.0,17.358301981
7200.0,17.2769073834
7850.0,17.029857328
8500.0,16.806001246
9250.0,16.5716815316
10000.0,16.35889677
10625.0,16.2236373284
11250.0,16.0973781089
11875.0,15.9790655062
12500.0,15.8678151332
13750.0,15.6635947966
15000.0,15.4799444402
16000.0,15.3454246681
17000.0,15.2203323865
18500.0,15.0479077178
20000.0,14.890998008
21250.0,14.7909625236
22500.0,14.6974275831
23750.0,14.6096321451
25000.0,14.5269429751
27500.0,14.3748391268
30000.0,14.237695653
32500.0,14.1332422123
35000.0,14.0373300962
37500.0,13.9487004151
40000.0,13.8663779772
43173.4,13.7697035
43173.45,13.7697029994
43200.0,13.7685783447
44050.0,13.7334075885
44900.0,13.6998249902
45750.0,13.6677376893
46600.0,13.6370672613
47450.0,13.6077485346
48300.0,13.57969981
49150.0,13.552872171
50000.0,13.527199493
52290.2,13.4629567813
54580.4,13.4041198661
56870.6,13.3502000178
59160.8,13.3007503108
60000.0,13.2803299984
62500.0,13.2229608554
65000.0,13.1703966405
67500.0,13.1222281828
70000.0,13.078103114
72000.0,13.0322951081
75250.0,12.9624390717
78500.0,12.8978044295
81750.0,12.8379142459
85000.0,12.7823652244
88750.0,12.7231990376
92500.0,12.668855076
96250.0,12.6189111336
100000.0,12.572998194
107500.0,12.4681575303
115000.0,12.3763603343
115000.1,12.3763611145
125000.0,12.2584162456
130000.0,12.206400137
137089.5,12.1157705479
144179.0,12.033095282
144179.3,12.0330861927
150000.0,11.9539813914
160000.0,11.8294438257
170000.0,11.717603456
185000.0,11.5222456981
199999.9,11.3510015816
206206.4,11.2706711346
212412.8,11.1941068811
218619.2,11.1210587723
224825.5,11.0513008681
231031.9,10.9846233001
237238.3,10.9208392974
243444.7,10.8597771395
249651.0,10.8012791947
255857.4,10.7451978533
262063.8,10.6914015631
268270.2,10.639767822
274476.5,10.590181187
286889.3,10.496731481
299302.0,10.4103004
299302.5,10.410295387
300000.0,10.40369989
306250.0,10.345798308
312500.0,10.289820981
318750.0,10.235678227
325000.0,10.183284408
331250.0,10.132561851
337500.0,10.0834389
343750.0,10.035842925
350000.0,9.98971326
356250.0,9.944987278
362500.0,9.901605335
368750.0,9.859518803
375000.0,9.818673063
381250.0,9.779018467
387500.0,9.740514426
393750.0,9.703114316
400000.0,9.66677952
405901.8,9.61582226
411803.5,9.56608283
417705.3,9.517518079
423607.0,9.470089842
429508.8,9.423759015
435410.5,9.37849247
441312.3,9.334255158
447214.0,9.291013977
453812.3,9.241858056
460410.5,9.193924662
467008.8,9.147175219
473607.0,9.101568185
480205.3,9.05706506
486803.5,9.01363738
493401.8,8.97124373
500000.0,8.9298597
507037.0,8.8948694
512602.8,8.8633446
518168.5,8.83248986
523734.3,8.80228933
529300.0,8.77273016
534865.8,8.74379763
540431.5,8.71548201
545997.3,8.68776974
551563.0,8.66064822
557617.7,8.62970947
563672.3,8.59949012
569726.9,8.56997868
575781.5,8.54116068
581836.2,8.51302483
587890.8,8.48555784
593945.4,8.45874963
600000.0,8.4325902
606009.3,8.39858651
612018.5,8.36530683
618027.8,8.33273619
624037.0,8.30086562
630046.3,8.2696844
636055.5,8.23918171
642064.8,8.2093491
648074.0,8.18017701
654564.8,8.14680158
661055.5,8.11423571
667546.3,8.08246968
674037.0,8.0514957
680527.8,8.02129944
687018.5,7.99187748
693509.3,7.96321979
700000.0,7.9353203
707971.0,7.91276644
715942.0,7.89116868
723913.0,7.87052017
731884.0,7.85081745
739855.0,7.83205944
747826.0,7.81424247
755797.0,7.79736525
763768.0,7.78143
763768.3,7.78142932
772826.0,7.75778318
781884.0,7.73533115
790942.0,7.71407252
800000.0,7.6940007
812500.0,7.65624436
825000.0,7.62071847
837500.0,7.58739011
850000.0,7.55622205
862500.0,7.52719046
875000.0,7.50026712
887500.0,7.47543437
900000.0,7.4526701
925000.0,7.38076452
950000.0,7.31681491
975000.0,7.26045263
1000000.0,7.2113499
1037500.0,7.16705775
1075000.0,7.1314814
1112500.0,7.10395768
1150000.0,7.08391297
1187500.0,7.07083518
1225000.0,7.06427529
1262500.0,7.06383158
1300000.0,7.0691496
1375000.0,7.08184745
1450000.0,7.10108132
1525000.0,7.12605118
1600000.0,7.15609
1650000.0,7.18944159
1700000.0,7.22271198
1750000.0,7.25590009
1800000.0,7.2890004
1850000.0,7.32727588
1900000.0,7.36507117
1950000.0,7.40240531
2000000.0,7.4392899
2037500.0,7.46693757
2075000.0,7.49436288
2112500.0,7.52156691
2150000.0,7.54855328
2187500.0,7.57532211
2225000.0,7.60187994
2262500.0,7.62822874
2300000.0,7.6543698
2350000.0,7.68451811
2400000.0,7.71441133
2450000.0,7.7440525
2500000.0,7.7734408
2550000.0,7.79922702
2600000.0,7.82481251
2650000.0,7.85019709
2700000.0,7.8753795
2737500.0,7.89124179
2775000.0,7.90712596
2812500.0,7.9230265
2850000.0,7.938939528
2887500.0,7.95485908
2925000.0,7.970782159
2962500.0,7.986701717
3000000.0,8.00261973
3031250.0,8.005063452
3062500.0,8.00749862
3093750.0,8.009918562
3125000.0,8.01232601
3156250.0,8.014717791
3187500.0,8.017094716
3218750.0,8.019456875
3250000.0,8.02180123
3281250.0,8.024127212
3312500.0,8.026437811
3343750.0,8.028728774
3375000.0,8.031002201
3406250.0,8.033255839
3437500.0,8.03549018
3468750.0,8.037704957
3500000.0,8.03990004
3531250.0,8.042330747
3562500.0,8.04474819
3593750.0,8.047156704
3625000.0,8.049550774
3656250.0,8.051933925
3687500.0,8.054301724
3718750.0,8.056657777
3750000.0,8.058998821
3781250.0,8.061326627
3812500.0,8.063638895
3843750.0,8.06593675
3875000.0,8.068218846
3906250.0,8.070485357
3937500.0,8.072736079
3968750.0,8.074972128
4000000.0,8.07719064
4031250.0,8.067671229
4062500.0,8.058236742
4093750.0,8.04888554
4125000.0,8.039613903
4156250.0,8.030422824
4187500.0,8.021310709
4218750.0,8.012273775
4250000.0,8.003312452
4281250.0,7.994424981
4312500.0,7.985611611
4375000.0,7.96819522
4437500.0,7.951054351
4500000.0,7.934179598
4562500.0,7.9153334747
4625000.0,7.8967840926
4687500.0,7.878519154
4750000.0,7.8605303261
4812500.0,7.8428084337
4875000.0,7.8253467517
4937500.0,7.8081363998
5000000.0,7.791169037
5062500.0,7.7642606235
5125000.0,7.7378882654
5187500.0,7.712035823
5250000.0,7.6866886688
5312500.0,7.6618310862
5375000.0,7.6374493681
5437500.0,7.6135301167
5500000.0,7.590060642
5677975.0,7.5153583197
5855950.0,7.4443691573
5855956.0,7.4443661566
6000000.0,7.388953783
6500000.0,7.187231961
6750000.0,7.0825402201
7000000.0,6.985496861
7125000.0,6.9368393872
7250000.0,6.8898073926
7375000.0,6.8443228054
7500000.0,6.800315354
7625000.0,6.7517095106
7750000.0,6.7046889265
7875000.0,6.6591868444
8000000.0,6.615130408
8250000.0,6.5353213025
8500000.0,6.459618729
8750000.0,6.3798537094
9000000.0,6.304117425
9500000.0,6.1907933499
9750000.0,6.133007893
10000000.0,6.07744846
10500000.0,6.01003903
10588300.0,5.997873652
10588350.0,5.997864957
11000000.0,5.94264162
11500000.0,5.9165686
12000000.0,5.8904952
12500000.0,5.89684393
13000000.0,5.90319282
13250000.0,5.917647258
13500000.0,5.93196341
13750000.0,5.946416763
14000000.0,5.960741512
14250000.0,5.9818010039
14500000.0,6.002724538
14750000.0,6.0237797975
15000000.0,6.044707335
15250000.0,6.0684639279
15500000.0,6.092088762
15750000.0,6.1158359514
16000000.0,6.139460185
16250000.0,6.1627791796
16500000.0,6.185962022
16826400.0,6.2164501529
17000000.0,6.23245457033
17500000.0,6.2732673447
17750000.0,6.2937318093
18000000.0,6.314069683
18500000.0,6.345751825
19000000.0,6.372044428
19500000.0,6.397869838
20000000.0,6.418316388
