Cs,135
E_eV,Sig_b
1e-05,469.74785
1.03125e-05,462.59242
1.0625e-05,455.75524
1.09375e-05,449.21348
1.125e-05,442.94639
1.15625e-05,436.93541
1.1875e-05,431.16342
1.21875e-05,425.61512
1.25e-05,420.27635
1.28125e-05,415.13427
1.3125e-05,410.17721
1.34375e-05,405.39424
1.375e-05,400.7754
1.4375e-05,391.99424
1.5e-05,383.76832
1.5625e-05,376.04151
1.625e-05,368.76552
1.6875e-05,361.89794
1.75e-05,355.40215
1.8125e-05,349.24581
1.875e-05,343.40023
1.9375e-05,337.84024
2e-05,332.54325
2.09375e-05,325.04775
2.1875e-05,318.04011
2.28125e-05,311.46979
2.375e-05,305.293
2.46875e-05,299.47206
2.5625e-05,293.9741
2.65625e-05,288.77043
2.75e-05,283.83556
2.84375e-05,279.14734
2.9375e-05,274.68585
3.03125e-05,270.43342
3.125e-05,266.37413
3.21875e-05,262.49393
3.3125e-05,258.78008
3.40625e-05,255.22083
3.5e-05,251.80599
3.59375e-05,248.52603
3.6875e-05,245.3722
3.78125e-05,242.33676
3.875e-05,239.41236
3.96875e-05,236.59255
4.0625e-05,233.87113
4.25e-05,228.70176
4.4375e-05,223.86453
4.625e-05,219.32541
4.8125e-05,215.05498
5e-05,211.02788
5.15625e-05,207.84162
5.3125e-05,204.79753
5.46875e-05,201.88533
5.625e-05,199.09573
5.78125e-05,196.42037
5.9375e-05,193.85177
6.09375e-05,191.38297
6.25e-05,189.00777
6.40625e-05,186.72029
6.5625e-05,184.51529
6.71875e-05,182.38806
6.875e-05,180.334
7.1875e-05,176.42958
7.5e-05,172.77292
7.8125e-05,169.3389
8.125e-05,166.10593
8.4375e-05,163.05508
8.75e-05,160.16999
9.0625e-05,157.43624
9.375e-05,154.84109
9.6875e-05,152.37323
0.0001,150.02261
0.000103125,147.78025
0.00010625,145.63814
0.000109375,143.58901
0.0001125,141.62645
0.000115625,139.74448
0.00011875,137.93775
0.000121875,136.20137
0.000125,134.53095
0.000128125,132.92252
0.00013125,131.37215
0.000134375,129.87664
0.0001375,128.43277
0.00014375,125.68845
0.00015,123.11881
0.00015625,120.706021
0.0001625,118.434935
0.00016875,116.292116
0.000175,114.26604
0.00018125,112.34657
0.0001875,110.52465
0.00019375,108.792386
0.0002,107.142641
0.000209375,104.809126
0.00021875,102.628579
0.000228125,100.585074
0.0002375,98.664877
0.000246875,96.856148
0.00025625,95.148522
0.000265625,93.532977
0.000275,92.001566
0.000284375,90.547251
0.00029375,89.163802
0.000303125,87.845682
0.0003125,86.58791
0.000321875,85.386064
0.00033125,84.236112
0.000340625,83.134454
0.00035,82.077821
0.000359375,81.063223
0.00036875,80.087965
0.000378125,79.149586
0.0003875,78.24582
0.000396875,77.374609
0.00040625,76.534047
0.000425,74.937996
0.00044375,73.445251
0.0004625,72.045165
0.00048125,70.728571
0.0005,69.487521
0.000515625,68.505975
0.00053125,67.568515
0.000546875,66.671935
0.0005625,65.813354
0.000578125,64.99018
0.00059375,64.200051
0.000609375,63.440818
0.000625,62.710523
0.000640625,62.007376
0.00065625,61.329747
0.000671875,60.676132
0.0006875,60.045143
0.00071875,58.846074
0.00075,57.723466
0.00078125,56.669544
0.0008125,55.677595
0.00084375,54.741785
0.000875,53.857022
0.00090625,53.018841
0.0009375,52.223298
0.00096875,51.466903
0.001,50.746544
0.00103125,50.059465
0.0010625,49.403184
0.00109375,48.775469
0.001125,48.1743
0.00115625,47.597875
0.0011875,47.044538
0.00121875,46.512781
0.00125,46.001253
0.00128125,45.508695
0.0013125,45.033975
0.00134375,44.576024
0.001375,44.133897
0.0014375,43.293608
0.0015,42.506773
0.0015625,41.767961
0.001625,41.072471
0.0016875,40.416248
0.00175,39.795723
0.0018125,39.207785
0.001875,38.649676
0.0019375,38.118961
0.002,37.613472
0.00209375,36.898359
0.0021875,36.229989
0.00228125,35.60348
0.002375,35.014643
0.00246875,34.459856
0.0025625,33.935963
0.00265625,33.440198
0.00275,32.970127
0.00284375,32.523615
0.0029375,32.098763
0.00303125,31.693868
0.003125,31.307413
0.00321875,30.938055
0.0033125,30.584553
0.00340625,30.245823
0.0035,29.92084
0.00359375,29.608724
0.0036875,29.308635
0.00378125,29.019828
0.003875,28.741606
0.00396875,28.473335
0.0040625,28.214444
0.00425,27.722704
0.0044375,27.262576
0.004625,26.830832
0.0048125,26.424656
0.005,26.04162
0.00515625,25.738567
0.0053125,25.449038
0.00546875,25.172035
0.005625,24.906701
0.00578125,24.652223
0.0059375,24.407897
0.00609375,24.173051
0.00625,23.947094
0.00640625,23.729478
0.0065625,23.519704
0.00671875,23.317304
0.006875,23.12186
0.0071875,22.750318
0.0075,22.402283
0.0078125,22.075397
0.008125,21.767577
0.0084375,21.477046
0.00875,21.202242
0.0090625,20.941802
0.009375,20.694521
0.0096875,20.459312
0.01,20.235232
0.0103125,20.02144
0.010625,19.817166
0.0109375,19.621729
0.01125,19.434502
0.0115625,19.254927
0.011875,19.082508
0.0121875,18.91677
0.0125,18.757306
0.0128125,18.603713
0.013125,18.455636
0.0134375,18.31277
0.01375,18.174803
0.014375,17.912481
0.015,17.666728
0.015625,17.435854
0.01625,17.218423
0.016875,17.013162
0.0175,16.818989
0.018125,16.634933
0.01875,16.460157
0.019375,16.293897
0.02,16.135486
0.0206625,15.975474
0.021325,15.822973
0.0219875,15.67741
0.02265,15.538275
0.0233125,15.405107
0.023975,15.277491
0.0246375,15.155051
0.0253,15.037445
0.02645782,14.842605
0.02761563,14.660136
0.02877344,14.488782
0.02993125,14.327461
0.03108907,14.175226
0.03224688,14.031253
0.03340469,13.894807
0.0345625,13.765244
0.03552735,13.662117
0.03649219,13.563082
0.03745704,13.467869
0.03842188,13.376241
0.03938673,13.287977
0.04035157,13.202879
0.04131641,13.120762
0.04228125,13.041457
0.04421094,12.890668
0.04614063,12.749392
0.04807032,12.616666
0.05,12.491658
0.0515625,12.395591
0.053125,12.303767
0.0546875,12.215882
0.05625,12.131661
0.0578125,12.050855
0.059375,11.973242
0.0609375,11.898617
0.0625,11.826797
0.0640625,11.75761
0.065625,11.690898
0.0671875,11.626515
0.06875,11.564323
0.071875,11.44601
0.075,11.335061
0.078125,11.230731
0.08125,11.132395
0.084375,11.039505
0.0875,10.95158
0.090625,10.868188
0.09375,10.78895
0.096875,10.713529
0.1,10.641625
0.103125,10.57297
0.10625,10.507322
0.109375,10.444467
0.1125,10.384209
0.115625,10.326373
0.11875,10.2708
0.121875,10.217343
0.125,10.165876
0.128125,10.116281
0.13125,10.068451
0.134375,10.022284
0.1375,9.977678
0.14375,9.892766
0.15,9.813053
0.15625,9.738034
0.1625,9.667281
0.16875,9.600407
0.175,9.537064
0.18125,9.476947
0.1875,9.419782
0.19375,9.365333
0.2,9.313402
0.2046875,9.276003
0.209375,9.239849
0.21875,9.170952
0.228125,9.106161
0.2375,9.045098
0.246875,8.987432
0.25625,8.932855
0.265625,8.881093
0.275,8.831908
0.284375,8.785087
0.29375,8.74044
0.303125,8.697801
0.3125,8.657018
0.321875,8.617957
0.33125,8.580498
0.340625,8.544529
0.35,8.509951
0.359375,8.476676
0.36875,8.444619
0.378125,8.413704
0.3875,8.383866
0.396875,8.355041
0.40625,8.327179
0.415625,8.30024
0.425,8.274174
0.44375,8.224384
0.4625,8.177418
0.5,8.091236
0.53125,8.026121
0.5625,7.966043
0.59375,7.910484
0.625,7.858885
0.65625,7.810777
0.6875,7.765768
0.75,7.683769
0.8125,7.610759
0.875,7.545301
0.9375,7.486001
1.0,7.431767
1.0625,7.382017
1.125,7.336143
1.1875,7.293648
1.25,7.2541215
1.3125,7.2172208
1.375,7.182657
1.4375,7.1501871
1.5,7.1195994
1.625,7.0633749
1.75,7.0128919
1.875,6.9671396
2.0,6.9252828
2.09375,6.8961843
2.1875,6.8688717
2.28125,6.8431361
2.375,6.8188283
2.5625,6.7739994
2.75,6.7335895
2.9375,6.6968648
3.125,6.6632362
3.3125,6.6323401
3.5,6.6038265
3.6875,6.5774012
3.875,6.5528221
4.0625,6.5298832
4.25,6.5084079
4.4375,6.4882458
4.625,6.4692677
4.8125,6.451361
5.0,6.4344502
5.3125,6.4081757
5.625,6.3839934
5.9375,6.3616514
6.25,6.340916
6.5625,6.3215933
6.875,6.3035165
7.1875,6.2865447
7.5,6.2705579
7.8125,6.2554517
8.125,6.2411345
8.4375,6.2275282
8.75,6.2145638
9.0625,6.2021797
9.375,6.1903217
9.6875,6.1789412
10.0,6.1680103
10.625,6.1472879
11.25,6.1278767
11.875,6.109576
12.5,6.0922062
13.125,6.0756195
13.75,6.0596879
14.375,6.0443013
15.0,6.0293671
15.625,6.0148039
16.09375,6.0040927
16.5625,5.9935136
17.03125,5.9830372
17.5,5.9726545
18.125,5.9589266
18.75,5.9452771
19.375,5.9316642
20.0,5.9180475
20.67198,5.9033615
21.34396,5.8885885
22.01594,5.8737246
22.68792,5.8586973
23.3599,5.8435067
24.03188,5.8281348
24.70386,5.8125829
25.03985,5.8047453
25.37583,5.796871
25.89274,5.7847022
26.40965,5.7725007
26.92656,5.7603249
27.44346,5.7482656
27.96037,5.7364688
28.21882,5.7307241
28.47727,5.7251553
28.73573,5.7197695
28.99418,5.7146629
29.25263,5.70986
29.51108,5.7055704
29.74369,5.7022436
29.9763,5.6995859
30.20891,5.6978165
30.44151,5.6972512
30.67412,5.6983513
30.79043,5.6997229
30.90673,5.7017541
31.02304,5.7045978
31.13934,5.7085168
31.25564,5.7137573
31.37194,5.7206307
31.46886,5.727917
31.56578,5.7369775
31.6627,5.7482394
31.75962,5.7622729
31.85654,5.7799128
31.905,5.7904424
31.95346,5.8023497
32.00192,5.815852
32.05038,5.8312097
32.09884,5.8487421
32.1473,5.8688389
32.19899,5.893649
32.25068,5.9226714
32.30237,5.9568688
32.32822,5.9762923
32.35406,5.9975064
32.39283,6.0332122
32.4316,6.0744035
32.46714,6.117974
32.50268,6.168265
32.52045,6.196368
32.53822,6.226725
32.55599,6.25958
32.57375,6.295198
32.59152,6.333945
32.60929,6.376179
32.62706,6.422341
32.64483,6.472946
32.6626,6.5286
32.68037,6.590024
32.69814,6.658078
32.7159,6.733753
32.72721,6.7865
32.73852,6.843239
32.74983,6.904405
32.76113,6.970436
32.77244,7.042023
32.78375,7.119774
32.79506,7.204453
32.80636,7.296861
32.81525,7.375712
32.82413,7.460496
32.83302,7.55205
32.8419,7.65089
32.85079,7.758052
32.85967,7.874211
32.86856,8.000656
32.87744,8.138254
32.88633,8.288601
32.89521,8.452792
32.9041,8.632791
32.91298,8.829955
32.92187,9.046669
32.93075,9.284571
32.93963,9.546207
32.94851,9.83408
32.95821,10.181689
32.9679,10.56714
32.97759,10.99473
32.98728,11.468597
32.99374,11.812324
33.00263,12.324443
33.01151,12.884221
33.0204,13.496197
33.02928,14.16213
33.03817,14.886436
33.04705,15.670085
33.05593,16.516043
33.06481,17.425922
33.0737,18.401872
33.08258,19.441916
33.09147,20.547729
33.10035,21.715198
33.10924,22.944195
33.11812,24.228041
33.12701,25.564458
33.13589,26.943979
33.16174,31.13567
33.18758,35.38081
33.19404,36.414097
33.21181,39.125877
33.22069,40.381894
33.22957,41.552525
33.24298,43.127794
33.25639,44.432535
33.2631,44.971707
33.2698,45.428915
33.2765,45.801631
33.2832,46.087057
33.2916,46.318391
33.3,46.406561
33.30683,46.372015
33.31365,46.242786
33.32048,46.019638
33.3273,45.705077
33.33413,45.300783
33.34095,44.811217
33.3546,43.589848
33.3672,42.204397
33.37895,40.721043
33.39069,39.086714
33.40244,37.331774
33.41418,35.49276
33.43767,31.686518
33.46115,27.908868
33.47396,25.930033
33.48677,24.040893
33.49958,22.259628
33.51239,20.599056
33.52414,19.188809
33.53001,18.525771
33.53588,17.890532
33.54175,17.283002
33.54762,16.702968
33.55349,16.150057
33.55936,15.623814
33.56524,15.122826
33.57111,14.648152
33.57698,14.198186
33.58285,13.772137
33.58872,13.369168
33.59459,12.988405
33.60046,12.628943
33.60633,12.289866
33.61167,11.998325
33.61701,11.722184
33.62235,11.460744
33.62769,11.213316
33.63303,10.97922
33.63837,10.757792
33.64371,10.54838
33.64904,10.350714
33.65438,10.163439
33.65972,9.986349
33.67039,9.660756
33.68107,9.369055
33.69174,9.107908
33.70028,8.918327
33.70882,8.744252
33.72057,8.52738
33.73231,8.333775
33.74405,8.160241
33.75579,8.004185
33.76754,7.863252
33.77928,7.735754
33.79102,7.619912
33.80276,7.514305
33.81451,7.41764
33.82625,7.329032
33.83799,7.247499
33.84973,7.172264
33.86148,7.102602
33.87322,7.038049
33.88496,6.97804
33.8967,6.922134
33.91379,6.847299
33.93087,6.779366
33.94795,6.717437
33.96503,6.660793
33.98211,6.608824
34.0056,6.544047
34.02908,6.486027
34.05257,6.433786
34.07605,6.386601
34.09954,6.343789
34.12302,6.304847
34.14651,6.269288
34.16999,6.236755
34.21696,6.179426
34.26393,6.130716
34.3109,6.089005
34.35787,6.053036
34.41339,6.016592
34.4689,5.9855423
34.52441,5.9589067
34.57992,5.9359413
34.63544,5.9160678
34.69095,5.8988413
34.74646,5.8838944
34.80197,5.8709297
34.89165,5.8535285
34.98132,5.8397291
35.07099,5.8288745
35.16066,5.8205376
35.25034,5.8144076
35.34001,5.8102321
35.51935,5.806984
35.6987,5.809703
35.87804,5.817814
36.05739,5.831089
36.23673,5.84956
36.42462,5.87475
36.6125,5.906403
36.80039,5.945243
36.98827,5.992219
37.17616,6.048562
37.2701,6.08071
37.36404,6.115803
37.45798,6.154097
37.55192,6.195874
37.64586,6.241452
37.7398,6.291182
37.88499,6.377155
38.03017,6.475711
38.17536,6.58891
38.32054,6.719175
38.39314,6.79157
38.46573,6.86928
38.53832,6.952773
38.61091,7.04266
38.68351,7.139657
38.7561,7.244443
38.82869,7.357734
38.90128,7.480302
38.99523,7.654179
39.08917,7.847336
39.18311,8.062443
39.27705,8.302607
39.371,8.571523
39.46494,8.873469
39.55888,9.21364
39.65282,9.598215
39.71261,9.869462
39.77239,10.163877
39.83217,10.484045
39.89195,10.832858
39.95173,11.213612
40.01151,11.630078
40.07129,12.086558
40.13107,12.587978
40.19086,13.1401
40.25064,13.749362
40.31042,14.423711
40.3702,15.172564
40.42999,16.007243
40.48977,16.940637
40.54955,17.988406
40.57944,18.560844
40.60933,19.169126
40.6563,20.204572
40.70327,21.348861
40.75024,22.61729
40.79721,24.027921
40.84418,25.602201
40.89115,27.365762
40.91464,28.32811
40.93812,29.349372
40.96161,30.435274
40.98509,31.59028
41.02139,33.526852
41.05769,35.669244
41.09399,38.047264
41.11214,39.335462
41.13028,40.695632
41.14843,42.134815
41.16658,43.658377
41.18473,45.273012
41.20287,46.985157
41.22102,48.804836
41.23917,50.740179
41.25732,52.801186
41.27546,54.997719
41.29895,58.065462
41.32244,61.413762
41.34593,65.078022
41.36941,69.09779
41.3929,73.52491
41.40464,75.90705
41.41638,78.41274
41.42813,81.05312
41.43987,83.83336
41.45161,86.76624
41.46335,89.86339
41.48044,94.69222
41.49752,99.93799
41.5146,105.65507
41.53168,111.90372
41.54876,118.75443
41.56584,126.29035
41.57438,130.34542
41.58292,134.60999
41.59146,139.09941
41.6,143.83044
41.60854,148.82131
41.61708,154.09203
41.62562,159.66448
41.63416,165.56291
41.6427,171.81365
41.65124,178.44588
41.65978,185.4915
41.66832,192.98571
41.67686,200.96694
41.6854,209.47761
41.69394,218.56418
41.70248,228.27773
41.71102,238.67403
41.71956,249.81403
41.7281,261.76463
41.73664,274.59824
41.74252,283.98867
41.74839,293.84542
41.75426,304.21308
41.76013,315.12202
41.766,326.60448
41.77187,338.69422
41.77774,351.42669
41.78361,364.83876
41.78949,378.9939
41.79536,393.88434
41.80123,409.57528
41.8071,426.11011
41.81297,443.5337
41.81884,461.89221
41.82471,481.2331
41.83058,501.60468
41.83646,523.094
41.84233,545.6783
41.8482,569.4438
41.85407,594.4412
41.85994,620.7218
41.86581,648.336
41.87168,677.3338
41.87755,707.7641
41.88343,739.7298
41.8893,773.1679
41.89517,808.1746
41.90104,844.7902
41.90691,883.0516
41.91278,922.9917
41.91865,964.6392
41.92452,1008.0172
41.93467,1087.1559
41.94481,1171.4793
41.95495,1261.0438
41.96509,1355.7558
41.97523,1455.4412
41.98537,1559.834
41.99551,1668.5742
42.00565,1781.1984
42.0174,1915.816
42.02914,2053.7163
42.05262,2334.615
42.07611,2612.362
42.08785,2745.7124
42.09959,2873.0069
42.11512,3028.9714
42.13064,3166.9079
42.14616,3283.088
42.15392,3331.9506
42.16168,3374.1676
42.17126,3416.6568
42.18084,3448.0597
42.19042,3468.0195
42.2,3476.3151
42.20548,3475.7792
42.21438,3466.7305
42.22328,3447.6633
42.23218,3418.7845
42.24107,3380.4527
42.24997,3332.9796
42.25886,3276.9562
42.26776,3212.8196
42.27665,3141.3398
42.28881,3032.8163
42.30096,2913.689
42.31312,2785.7315
42.32527,2651.1669
42.3441,2434.0101
42.36293,2212.5938
42.38176,1993.2708
42.40058,1781.5131
42.41094,1669.6967
42.4213,1561.978
42.43166,1458.7974
42.44201,1360.5788
42.45237,1267.3691
42.46273,1179.4079
42.47309,1096.7573
42.48344,1019.4775
42.4938,947.3444
42.50416,880.307
42.51452,818.1931
42.52487,760.8494
42.53523,707.9329
42.54558,659.2956
42.55594,614.5822
42.56629,573.6129
42.57524,540.9629
42.58418,510.7433
42.59313,482.7214
42.60207,456.8005
42.61102,432.7696
42.61996,410.5371
42.6289,389.9374
42.63784,370.8414
42.64679,353.1089
42.65573,336.6666
42.66467,321.38943
42.67361,307.18069
42.68256,293.937
42.6915,281.60615
42.70044,270.09783
42.70938,259.34352
42.71974,247.74218
42.7301,236.9817
42.74046,226.98306
42.75081,217.68434
42.76117,209.00429
42.77152,200.90322
42.78188,193.31506
42.79223,186.20908
42.80259,179.53108
42.81295,173.25179
42.82331,167.33858
42.83366,161.76729
42.84402,156.5009
42.85437,151.52561
42.87508,142.34506
42.88732,137.35656
42.89956,132.66006
42.9118,128.23205
42.92404,124.05145
42.93628,120.09927
42.94852,116.35841
42.97299,109.45275
42.99747,103.22127
43.02195,97.57782
43.04643,92.44783
43.0709,87.77036
43.09162,84.12217
43.11233,80.73241
43.13304,77.57488
43.15375,74.62813
43.17447,71.87192
43.19518,69.29209
43.21589,66.8723
43.2366,64.59918
43.25732,62.45978
43.27803,60.44544
43.29874,58.54543
43.31945,56.75102
43.34016,55.05432
43.36087,53.44816
43.38158,51.92605
43.40229,50.48208
43.44372,47.80676
43.48514,45.38558
43.52657,43.18552
43.56799,41.1807
43.60942,39.3473
43.65084,37.66665
43.69226,36.12148
43.73368,34.69732
43.76758,33.61289
43.80147,32.59521
43.83536,31.63845
43.86925,30.73767
43.90315,29.88813
43.93704,29.08631
43.97093,28.32834
44.00482,27.61094
44.03872,26.93099
44.07261,26.28622
44.14039,25.092195
44.20818,24.011598
44.27596,23.030483
44.31739,22.474413
44.35881,21.948584
44.40024,21.450539
44.44166,20.978499
44.48309,20.530427
44.52451,20.104867
44.60735,19.315027
44.6902,18.598075
44.77305,17.9451
44.8559,17.348454
44.93874,16.801687
45.02912,16.255417
45.1195,15.755577
45.20988,15.296868
45.30026,14.874775
45.39064,14.485457
45.48102,14.125622
45.5714,13.792181
45.66178,13.482236
45.74463,13.216673
45.82748,12.967315
45.91033,12.732912
45.99318,12.512287
46.07603,12.304351
46.15888,12.108108
46.24173,11.922654
46.32457,11.747197
46.40742,11.580955
46.49027,11.423281
46.57312,11.273566
46.65596,11.131274
46.73881,10.995863
46.82166,10.866889
46.98735,10.626605
47.15305,10.407407
47.31875,10.206782
47.48445,10.022575
47.65014,9.852956
47.81584,9.696317
47.98153,9.551308
48.14723,9.416722
48.31292,9.2915368
48.52381,9.1443776
48.73469,9.0095789
48.94558,8.885718
49.15646,8.7710178
49.36735,8.6647641
49.57823,8.5661778
49.78912,8.4744799
50.0,8.3889916
50.16077,8.3276256
50.32154,8.2693058
50.48231,8.2138111
50.64308,8.1609459
50.80385,8.1105321
50.96462,8.0624075
51.12539,8.016425
51.28615,7.9724509
51.60769,7.8900216
51.92922,7.8142384
52.25076,7.7443426
52.57229,7.6796889
52.89383,7.619716
53.21536,7.5639433
53.5369,7.511947
53.85843,7.4633629
54.17997,7.4178654
54.5015,7.3751747
54.82304,7.3350377
55.14457,7.2973466
55.46611,7.2618305
55.78764,7.2280997
56.10918,7.1961224
56.43071,7.1658754
56.75225,7.1371483
57.07378,7.1097864
57.39532,7.083781
57.71685,7.0590057
58.03839,7.0353151
58.35992,7.0127005
58.68146,6.9910911
59.00299,6.9703631
59.32453,6.9504962
59.64606,6.9314594
59.9676,6.9131498
60.28913,6.8955394
60.9322,6.862305
61.57527,6.83139926
62.21834,6.80257902
62.86141,6.77563297
63.50448,6.75033136
64.14755,6.72653049
64.79062,6.70406868
65.43369,6.68280354
66.07676,6.66263586
66.71983,6.6434404
67.3629,6.62513054
68.00597,6.60762349
68.64904,6.59083052
69.29211,6.57469281
69.93518,6.5591421
70.57825,6.54411764
71.04594,6.53349824
71.39671,6.5256917
71.74747,6.51801515
72.09824,6.51046201
72.449,6.50302712
72.68285,6.49813874
72.91669,6.49331272
73.15054,6.48854604
73.38438,6.4838422
73.61823,6.47920433
73.85207,6.47464162
74.08591,6.47016157
74.31975,6.46577718
74.5536,6.46150475
74.78744,6.45736674
75.02129,6.45339071
75.25513,6.44961247
75.4159,6.44715784
75.57667,6.44484864
75.73744,6.44271228
75.8982,6.44078017
76.05897,6.43909528
76.21974,6.43771123
76.38051,6.4366983
76.46089,6.4363569
76.54127,6.4361427
76.62897,6.4360711
76.71666,6.4361911
76.80435,6.4365276
76.89204,6.43711
77.00896,6.4383271
77.12588,6.4401406
77.20627,6.4417997
77.28665,6.4438498
77.36704,6.4463504
77.44742,6.4493685
77.52781,6.4529841
77.60819,6.4572898
77.68857,6.4624001
77.76895,6.4684513
77.8128,6.4722075
77.85664,6.4763228
77.90049,6.4808332
77.94433,6.4857769
78.0101,6.494105
78.07587,6.5036794
78.14164,6.5147078
78.20741,6.5274355
78.2403,6.5345299
78.27318,6.5421644
78.30607,6.5503936
78.33895,6.5592659
78.37184,6.5688463
78.40472,6.5791974
78.4376,6.5903966
78.47048,6.6025306
78.49972,6.6141836
78.52895,6.626722
78.55818,6.6402336
78.58741,6.6548141
78.62761,6.6768071
78.6678,6.7013346
78.70799,6.7287754
78.74818,6.7595794
78.78837,6.7942809
78.82856,6.8335311
78.84866,6.855108
78.86875,6.8781214
78.88885,6.9027226
78.90894,6.9290303
78.92813,6.9559104
78.94731,6.9846454
78.9665,7.0154404
78.98568,7.048461
79.00487,7.083964
79.02405,7.122166
79.04323,7.163374
79.06241,7.207917
79.0816,7.256204
79.10078,7.308627
79.11996,7.365725
79.13914,7.428102
79.15833,7.496513
79.17751,7.571736
79.19669,7.654825
79.21587,7.747006
79.23597,7.854987
79.25606,7.976608
79.26611,8.043366
79.27616,8.114556
79.28621,8.190594
79.29625,8.271857
79.3063,8.35902
79.31635,8.452572
79.3264,8.553145
79.33644,8.661324
79.34649,8.778099
79.35654,8.904222
79.36659,9.040634
79.37663,9.188224
79.38668,9.348425
79.39673,9.522351
79.40678,9.71137
79.41683,9.916979
79.42688,10.140804
79.43693,10.38461
79.44698,10.6503
79.45702,10.939627
79.46707,11.25536
79.47712,11.599572
79.48717,11.974757
79.49721,12.383124
79.50726,12.828258
79.51731,13.312666
79.52736,13.839357
79.5374,14.410844
79.54471,14.857246
79.55202,15.330581
79.55933,15.832103
79.56663,16.362298
79.57394,16.923882
79.58125,17.517371
79.58856,18.143981
79.59586,18.80394
79.60317,19.500194
79.61048,20.232957
79.61779,21.003228
79.62509,21.810832
79.6324,22.658823
79.63971,23.546872
79.64702,24.475626
79.65432,25.444242
79.66437,26.845665
79.67442,28.326175
79.68447,29.885674
79.69451,31.52171
79.70456,33.23604
79.71461,35.024805
79.72466,36.884894
79.7347,38.810397
79.7548,42.846887
79.77489,47.080462
79.79499,51.451007
79.81508,55.876261
79.83884,61.059829
79.86259,66.030674
79.87538,68.559711
79.88816,70.948315
79.90826,74.361171
79.91831,75.883762
79.92835,77.267269
79.93989,78.67428
79.95143,79.871977
79.96297,80.84828
79.9745,81.592792
79.98725,82.138338
80.0,82.385954
80.01169,82.348808
80.02338,82.059757
80.03507,81.522402
80.04675,80.743799
80.05937,79.641236
80.07198,78.282414
80.08459,76.683712
80.0972,74.864862
80.11059,72.716981
80.12397,70.375637
80.13735,67.869028
80.15073,65.227783
80.1775,59.662375
80.20426,53.923205
80.23833,46.702097
80.25536,43.235631
80.27239,39.914205
80.28578,37.42316
80.29916,35.05157
80.31254,32.805349
80.32592,30.689807
80.3393,28.707915
80.35268,26.860557
80.36606,25.146724
80.37944,23.563826
80.38614,22.819205
80.39283,22.106874
80.39952,21.425042
80.40621,20.772999
80.4129,20.149972
80.41959,19.555163
80.42628,18.987735
80.43297,18.446836
80.43967,17.930838
80.44636,17.440387
80.45305,16.973784
80.45974,16.530126
80.46643,16.108507
80.47312,15.708022
80.47981,15.32778
80.4865,14.966895
80.49806,14.386391
80.50962,13.856738
80.52118,13.373756
80.53273,12.933836
80.54429,12.532471
80.55585,12.166545
80.56741,11.832788
80.57896,11.52842
80.59052,11.250127
80.60208,10.995626
80.61364,10.76258
80.62519,10.549044
80.63675,10.352726
80.64831,10.17208
80.65987,10.005545
80.67142,9.851844
80.68481,9.687886
80.69819,9.537666
80.71157,9.399541
80.72495,9.272181
80.73834,9.154337
80.75172,9.045171
80.7651,8.943698
80.77848,8.849144
80.79187,8.76076
80.80525,8.678081
80.81863,8.600512
80.83201,8.527592
80.84539,8.458911
80.85877,8.394109
80.87215,8.332861
80.88553,8.274886
80.90257,8.205385
80.9196,8.140349
80.93663,8.079327
80.95366,8.021964
80.9707,7.967914
80.98773,7.91696
81.00476,7.868824
81.02179,7.823282
81.05586,7.7391867
81.08992,7.6633569
81.12398,7.5946493
81.15804,7.5321391
81.18481,7.4868495
81.21157,7.4446033
81.23834,7.4050875
81.2651,7.3680828
81.29187,7.3333419
81.31863,7.3006974
81.34539,7.2699608
81.37215,7.2409783
81.39892,7.2136002
81.42568,7.1877221
81.45245,7.1632115
81.47921,7.139984
81.53274,7.0969851
81.58626,7.0580868
81.62519,7.0320561
81.67386,7.0018921
81.72252,6.9741007
81.77118,6.9484188
81.81984,6.9246242
81.86851,6.9025199
81.91717,6.8819452
81.96583,6.8627486
82.01449,6.8447996
82.06316,6.8279787
82.11182,6.81219
82.16048,6.7973407
82.20914,6.7833492
82.25781,6.7701425
82.30647,6.7576634
82.35513,6.7458507
82.40379,6.7346542
82.45732,6.7229945
82.51085,6.7119691
82.56438,6.7015291
82.61791,6.6916282
82.67144,6.6822259
82.72497,6.6732857
82.83202,6.6566629
82.93908,6.6415213
83.04613,6.627671
83.15319,6.6149481
83.26024,6.6032168
83.34297,6.5947576
83.4257,6.5867753
83.50843,6.57923166
83.59115,6.57208949
83.67388,6.56531231
83.7566,6.55887128
83.83933,6.5527337
83.92205,6.54687844
84.0875,6.53593354
84.25295,6.52589637
84.4184,6.51664977
84.58385,6.50809051
84.69091,6.50287919
84.79797,6.49789903
85.01208,6.48856576
85.22619,6.47996777
85.4403,6.47200384
85.65442,6.46458966
85.86853,6.45765679
86.08264,6.45115139
86.29675,6.44503018
86.51087,6.43923982
86.72498,6.43373139
86.9391,6.42848339
87.15321,6.42347498
87.36733,6.41868124
87.58144,6.4140842
87.79555,6.40966428
88.00966,6.40540714
88.43789,6.39732512
88.86612,6.38974746
89.29435,6.38259614
89.72257,6.37581641
90.034,6.3711024
90.50116,6.36431188
90.96832,6.35780345
91.43548,6.35155099
91.90263,6.34553276
92.36979,6.33972811
92.83694,6.33410562
93.3041,6.32864395
93.77125,6.32333286
94.39413,6.31646155
95.017,6.3098003
95.63988,6.30332505
96.26275,6.29702378
97.19707,6.28785917
98.13138,6.27895325
99.06569,6.27026469
100.0,6.26177923
100.8084,6.2545851
101.6167,6.24750624
102.425,6.24051982
103.2333,6.23360931
103.8396,6.22847035
104.4458,6.22336054
105.052,6.21827502
105.6582,6.21320916
106.1129,6.20942162
106.5676,6.2056465
107.0223,6.20188237
107.477,6.19813436
107.9317,6.19441362
108.1591,6.19256738
108.3864,6.19073594
108.6138,6.18892161
108.8411,6.1871344
109.0684,6.1853842
109.2957,6.18368315
109.4978,6.18222675
109.6999,6.18084406
109.902,6.17956071
110.104,6.17841493
110.3061,6.17745747
110.4072,6.17707563
110.5082,6.17677631
110.6093,6.17657916
110.7103,6.17650477
110.8113,6.17658242
110.9123,6.17684833
111.0134,6.17734907
111.1144,6.17814593
111.2155,6.17932359
111.3165,6.18099185
111.3671,6.18206048
111.4176,6.18331533
111.4681,6.1847874
111.5186,6.18651455
111.5691,6.18854179
111.6196,6.19092476
111.6701,6.19373104
111.7206,6.19704681
111.7743,6.20125499
111.828,6.20633565
111.8817,6.2125212
111.9085,6.2161157
111.9353,6.220116
111.9622,6.2246002
111.989,6.2296118
112.0159,6.2352818
112.0427,6.2416867
112.0696,6.2490218
112.0964,6.2574205
112.1232,6.2671471
112.15,6.2785098
112.1674,6.2869449
112.1848,6.296368
112.2022,6.3069346
112.2195,6.3187568
112.2369,6.3321841
112.2543,6.3474051
112.2717,6.3647118
112.289,6.3843221
112.3064,6.4068505
112.3238,6.4326385
112.3412,6.4621906
112.3585,6.495872
112.3672,6.514625
112.3759,6.5347068
112.3846,6.5562086
112.3932,6.5789491
112.4019,6.6035591
112.4106,6.6298824
112.4193,6.6580291
112.4279,6.687752
112.4366,6.7198561
112.4453,6.7541234
112.454,6.7906741
112.4627,6.8296336
112.4714,6.8711234
112.4801,6.9152703
112.4888,6.9622011
112.4974,7.0114517
112.5061,7.064292
112.5148,7.120289
112.5235,7.179565
112.5322,7.242236
112.5409,7.308416
112.5496,7.37821
112.5583,7.451717
112.5669,7.52812
112.5748,7.601647
112.5827,7.678433
112.5985,7.841947
112.6143,8.018911
112.6301,8.2094
112.6459,8.413291
112.6617,8.630241
112.6775,8.859661
112.6932,9.099147
112.7106,9.376631
112.7279,9.663282
112.7626,10.261068
112.8131,11.142955
112.8415,11.616055
112.8557,11.839396
112.8699,12.051016
112.8873,12.291211
112.9047,12.506839
112.9231,12.704293
112.9414,12.865989
112.9551,12.962578
112.9687,13.036623
112.9823,13.088149
112.9959,13.116642
113.0,13.120665
113.0137,13.118716
113.0273,13.093429
113.0409,13.045192
113.0545,12.974571
113.0733,12.841619
113.092,12.671263
113.1058,12.523168
113.1195,12.359087
113.1332,12.179706
113.1469,11.986828
113.1519,11.91344
113.1657,11.703624
113.1794,11.48632
113.2069,11.030839
113.2468,10.350461
113.2568,10.180635
113.2843,9.722843
113.298,9.502228
113.3117,9.288035
113.3255,9.079692
113.3392,8.880974
113.3529,8.690946
113.3666,8.51006
113.3816,8.322867
113.3966,8.147251
113.4116,7.983282
113.4265,7.831858
113.4415,7.690742
113.449,7.624349
113.4565,7.560668
113.464,7.499647
113.4715,7.441227
113.479,7.385344
113.4864,7.332631
113.5002,7.2405294
113.5139,7.1567056
113.5276,7.0800113
113.5413,7.0099814
113.5551,6.9457097
113.5688,6.887665
113.5825,6.8349118
113.5962,6.7870176
113.61,6.7432668
113.6237,6.7038972
113.6374,6.6682045
113.6511,6.6358444
113.6649,6.6062908
113.6786,6.5796731
113.6923,6.5554941
113.706,6.5335042
113.7173,6.516854
113.7285,6.5015538
113.751,6.4740277
113.7735,6.4501861
113.7959,6.4294987
113.8184,6.4112726
113.8409,6.3951846
113.8634,6.3808919
113.8858,6.3681652
113.9083,6.3566625
113.9308,6.3462536
113.9533,6.3367859
113.9757,6.3281677
113.9982,6.3202178
114.0206,6.3129198
114.0655,6.2998637
114.103,6.2903064
114.1404,6.28177863
114.1779,6.27408236
114.2153,6.26713379
114.2528,6.26079604
114.2902,6.25501907
114.3276,6.2497173
114.365,6.2448344
114.4399,6.23612455
114.5148,6.22859366
114.5897,6.22201064
114.6645,6.21620775
114.7344,6.21136351
114.8043,6.20699021
114.8742,6.20301738
114.9441,6.19938949
115.014,6.19605855
115.0839,6.19298819
115.2236,6.1875026
115.3634,6.18271605
115.5032,6.17848108
115.643,6.17468533
115.7827,6.17124868
115.9325,6.1678898
116.0822,6.16481209
116.232,6.1619644
116.3817,6.15931192
116.5315,6.15682244
116.6812,6.15447458
116.9807,6.15012668
117.2802,6.14613078
117.5797,6.14240232
117.8792,6.13888915
118.1787,6.13554574
118.658,6.13046868
119.1372,6.12564745
119.6164,6.12102441
120.0956,6.11653002
120.5748,6.1121418
121.054,6.10783546
122.0124,6.0993969
123.2903,6.08836657
124.1689,6.08085561
125.0475,6.07335865
125.9261,6.06586383
126.8046,6.05834392
128.5617,6.04317377
130.3188,6.02773766
132.076,6.0119729
133.8331,5.99577845
135.5902,5.97909478
137.3473,5.96186996
139.1045,5.94397771
140.8616,5.92539898
142.6187,5.90602533
144.3758,5.88573245
146.1329,5.86449694
147.89,5.84212371
149.6471,5.81852444
151.4042,5.7936043
153.0016,5.76957317
153.8003,5.75707312
154.599,5.74414491
155.3977,5.73091205
156.1964,5.71721135
157.7938,5.68855576
158.5925,5.67345027
159.3912,5.65790708
160.1899,5.64183601
160.9886,5.62510101
161.7873,5.60788746
162.586,5.58994789
163.3847,5.57145596
164.1833,5.55214189
165.0619,5.52999598
165.9405,5.50685271
166.8191,5.48263705
167.6976,5.45726644
168.5762,5.43065841
169.4547,5.40271225
170.3333,5.37332175
171.2118,5.34238269
172.0904,5.30975168
172.5297,5.29276829
172.969,5.27530664
173.4083,5.2573529
173.8476,5.2388931
174.2869,5.2198959
174.7261,5.2003476
175.1654,5.1802237
175.6047,5.1594994
176.044,5.1381462
176.4832,5.1161573
176.9225,5.0934939
177.3618,5.0701247
177.8011,5.0460428
178.2403,5.0212686
178.6796,4.995715
179.1189,4.9693264
179.5582,4.9421213
179.9975,4.9140849
180.4368,4.8852059
180.8761,4.8554757
181.3154,4.8248962
181.7546,4.7934882
182.1939,4.7612646
182.6332,4.7282817
183.0725,4.6946146
183.5117,4.6603834
183.7314,4.6430938
183.951,4.6257343
184.1707,4.6083201
184.3903,4.5909021
184.61,4.5735079
184.8296,4.5562031
185.0492,4.5390371
185.2688,4.5220808
185.5684,4.4994305
185.8679,4.4775762
186.1674,4.4568077
186.4669,4.4374783
186.7664,4.4200801
186.9162,4.4123045
187.0659,4.4052691
187.2157,4.3990613
187.3654,4.3937995
187.5152,4.3896025
187.6649,4.3866205
187.8846,4.3847796
188.1042,4.3864992
188.3239,4.3925007
188.5435,4.403651
188.7632,4.421021
188.9828,4.445888
189.0926,4.461618
189.2024,4.479848
189.3122,4.500832
189.422,4.524861
189.6117,4.574504
189.8014,4.636141
189.8963,4.672195
189.9911,4.712132
190.086,4.756411
190.1808,4.805356
190.2757,4.859531
190.3705,4.919335
190.4654,4.985468
190.5602,5.058446
190.6551,5.139171
190.7499,5.228327
190.8447,5.326959
190.9395,5.436155
191.0193,5.537155
191.1292,5.691428
191.239,5.865334
191.3489,6.062009
191.4587,6.284404
191.5686,6.536848
191.6784,6.823533
191.7882,7.15022
191.898,7.523565
191.9979,7.910516
192.0977,8.349508
192.1975,8.849598
192.2474,9.125756
192.2973,9.421296
192.3473,9.738556
192.3972,10.078132
192.4471,10.442708
192.497,10.834596
192.5469,11.256373
192.5968,11.710929
192.6467,12.201499
192.6966,12.731722
192.7516,13.367008
192.8065,14.06039
192.8614,14.820109
192.9163,15.654394
192.9713,16.57453
193.0262,17.588282
193.0811,18.710234
193.1086,19.317589
193.136,19.955666
193.1635,20.631488
193.1909,21.342688
193.2184,22.097296
193.2458,22.892898
193.2733,23.738681
193.3007,24.632228
193.3282,25.584179
193.3556,26.59215
193.3831,27.66857
193.4105,28.81118
193.438,30.03459
193.4654,31.3369
193.4929,32.73546
193.5203,34.22894
193.5477,35.83216
193.5751,37.55638
193.6101,39.95543
193.645,42.59622
193.6625,44.02516
193.68,45.531
193.6975,47.11958
193.7149,48.78744
193.7324,50.56079
193.7499,52.43808
193.7674,54.42789
193.7848,56.5273
193.8023,58.77085
193.8198,61.15846
193.8373,63.70297
193.8547,66.40259
193.8685,68.67418
193.8822,71.05254
193.896,73.58154
193.9097,76.23428
193.9235,79.06021
193.9372,82.02985
193.9509,85.17543
193.9646,88.51028
193.9784,92.07538
193.9921,95.83471
194.0058,99.83002
194.0195,104.07931
194.0333,108.63594
194.047,113.4547
194.0607,118.58976
194.0744,124.06481
194.0882,129.94913
194.1019,136.18446
194.1156,142.84058
194.1293,149.94766
194.1431,157.59483
194.1568,165.70495
194.1705,174.36682
194.1842,183.61721
194.198,193.56891
194.2117,204.1176
194.2254,215.3743
194.2391,227.3811
194.2529,240.2777
194.2666,253.9215
194.2803,268.4475
194.294,283.9005
194.3053,297.3756
194.3165,311.4082
194.3278,326.2732
194.339,341.731
194.3503,358.0807
194.3615,375.0549
194.3727,392.8158
194.3839,411.3828
194.3952,430.9508
194.4064,451.1899
194.4177,472.4764
194.4289,494.446
194.4514,541.241
194.4738,591.3906
194.4876,624.0574
194.5013,657.8114
194.5287,729.1921
194.5562,805.7869
194.5836,886.6135
194.6111,971.6627
194.6385,1059.5438
194.6933,1240.7697
194.7483,1421.8231
194.7758,1508.5155
194.8032,1590.3373
194.8295,1663.1862
194.8557,1728.9056
194.882,1786.7777
194.9082,1835.2682
194.9312,1869.554
194.9541,1895.4602
194.9771,1912.8247
195.0,1921.2465
195.0092,1922.1081
195.0391,1914.9318
195.069,1892.7433
195.0989,1856.1951
195.1287,1806.4994
195.1547,1753.3536
195.1806,1692.4278
195.2065,1624.6801
195.2324,1551.3311
195.2585,1473.0248
195.2846,1391.5957
195.3367,1224.6388
195.3889,1058.8946
195.415,978.9693
195.441,902.3017
195.4636,838.5024
195.4861,777.9198
195.5086,720.4806
195.5311,666.3312
195.5536,615.5539
195.5761,568.1746
195.5986,524.1687
195.6211,483.4687
195.6342,461.2556
195.6472,440.2615
195.6603,420.1358
195.6733,401.1561
195.6864,382.9989
195.6994,365.9081
195.7124,349.7075
195.7254,334.3626
195.7385,319.7291
195.7515,305.9948
195.7645,293.0095
195.7775,280.7378
195.7906,269.058
195.8036,258.11406
195.8166,247.78089
195.8296,238.02567
195.8439,227.92474
195.8581,218.50857
195.8723,209.66593
195.8865,201.36045
195.9007,193.55744
195.9149,186.2238
195.9291,179.32832
195.9433,172.84157
195.9576,166.69405
195.9718,160.94562
195.986,155.52757
196.0002,150.41709
196.0144,145.59289
196.0286,141.03514
196.0428,136.72539
196.057,132.6465
196.0831,125.69924
196.1092,119.39014
196.1353,113.64218
196.1613,108.40795
196.1874,103.58966
196.2135,99.1585
196.2396,95.07134
196.2656,91.3048
196.2917,87.79762
196.3178,84.53673
196.3439,81.49764
196.3699,78.66943
196.396,76.01165
196.422,73.5283
196.4481,71.18574
196.4741,68.98915
196.5002,66.9102
196.5263,64.94734
196.5524,63.09147
196.5784,61.3409
196.6305,58.09939
196.6826,55.17207
196.7348,52.51234
196.7869,50.09559
196.839,47.88737
196.8911,45.86301
196.9338,44.32622
196.9764,42.89203
197.0191,41.54489
197.0617,40.28328
197.1044,39.094278
197.147,37.977231
197.1897,36.92131
197.2323,35.926441
197.275,34.983449
197.3176,34.092676
197.3603,33.246274
197.4029,32.444857
197.4882,30.95743
197.5735,29.609272
197.6257,28.845239
197.6778,28.12453
197.73,27.441203
197.7821,26.795021
197.8343,26.180897
197.8864,25.598837
197.9906,24.518858
198.0949,23.537972
198.1992,22.644626
198.3035,21.828158
198.4077,21.08023
198.531,20.27221
198.6542,19.538092
198.7774,18.868155
198.9006,18.254769
199.0238,17.69138
199.147,17.172284
199.2702,16.692565
199.3934,16.247972
199.5451,15.743526
199.6967,15.281501
199.8484,14.856511
200.0,14.464952
200.1042,14.213148
200.2084,13.974269
200.3126,13.747357
200.4168,13.531578
200.521,13.326152
200.6252,13.130355
200.8336,12.765156
201.042,12.431435
201.2504,12.125352
201.4588,11.843657
201.6672,11.5835614
201.9135,11.3007844
202.1598,11.0415207
202.4061,10.8029285
202.6523,10.5827556
202.8986,10.3788631
203.1449,10.1895043
203.3912,10.0128575
203.6374,9.8475963
203.8458,9.7157877
204.0542,9.5907741
204.2626,9.4720061
204.471,9.3589797
204.6794,9.2512379
204.8878,9.148366
205.0962,9.0499908
205.3045,8.9558144
205.5129,8.8654351
205.7213,8.7786159
205.9297,8.6950952
206.1381,8.6146329
206.5549,8.462024
206.9716,8.3192529
207.2369,8.2328358
207.5021,8.1495644
207.7673,8.0691239
208.0325,7.9912532
208.2977,7.9157153
208.5629,7.8422863
208.8281,7.7707614
209.0933,7.7009475
209.5101,7.5942569
209.9269,7.4907109
210.1353,7.4399335
210.3437,7.3897285
210.5521,7.340032
210.7605,7.2907823
210.9689,7.2419219
211.1773,7.1933984
211.3857,7.1451599
211.5941,7.0971619
211.8025,7.0493641
212.0109,7.001731
212.2193,6.954234
212.4276,6.9068763
212.636,6.8596041
212.8444,6.8124476
213.0528,6.7654258
213.2612,6.7185786
213.4696,6.671976
213.678,6.6257194
213.8864,6.5799568
214.0947,6.5349149
214.2937,6.4927949
214.4926,6.4519204
214.5921,6.432066
214.6915,6.412712
214.791,6.3938995
214.8904,6.3757562
214.9899,6.358348
215.0894,6.3418124
215.1889,6.3262892
215.2883,6.31195
215.3878,6.298951
215.4872,6.287538
215.5867,6.277945
215.6861,6.270491
215.7903,6.265351
215.8945,6.263421
215.9987,6.265266
216.1029,6.271565
216.2071,6.283124
216.3113,6.300917
216.4155,6.326122
216.5196,6.360136
216.6238,6.404781
216.6759,6.431738
216.728,6.462193
216.7801,6.4965
216.8322,6.535055
216.8843,6.578297
216.9364,6.626723
216.9885,6.680891
217.0406,6.741432
217.0927,6.80906
217.1448,6.884585
217.1969,6.968934
217.249,7.063164
217.3011,7.16849
217.3531,7.286069
217.41,7.430894
217.4668,7.594703
217.5237,7.780982
217.5805,7.992529
217.6374,8.234234
217.6942,8.51024
217.751,8.827016
217.7794,9.002963
217.8078,9.192034
217.8599,9.577181
217.886,9.791045
217.912,10.019676
217.9381,10.266321
217.9641,10.530751
217.9902,10.816905
218.0162,11.124741
218.0423,11.459098
218.0683,11.820245
218.0944,12.214245
218.1204,12.641876
218.1465,13.110872
218.1725,13.622829
218.1985,14.185542
218.2245,14.806203
218.2447,15.333784
218.2648,15.90312
218.285,16.52516
218.3051,17.199746
218.3253,17.940503
218.3454,18.747953
218.3655,19.634539
218.3856,20.610496
218.4058,21.69311
218.4259,22.884993
218.436,23.53174
218.446,24.206322
218.4561,24.924435
218.4661,25.674194
218.4762,26.473086
218.4863,27.316504
218.4964,28.207274
218.5064,29.138837
218.5165,30.13297
218.5265,31.173284
218.5366,32.284111
218.5466,33.447112
218.5597,35.072179
218.5727,36.807006
218.5857,38.67305
218.5987,40.680385
218.6118,42.856933
218.6248,45.180851
218.6378,47.68007
218.6508,50.3671
218.6639,53.27812
218.6769,56.38248
218.6899,59.71589
218.7029,63.29315
218.716,67.16011
218.729,71.27358
218.742,75.67817
218.755,80.39031
218.7645,84.03787
218.774,87.86512
218.7835,91.87863
218.7929,96.03966
218.8024,100.44323
218.8119,105.05258
218.8214,109.87411
218.8308,114.8599
218.8403,120.12212
218.8498,125.61486
218.8593,131.34388
218.8687,137.2505
218.8782,143.46573
218.8876,149.86336
218.8971,156.58406
218.9065,163.49035
218.9196,173.54716
218.9326,184.03165
218.9457,195.11121
218.9587,206.62071
218.9718,218.73872
218.9848,231.27931
218.9978,244.32934
219.0108,257.882
219.0239,272.03779
219.0369,286.56749
219.0629,316.99839
219.0889,349.1081
219.1149,382.6659
219.141,417.5173
219.167,453.0469
219.2191,525.018
219.2523,570.0098
219.2854,612.9209
219.3115,644.6599
219.3376,673.9615
219.3636,700.212
219.3896,723.0525
219.4078,736.7817
219.4259,748.4439
219.4441,758.0586
219.4622,765.4308
219.4811,770.7242
219.5,773.509
219.5064,773.878
219.5269,773.1005
219.5474,769.3521
219.5679,762.684
219.5884,753.1832
219.6056,743.1138
219.6228,731.224
219.64,717.6166
219.6572,702.4073
219.6744,685.723
219.6915,667.8083
219.7258,628.4581
219.7601,585.5497
219.7943,540.4371
219.8598,451.7831
219.8925,408.2752
219.9252,366.3048
219.944,343.1147
219.9627,320.8491
219.9814,299.4612
220.0001,45.532384
235.0001,44.170933
250.0,42.935423
262.5,41.986427
275.0,41.10356
287.5,40.279416
300.0,39.507725
312.5,38.781509
325.0,38.097839
337.5,37.452695
350.0,36.84256
375.0,35.714724
400.0,34.694501
425.0,33.766354
450.0,32.916508
475.0,32.134424
500.0,31.411469
525.0,30.742222
550.0,30.118775
575.0,29.536053
600.0,28.989778
630.0,28.379075
660.0,27.809921
690.0,27.277767
720.0,26.77871
760.0,26.161475
800.0,25.590261
850.0,24.93658
900.0,24.336887
950.0,23.784027
1000.0,23.272127
1062.5,22.688331
1125.0,22.152371
1187.5,21.657949
1250.0,21.199862
1312.5,20.778704
1375.0,20.38549
1437.5,20.017204
1500.0,19.671248
1600.0,19.164004
1700.0,18.700193
1775.0,18.38077
1850.0,18.080004
1925.0,17.79608
2000.0,17.527472
2125.0,17.117271
2250.0,16.739779
2375.0,16.390757
2500.0,16.0667127
2625.0,15.7708403
2750.0,15.4940361
2875.0,15.2342959
3000.0,14.9898627
3250.0,14.5495858
3500.0,14.1539525
3750.0,13.8020033
4000.0,13.4810005
4250.0,13.1934505
4500.0,12.9281576
4750.0,12.6822922
5000.0,12.4535188
5250.0,12.2463175
5500.0,12.0520861
6000.0,11.6972658
6500.0,11.3887031
7000.0,11.1105123
7500.0,10.8641638
8000.0,10.6388283
8500.0,10.438175
9000.0,10.2525981
9500.0,10.0802065
10000.0,9.919439
10625.0,9.7409851
11250.0,9.5758061
11875.0,9.4222505
12500.0,9.2789488
13125.0,9.1504337
13750.0,9.0296441
15000.0,8.8081997
16000.0,8.6530532
17000.0,8.5099486
18500.0,8.3209907
20000.0,8.1507332
21250.0,8.0268867
22500.0,7.9119765
23750.0,7.8049097
25000.0,7.704775
26250.0,7.6155438
27500.0,7.5315077
28750.0,7.4521479
30000.0,7.3770138
32500.0,7.2440021
35000.0,7.1231809
37500.0,7.0168609
40000.0,6.9189729
42500.0,6.8325982
45000.0,6.7522416
47500.0,6.6771793
50000.0,6.6068086
52500.0,6.5441787
55000.0,6.4850654
60000.0,6.3760536
65000.0,6.2817557
70000.0,6.1957966
75000.0,6.1195633
80000.0,6.0491641
84999.98,5.9865093
89999.95,5.9280767
94999.93,5.8733669
99999.9,5.8219645
100000.1,5.82347375
106250.1,5.78606181
112500.1,5.75105627
118750.1,5.71818017
125000.1,5.68720119
137500.1,5.63017358
150000.0,5.5787096
162500.0,5.55611686
175000.0,5.53535525
187500.0,5.51615945
200000.0,5.4983154
212500.0,5.49810658
225000.0,5.49795082
250000.0,5.4977661
251668.0,5.4986477
252423.2,5.499365398
253178.4,5.500080798
254688.8,5.501509782
257709.5,5.50435222
260730.3,5.50717677
263751.0,5.5099819
266771.8,5.51276921
269792.5,5.51553707
275834.0,5.52102104
281875.5,5.52643423
287917.0,5.53177718
293958.5,5.53705366
300000.0,5.5422627
309918.3,5.56041118
319836.5,5.57801351
339673.0,5.61170894
359509.5,5.64357679
379346.0,5.67380898
395198.5,5.69710487
411051.0,5.7195238
412440.9,5.7224939111
413830.7,5.725454664
416610.4,5.73134868
419390.1,5.737206069
422169.7,5.743025896
427729.0,5.754560263
433288.3,5.76595442
438847.6,5.77721184
444406.9,5.7883353
455525.5,5.81019669
466644.2,5.83156278
477762.8,5.85245583
488881.4,5.87289551
500000.0,5.8929039
514093.4,5.92304324
528186.8,5.95244478
556373.5,6.00917959
584560.3,6.06337393
612747.0,6.1152559
614110.4,6.117923741
615473.7,6.120585653
618200.4,6.125891631
623653.7,6.1364364
629107.0,6.14689249
634560.3,6.15726085
645466.9,6.17774119
656373.5,6.19788799
667280.2,6.21771331
678186.8,6.23722674
689093.4,6.25643785
700000.0,6.2753567
723195.8,6.31492753
746391.5,6.35332055
769587.3,6.39060706
792783.0,6.4268507
794587.3,6.429562836
796391.5,6.43227367
800000.0,6.4376891
812500.0,6.45545767
825000.0,6.47295572
837500.0,6.490192
850000.0,6.50717367
875000.0,6.54040312
900000.0,6.5726999
922083.8,6.59725644
944167.5,6.62123413
966251.3,6.6446618
988335.0,6.6675629
991251.3,6.6702740565
994167.5,6.6729767257
1000000.0,6.6783587
1003907.0,6.680777647
1007813.0,6.683187979
1015625.0,6.68798297
1023438.0,6.69274403
1031250.0,6.69747185
1046875.0,6.70682934
1062500.0,6.71605964
1078125.0,6.72516496
1093750.0,6.73415013
1109375.0,6.74301764
1125000.0,6.75177078
1140625.0,6.76041342
1156250.0,6.7689464
1171875.0,6.77737423
1187500.0,6.78569932
1203125.0,6.79392353
1218750.0,6.80204992
1234375.0,6.81008006
1250000.0,6.8180177
1265625.0,6.81693539
1281250.0,6.81592801
1296875.0,6.814993
1312500.0,6.81412595
1328125.0,6.81332703
1343750.0,6.8125921
1359375.0,6.81191838
1375000.0,6.81130465
1390625.0,6.8107486
1406250.0,6.81024903
1421875.0,6.80980089
1437500.0,6.809406
1453125.0,6.80906054
1468750.0,6.80876267
1484375.0,6.80851129
1500000.0,6.8083056
1515625.0,6.8000901
1531250.0,6.79205556
1546875.0,6.78419595
1562500.0,6.7765055
1578125.0,6.76898112
1593750.0,6.76161798
1609375.0,6.75441139
1625000.0,6.74735697
1640625.0,6.74045084
1656250.0,6.73368805
1671875.0,6.72706704
1687500.0,6.72058279
1703125.0,6.71423225
1718750.0,6.70801141
1734375.0,6.70191716
1750000.0,6.6959465
1765625.0,6.68363345
1781250.0,6.67154230001
1796875.0,6.65966646001
1812500.0,6.64800166001
1828125.0,6.63654341001
1843750.0,6.62528526001
1859375.0,6.61422364001
1875000.0,6.60335409001
1890625.0,6.59267088001
1906250.0,6.58217075001
1921875.0,6.57184967001
1937500.0,6.56170311001
1953125.0,6.55172623001
1968750.0,6.54191731001
1984375.0,6.53227074001
2000000.0,6.52278460001
2010244.0,6.50994509001
2020488.0,6.49723450001
2030732.0,6.48465480001
2040975.0,6.47220187001
2051219.0,6.45987353001
2061463.0,6.44766809001
2071707.0,6.43558409001
2081950.0,6.42362093001
2092194.0,6.41177516001
2102438.0,6.40004614001
2112682.0,6.38843126001
2122925.0,6.37693130002
2133169.0,6.36554160002
2143413.0,6.35426255002
2153657.0,6.34309173002
2163900.0,6.33202772002
2174144.0,6.32107087002
2184388.0,6.31021576002
2194632.0,6.29946498002
2204875.0,6.28881688002
2215119.0,6.27826808002
2225363.0,6.26781812002
2235607.0,6.25746542002
2245850.0,6.24720943002
2256094.0,6.23704703002
2266338.0,6.22697934002
2276582.0,6.21700433003
2286825.0,6.20712100003
2297069.0,6.19732737003
2307313.0,6.18762285003
2317557.0,6.17800491003
2327800.0,6.16847497003
2338044.0,6.15903002003
2348288.0,6.14967002003
2358532.0,6.14039410003
2368775.0,6.13120051003
2379019.0,6.12208684004
2389263.0,6.11305462004
2399507.0,6.10410264004
2409750.0,6.09522810004
2419994.0,6.08643102004
2430238.0,6.07771053004
2440482.0,6.06906670004
2450725.0,6.06049646005
2460969.0,6.05200014005
2471213.0,6.04357674005
2481457.0,6.03522516005
2491700.0,6.02694571005
2501944.0,6.01873543005
2512188.0,6.01059545006
2522432.0,6.00252362006
2532675.0,5.99452030006
2542919.0,5.98658350006
2553163.0,5.97871346006
2563407.0,5.97090895007
2573650.0,5.96316840007
2583894.0,5.95549274007
2594138.0,5.94788032007
2604382.0,5.94032979008
2614625.0,5.93284271008
2624869.0,5.92541389008
2635113.0,5.91804869008
2645357.0,5.91074106009
2655600.0,5.90349404009
2660982.0,5.89907983009
2666363.0,5.89468632009
2671744.0,5.89031245009
2677125.0,5.8859567201
2682507.0,5.8816192801
2687888.0,5.8773014201
2693269.0,5.8730020601
2698650.0,5.8687220101
2704032.0,5.86445892011
2709413.0,5.86021546011
2714794.0,5.85599040011
2720175.0,5.85178251011
2725557.0,5.84759253011
2730938.0,5.84342017012
2736319.0,5.83926717012
2741700.0,5.83513121012
2747082.0,5.83101114012
2752463.0,5.82691066012
2757844.0,5.82282830013
2763225.0,5.81876195013
2768607.0,5.81471157013
2773988.0,5.81067963013
2779369.0,5.80666469014
2784750.0,5.80266686014
2790132.0,5.79868473014
2795513.0,5.79472105014
2800894.0,5.79077233015
2806275.0,5.78684068015
2811657.0,5.78292461015
2817038.0,5.77902688015
2822419.0,5.77514512016
2827800.0,5.77127836016
2833182.0,5.76742713016
2838563.0,5.76359315017
2843944.0,5.75977416017
2849325.0,5.75597202017
2854707.0,5.75218439018
2860088.0,5.74841394018
2865469.0,5.74465736018
2870850.0,5.74091661018
2876232.0,5.73719132019
2881613.0,5.73348118019
2886994.0,5.7297868262
2892375.0,5.7261082562
2897757.0,5.7224420542
2903138.0,5.71879395921
2908519.0,5.71515860521
2913900.0,5.71153894121
2919282.0,5.70793264122
2924663.0,5.70434235522
2930044.0,5.70076576723
2935425.0,5.69720381423
2940807.0,5.69365615223
2946188.0,5.69012248124
2951569.0,5.68660442324
2956950.0,5.68309996725
2962332.0,5.67960772925
2967713.0,5.67613143726
2973094.0,5.67266869626
2978475.0,5.66921951427
2983857.0,5.66578348627
2989238.0,5.66236237028
2994619.0,5.65895374228
3000000.0,5.65555961029
3007813.0,5.64822207729
3015625.0,5.6409226843
3023438.0,5.63365890431
3031250.0,5.62643322532
3039063.0,5.61920612833
3046875.0,5.61201704334
3054688.0,5.60486250934
3062500.0,5.59774492735
3070313.0,5.59062882936
3078125.0,5.58354964237
3085938.0,5.57650388938
3093750.0,5.56949498939
3101563.0,5.5624864744
3109375.0,5.55551475241
3117188.0,5.54857636843
3125000.0,5.54167273844
3132813.0,5.53476939645
3140625.0,5.52789975146
3148438.0,5.52106233647
3156250.0,5.51426056949
3164063.0,5.5074570035
3171875.0,5.50068702851
3179688.0,5.49395019753
3187500.0,5.48724692954
3195313.0,5.48054374756
3203125.0,5.47387508957
3210938.0,5.46723647159
3218750.0,5.4606322996
3226563.0,5.45402815062
3234375.0,5.44745641163
3242188.0,5.44091563665
3250000.0,5.43440723467
3257813.0,5.42789674169
3265625.0,5.4214185837
3273438.0,5.41496931672
3281250.0,5.40855229974
3289063.0,5.40213614676
3296875.0,5.39574921678
3304688.0,5.3893930958
3312500.0,5.38306816083
3320313.0,5.37673899785
3328125.0,5.37044096387
3335938.0,5.3641716679
3343750.0,5.35793348392
3351563.0,5.35169396194
3359375.0,5.34548453697
3367188.0,5.339301737
3375000.0,5.33314995802
3382813.0,5.32699879905
3390625.0,5.32087663608
3398438.0,5.31478203711
3406250.0,5.30871737814
3414063.0,5.30264726817
3421875.0,5.2966060632
3429688.0,5.29059135123
3437500.0,5.28460552926
3445313.0,5.2786191553
3453125.0,5.27266163633
3460938.0,5.26673054037
3468750.0,5.26082623341
3476563.0,5.25492032544
3484375.0,5.24904319248
3492188.0,5.24319141352
3500000.0,5.23736736356
3507813.0,5.23154164261
3515625.0,5.22574161765
3523438.0,5.21996888669
3531250.0,5.21422181674
3539063.0,5.20847100579
3546875.0,5.20274782183
3554688.0,5.19704988388
3562500.0,5.19137752693
3570313.0,5.18570135199
3578125.0,5.18005076504
3585938.0,5.17442634509
3593750.0,5.16882644815
3601563.0,5.16322568521
3609375.0,5.15765141127
3617188.0,5.15210226733
3625000.0,5.14657657739
3632813.0,5.14104696446
3640625.0,5.13553977252
3648438.0,5.13005865159
3656250.0,5.12460093966
3664063.0,5.11914422473
3671875.0,5.1137118948
3679688.0,5.10830256888
3687500.0,5.10291857296
3695313.0,5.09752853804
3703125.0,5.09216182012
3710938.0,5.0868190592
3718750.0,5.08149855229
3726563.0,5.07617795938
3734375.0,5.07087964647
3742188.0,5.06560520456
3750000.0,5.06035297866
3757813.0,5.05509763075
3765625.0,5.04986647586
3773438.0,5.04465614596
3781250.0,5.03947099607
3789063.0,5.03427963718
3796875.0,5.02911244529
3804688.0,5.0239660224
3812500.0,5.01884271252
3820313.0,5.01371617964
3828125.0,5.00861270677
3835938.0,5.0035289959
3843750.0,4.99846833403
3851563.0,4.99340339116
3859375.0,4.9883604743
3867188.0,4.98333924445
3875000.0,4.97833904559
3882813.0,4.97333649274
3890625.0,4.9683539289
3898438.0,4.96339400606
3906250.0,4.95845403122
3914063.0,4.95350769439
3921875.0,4.94858328256
3929688.0,4.94367746674
3937500.0,4.93879357292
3945313.0,4.9339092331
3953125.0,4.92904679329
3960938.0,4.92420189449
3968750.0,4.91937887169
3976563.0,4.9145513689
3984375.0,4.90974372011
3992188.0,4.90495756833
4000000.0,4.90018923855
4008708.0,4.8953700178
4017415.0,4.89056853805
4026123.0,4.8857856593
4034830.0,4.88102052657
4043538.0,4.87627295884
4052245.0,4.87154313012
4060953.0,4.86683087141
4069660.0,4.8621362857
4078369.0,4.85743519101
4087078.0,4.85275070032
4095787.0,4.84808381264
4104495.0,4.84343459697
4113204.0,4.83880189531
4121913.0,4.83418577766
4130622.0,4.82958721202
4139330.0,4.82500629739
4148039.0,4.82041885678
4156748.0,4.81584696017
4165457.0,4.81129261457
4174165.0,4.80675585198
4182874.0,4.80223355241
4191583.0,4.79772875785
4200292.0,4.7932394953
4209000.0,4.78876678476
4217709.0,4.78429049924
4226418.0,4.77982868873
4235127.0,4.77538336124
4243835.0,4.77095457776
4252544.0,4.76654116029
4261253.0,4.76214422884
4269962.0,4.7577617324
4278670.0,4.75339577098
4287378.0,4.74902320958
4296085.0,4.7446681492
4304793.0,4.74032645183
4313500.0,4.73600123248
4322208.0,4.73169135215
4330915.0,4.72739593483
4339623.0,4.72311583254
4348330.0,4.71885020027
4357039.0,4.71457979702
4365748.0,4.71032376679
4374457.0,4.70608309758
4383165.0,4.7018578604
4391874.0,4.69764591824
4400583.0,4.6934492911
4409292.0,4.68926704899
4418000.0,4.6850991709
4426709.0,4.68092555084
4435418.0,4.6767662698
4444127.0,4.6726212958
4452835.0,4.66849069982
4461544.0,4.66437433587
4470253.0,4.66027227396
4478962.0,4.65618350307
4487670.0,4.65210907322
4496379.0,4.64802986939
4505088.0,4.64396493161
4513797.0,4.63991324786
4522505.0,4.63587592014
4531214.0,4.63185077246
4539923.0,4.62783985382
4548632.0,4.62384419422
4557340.0,4.61985984466
4564257.0,4.6166903725
4571173.0,4.61353074434
4578089.0,4.6103788962
4585005.0,4.60723581308
4591922.0,4.60410141997
4598838.0,4.60097486087
4605754.0,4.59785608279
4612670.0,4.59474604473
4619587.0,4.59163369068
4626503.0,4.58853017865
4633419.0,4.58543439263
4640335.0,4.58234638163
4647252.0,4.57926603165
4654168.0,4.57619448869
4661084.0,4.57313168874
4668000.0,4.57007561882
4674917.0,4.56701523691
4681833.0,4.56396463802
4688749.0,4.56091977815
4695665.0,4.5578836353
4702582.0,4.55485516648
4709498.0,4.55183546667
4716414.0,4.54882350089
4723330.0,4.54581825012
4730248.0,4.54281057538
4737165.0,4.53980969567
4744083.0,4.53681845597
4751000.0,4.53383298831
4757918.0,4.53085715766
4764835.0,4.52788808904
4771753.0,4.52492666445
4778670.0,4.52197199989
4785587.0,4.51901404235
4792503.0,4.51606383184
4799419.0,4.51312031636
4806335.0,4.51018549491
4813252.0,4.50725729449
4820168.0,4.5043368381
4827084.0,4.50142406574
4834000.0,4.49851797642
4840917.0,4.49561048813
4847833.0,4.49271075288
4854749.0,4.48981768766
4861665.0,4.48693328648
4868582.0,4.48405450033
4875498.0,4.48118443823
4882414.0,4.47832104417
4889330.0,4.47546431715
4896247.0,4.47260317917
4903163.0,4.46974876224
4910079.0,4.46690100535
4916995.0,4.46406090151
4923912.0,4.46122738472
4930828.0,4.45840158298
4937744.0,4.4555824283
4944660.0,4.45277091866
4951578.0,4.44995592809
4958495.0,4.44714864157
4965413.0,4.44434793411
4972330.0,4.44155392572
4979248.0,4.43876649039
4986165.0,4.43598675013
4993083.0,4.43321358094
5000000.0,4.43044710282
5015625.0,4.42723073162
5031250.0,4.42402684561
5046875.0,4.4208374348
5062500.0,4.41766248422
5078125.0,4.41449298286
5093750.0,4.41133691274
5109375.0,4.40819326388
5125000.0,4.40506402429
5140625.0,4.40194118098
5156250.0,4.39883072199
5171875.0,4.39573463232
5187500.0,4.39265090199
5203125.0,4.38957452104
5218750.0,4.38651147548
5234375.0,4.38346075434
5250000.0,4.38042234864
5265625.0,4.37738924142
5281250.0,4.37437042872
5296875.0,4.37136289456
5312500.0,4.36836763098
5328125.0,4.36538162503
5343750.0,4.36240786975
5359375.0,4.35944635118
5375000.0,4.35649606139
5390625.0,4.35355099143
5406250.0,4.35061913035
5421875.0,4.34769646623
5437500.0,4.34478699314
5453125.0,4.34188570115
5468750.0,4.33899557834
5484375.0,4.33611661682
5500000.0,4.33324980867
5515625.0,4.33038614301
5531250.0,4.32753461495
5546875.0,4.32469321161
5562500.0,4.32186292614
5578125.0,4.31904075068
5593750.0,4.31622867538
5609375.0,4.31342769243
5625000.0,4.31063679701
5640625.0,4.30785197633
5656250.0,4.3050792256
5671875.0,4.30231453507
5687500.0,4.299560899
5703125.0,4.29681730967
5718750.0,4.29408276039
5734375.0,4.29135924249
5750000.0,4.28864474933
5765625.0,4.28593527331
5781250.0,4.28323480786
5796875.0,4.28054634543
5812500.0,4.27786688353
5828125.0,4.27519241071
5843750.0,4.27252792356
5859375.0,4.26987241372
5875000.0,4.26722687689
5890625.0,4.26459030683
5906250.0,4.26196169737
5921875.0,4.25934404141
5937500.0,4.25673533691
5953125.0,4.25413057593
5968750.0,4.25153475262
5984375.0,4.24894786424
6000000.0,4.24637090513
6013823.0,4.24682204235
6027645.0,4.24727347769
6041468.0,4.24772319216
6055290.0,4.24817219779
6069115.0,4.2486214686
6082940.0,4.24907001961
6096765.0,4.24951784984
6110590.0,4.24996395832
6124413.0,4.25040935504
6138235.0,4.25085303105
6152058.0,4.25129597337
6165880.0,4.25173719102
6179705.0,4.25217865805
6193530.0,4.25262138846
6207355.0,4.25306138628
6221180.0,4.25350064553
6235003.0,4.25393817823
6248825.0,4.25437497742
6262648.0,4.25481002512
6276470.0,4.25524533635
6290295.0,4.25568088218
6304120.0,4.2561146816
6317945.0,4.25654772965
6331770.0,4.25698002735
6345595.0,4.25741057175
6359420.0,4.25783936386
6373245.0,4.25826839972
6387070.0,4.25869567596
6400895.0,4.25912119561
6414720.0,4.25954595411
6428545.0,4.25996895049
6442370.0,4.26039218248
6461555.0,4.26097832833
6480740.0,4.26156392263
6497660.0,4.26208008512
6511485.0,4.26250174391
6525310.0,4.26292261184
6539135.0,4.26334268644
6552960.0,4.26376196735
6566783.0,4.2641754665
6580605.0,4.26459017423
6594428.0,4.26500208109
6608250.0,4.26541419433
6622075.0,4.26582749401
6635900.0,4.26624199156
6649725.0,4.26665368881
6663550.0,4.26706558362
6677373.0,4.26747468851
6691195.0,4.26788299433
6705018.0,4.26829149026
6718840.0,4.26869818463
6732665.0,4.26910505662
6746490.0,4.26951012035
6760315.0,4.26991637539
6774140.0,4.27032082107
6787965.0,4.27072445616
6801790.0,4.27112727971
6815615.0,4.27153129097
6829440.0,4.2719324891
6843265.0,4.27233187306
6857090.0,4.27273044191
6870915.0,4.27312819471
6884740.0,4.27352513121
6890259.0,4.27368481034
6895778.0,4.27384351844
6901297.0,4.2740032552
6906815.0,4.27416202642
6912334.0,4.27432182102
6917853.0,4.27447964419
6923372.0,4.27463949605
6928890.0,4.27479738197
6937779.0,4.27505194456
6946668.0,4.27530658153
6955557.0,4.2755592924
6964445.0,4.27581308228
6973334.0,4.27606694032
6982223.0,4.27631987152
6991112.0,4.2765728757
7000000.0,4.27682495826
7007813.0,4.27788602894
7015625.0,4.27894711789
7023438.0,4.28000722154
7031250.0,4.28106634339
7039063.0,4.28212547988
7046875.0,4.28318463458
7054688.0,4.28424180415
7062500.0,4.28529899145
7070313.0,4.28635219364
7078125.0,4.28740441379
7085938.0,4.28845664835
7093750.0,4.289507901
7101563.0,4.29055816839
7109375.0,4.29160845349
7117188.0,4.29265775336
7125000.0,4.29370707086
7132813.0,4.29475440306
7140625.0,4.29580075282
7148438.0,4.29684711731
7156250.0,4.29789249948
7164063.0,4.298937896
7171875.0,4.29998131024
7179688.0,4.30102473915
7187500.0,4.30206818552
7195313.0,4.30310864618
7203125.0,4.30414812463
7210938.0,4.3051866175
7218750.0,4.30622512779
7226563.0,4.30726365244
7234375.0,4.30830119473
7242188.0,4.3093377512
7250000.0,4.31037332525
7257813.0,4.31140691333
7265625.0,4.31243951909
7273438.0,4.31347113932
7281250.0,4.31450277667
7289063.0,4.31553342833
7296875.0,4.31656409744
7304688.0,4.31759278057
7312500.0,4.31862248109
7320313.0,4.31964819578
7328125.0,4.32067392799
7335938.0,4.32169867409
7343750.0,4.32272243767
7351563.0,4.32374621527
7359375.0,4.32477001015
7367188.0,4.32579281911
7375000.0,4.3268146452
7382813.0,4.32783448559
7390625.0,4.32885434306
7398438.0,4.32987321445
7406250.0,4.33089210336
7414063.0,4.33191000613
7421875.0,4.33292692596
7429688.0,4.3339438599
7437500.0,4.33495981092
7443227.0,4.33570198756
7448953.0,4.33644517427
7454679.0,4.33718636927
7460405.0,4.3379275726
7466132.0,4.33866878267
7471858.0,4.33941000274
7477584.0,4.34015023096
7483310.0,4.34089046782
7491655.0,4.34196557573
7500000.0,4.34304069961
7507813.0,4.34404759516
7515625.0,4.34505350609
7523438.0,4.34605942968
7531250.0,4.34706436859
7539063.0,4.34806932033
7546875.0,4.34907328733
7554688.0,4.3500772668
7562500.0,4.35107926178
7570313.0,4.35207926946
7578125.0,4.3530782924
7585938.0,4.354077328
7593750.0,4.35507537891
7601563.0,4.35607244252
7609375.0,4.35706952149
7617188.0,4.3580656132
7625000.0,4.35906172002
7632813.0,4.36005583974
7640625.0,4.36104797482
7648438.0,4.36204112234
7656250.0,4.36303428538
7664063.0,4.36402546101
7671875.0,4.36501565211
7679688.0,4.36600685566
7687500.0,4.36699707482
7695313.0,4.3679833065
7703125.0,4.36896955354
7710938.0,4.36995481354
7718750.0,4.37094008876
7726563.0,4.37192437651
7734375.0,4.37290867993
7742188.0,4.37389199594
7750000.0,4.37487532737
7757813.0,4.37585567154
7765625.0,4.37683603111
7773438.0,4.37781640347
7781250.0,4.37879579108
7789063.0,4.37977419156
7796875.0,4.38075160754
7804688.0,4.38172903654
7812500.0,4.38270648072
7820313.0,4.38368193768
7828125.0,4.38465541038
7835938.0,4.38562989553
7843750.0,4.38660239658
7851563.0,4.38757591014
7859375.0,4.38854743947
7867188.0,4.38951998139
7875000.0,4.39049153913
7882813.0,4.39146010973
7890625.0,4.39242869592
7898438.0,4.39339629495
7906250.0,4.39436390953
7914063.0,4.39533053732
7921875.0,4.39629718054
7929688.0,4.39726383693
7937500.0,4.39822850862
7945313.0,4.39919219367
7953125.0,4.40015389429
7960938.0,4.40111660794
7968750.0,4.40207733734
7976563.0,4.40303907994
7984375.0,4.40399983807
7992188.0,4.40495960939
8000000.0,4.40591939671
8005338.0,4.40670618593
8010675.0,4.40749197919
8016013.0,4.4082787759
8021350.0,4.40906457637
8026688.0,4.40985138043
8032025.0,4.41063618837
8037363.0,4.4114219998
8042700.0,4.41220781513
8048039.0,4.41299263362
8053378.0,4.4137774561
8058717.0,4.41456228207
8064055.0,4.41534711207
8069394.0,4.41613094562
8074733.0,4.41691578301
8080072.0,4.41769962401
8085410.0,4.4184834692
8090748.0,4.41926431803
8096085.0,4.42004517097
8101423.0,4.42082702734
8106760.0,4.42160688782
8112098.0,4.42238675195
8117435.0,4.42316762002
8122773.0,4.42394749178
8128110.0,4.42472736768
8133449.0,4.42550524674
8138788.0,4.42628312984
8144127.0,4.42706101681
8149465.0,4.42783890798
8154804.0,4.42861680259
8160143.0,4.4293937012
8165482.0,4.43017160381
8170820.0,4.43094851046
8176158.0,4.43172442099
8181495.0,4.43249933578
8186833.0,4.43327425426
8192170.0,4.4340491771
8197508.0,4.43482410349
8202845.0,4.43559903405
8208183.0,4.43637296839
8213520.0,4.43714790693
8218859.0,4.43791984913
8224198.0,4.43869179536
8229537.0,4.4394647456
8234875.0,4.44023670001
8240214.0,4.44100865825
8245553.0,4.44177962076
8250892.0,4.44255258715
8256230.0,4.44332355804
8261568.0,4.44409253273
8266905.0,4.44485951195
8272243.0,4.44562849489
8277580.0,4.44639648217
8282918.0,4.44716447351
8288255.0,4.44793146919
8293593.0,4.44870046877
8298930.0,4.44946747284
8304269.0,4.4502334806
8309608.0,4.45100049256
8314947.0,4.45176650877
8320285.0,4.45253352943
8325624.0,4.45329955403
8330963.0,4.45406558281
8336302.0,4.45483161598
8341640.0,4.45559765345
8346978.0,4.45636269533
8352315.0,4.45712574165
8357653.0,4.4578897921
8362990.0,4.45865284712
8368328.0,4.45941690619
8373665.0,4.46017996986
8379003.0,4.46094303752
8384340.0,4.46170610978
8389679.0,4.46246618618
8395018.0,4.46322626691
8400357.0,4.46398535221
8405695.0,4.46474444187
8411034.0,4.46550353581
8416373.0,4.46626363427
8421712.0,4.46702273723
8427050.0,4.46778084474
8432388.0,4.46853995689
8437725.0,4.46929807359
8443063.0,4.47005619468
8448400.0,4.47081332045
8453738.0,4.47157145043
8459075.0,4.47232858534
8464413.0,4.47308672469
8469750.0,4.4738438686
8477515.0,4.47494463143
8485280.0,4.47604540403
8492075.0,4.47700559722
8498870.0,4.47796579843
8505665.0,4.4789250079
8512460.0,4.47988422567
8517798.0,4.4806356168
8523135.0,4.48138601339
8528473.0,4.4821374149
8533810.0,4.48288882162
8539148.0,4.48364023346
8544485.0,4.48439065044
8549823.0,4.48514107267
8555160.0,4.48589250023
8560499.0,4.48664193276
8565838.0,4.48739137054
8571177.0,4.48814181356
8576515.0,4.48889026196
8581854.0,4.48963971552
8587193.0,4.49038817439
8592532.0,4.49113863877
8597870.0,4.49188710852
8603208.0,4.49263358346
8608545.0,4.49338106403
8613883.0,4.49412654983
8619220.0,4.49487404127
8624558.0,4.495620538
8629895.0,4.49636704023
8635233.0,4.49711354786
8640570.0,4.49785906113
8645909.0,4.49860257963
8651248.0,4.49934610362
8656587.0,4.50009063332
8661925.0,4.50083416853
8667264.0,4.50157770925
8672603.0,4.50232025564
8677942.0,4.50306380768
8683280.0,4.50380736531
8689994.0,4.50473878476
8696708.0,4.50567121263
8703422.0,4.506602649
8710135.0,4.5075340941
8716849.0,4.50846554771
8723563.0,4.50939600992
8730277.0,4.51032648085
8736990.0,4.51125796053
8743705.0,4.51218544881
8750420.0,4.51311394589
8757135.0,4.51404145173
8763850.0,4.51496896651
8770565.0,4.51589649008
8777280.0,4.51682402263
8783995.0,4.5177505642
8790710.0,4.51867811471
8797424.0,4.51960167427
8804138.0,4.52052724295
8810852.0,4.52145082082
8817565.0,4.52237540773
8824279.0,4.5232990039
8830993.0,4.52422260926
8837707.0,4.52514522391
8844420.0,4.52606884798
8851135.0,4.52698848119
8857850.0,4.52790812386
8864565.0,4.52882777587
8871280.0,4.5297464374
8877995.0,4.53066410849
8884710.0,4.53158378909
8891425.0,4.5325014793
8898140.0,4.53342017923
8904507.0,4.53428888255
8910873.0,4.53515759436
8917239.0,4.53602531463
8923605.0,4.53689304354
8929972.0,4.53776178087
8936338.0,4.53862952684
8942704.0,4.53949728139
8949070.0,4.54036404463
8955437.0,4.54122981657
8961803.0,4.54209359727
8968169.0,4.54295838675
8974535.0,4.54382218513
8980902.0,4.54468599225
8987268.0,4.54554980812
8993634.0,4.54641463311
9000000.0,4.54727746693
9007607.0,4.54798069481
9015214.0,4.54868692958
9022821.0,4.54939717204
9030427.0,4.55011186954
9038034.0,4.55082912504
9045641.0,4.55155039857
9053248.0,4.55227467023
9060854.0,4.55300339998
9068461.0,4.55373468795
9076068.0,4.55447098418
9083675.0,4.55521029871
9091281.0,4.55595305143
9098888.0,4.55669938272
9106495.0,4.55744871243
9114102.0,4.55820405076
9121708.0,4.55896084742
9129315.0,4.55972121281
9136922.0,4.56048557693
9144529.0,4.56125394971
9152135.0,4.56202578121
9159742.0,4.56280017164
9167349.0,4.56357858095
9174956.0,4.56436098917
9182562.0,4.56514686643
9190169.0,4.56593633269
9197776.0,4.56672870816
9205383.0,4.56752419279
9212989.0,4.56832408649
9220596.0,4.56912848976
9228202.0,4.5699345022
9235809.0,4.57074492421
9243415.0,4.57155785556
9251022.0,4.57237539648
9258629.0,4.57319594703
9266236.0,4.57402040732
9273842.0,4.57484837718
9281449.0,4.57567895698
9289056.0,4.57651354655
9296663.0,4.57735104601
9304269.0,4.57819205559
9311876.0,4.57903767515
9319483.0,4.57988520473
9327090.0,4.58073784467
9334696.0,4.58159189466
9342303.0,4.5824505551
9349910.0,4.58331212581
9357517.0,4.58417780712
9365123.0,4.58504689873
9372730.0,4.58591860126
9380337.0,4.58679421422
9387944.0,4.58767393792
9395550.0,4.58855507238
9403157.0,4.5894408178
9410764.0,4.59032947411
9418371.0,4.59122124144
9425977.0,4.59211741957
9433584.0,4.59301720924
9441191.0,4.59391891024
9448798.0,4.5948237226
9456404.0,4.59573294544
9464011.0,4.59664578088
9471617.0,4.59756102681
9479224.0,4.59847978556
9486830.0,4.59940215496
9494849.0,4.6003457874
9502867.0,4.6012948331
9510886.0,4.6022465921
9518904.0,4.60320266547
9526923.0,4.60416135252
9534941.0,4.60512455316
9542959.0,4.60609076843
9550977.0,4.60706089661
9558996.0,4.60803374079
9567014.0,4.60901189782
9575032.0,4.60999217006
9583050.0,4.6109764555
9591069.0,4.61196525728
9599087.0,4.61295547253
9607105.0,4.61395180314
9615123.0,4.61494914847
9623142.0,4.61595200861
9631160.0,4.61695838451
9639178.0,4.61796667535
9647196.0,4.61898108122
9655215.0,4.61999600237
9663233.0,4.62101743965
9671251.0,4.62204079231
9679269.0,4.62306726045
9687288.0,4.62409724518
9695306.0,4.62513174565
9703324.0,4.62616916184
9711342.0,4.62721069403
9719361.0,4.62825474335
9727379.0,4.62930330867
9735397.0,4.63035489032
9743415.0,4.63140938937
9751434.0,4.63246850503
9759452.0,4.63353013711
9767471.0,4.63459528615
9775489.0,4.63566395296
9783508.0,4.6367361369
9791526.0,4.63781183778
9799544.0,4.63889145688
9807562.0,4.63997419241
9815581.0,4.64105944754
9823599.0,4.64214921915
9831617.0,4.64324200851
9839635.0,4.64433771678
9847654.0,4.6454380441
9855672.0,4.64654088858
9863690.0,4.64764675227
9871708.0,4.64875653438
9879727.0,4.64987003518
9887745.0,4.65098585445
9895763.0,4.65210679364
9903781.0,4.65322875182
9911800.0,4.6543562302
9919818.0,4.65548612669
9927836.0,4.65661914354
9935854.0,4.65775618001
9943873.0,4.65889573722
9951891.0,4.66003881419
9959909.0,4.66118581118
9967927.0,4.66233592819
9975946.0,4.66348856684
9983964.0,4.6646457256
9991982.0,4.66580480501
10000000.0,4.66696800524
10008830.0,4.66770487154
10017660.0,4.66844575813
10026490.0,4.6691906653
10035320.0,4.66994059309
10044150.0,4.67069454167
10052980.0,4.67145351134
10061810.0,4.67221750201
10070630.0,4.67298501118
10079460.0,4.67375704573
10088290.0,4.67453410084
10097120.0,4.67531517788
10105940.0,4.67609977378
10114770.0,4.67688989579
10123600.0,4.67768403918
10132430.0,4.678483205
10141250.0,4.67928589148
10150080.0,4.6800941028
10158910.0,4.68090633711
10167740.0,4.68172359566
10176570.0,4.68254387661
10185400.0,4.68337018201
10194230.0,4.68419951022
10203060.0,4.6850338633
10211880.0,4.68587073622
10220710.0,4.68671513771
10229540.0,4.68756156363
10238370.0,4.68841301324
10247190.0,4.68926798522
10256020.0,4.69012848569
10264850.0,4.69099301047
10273680.0,4.69186156158
10282500.0,4.69273363485
10288110.0,4.69313747842
10293720.0,4.69354233145
10299330.0,4.69394919183
10304930.0,4.69435565843
10310540.0,4.69476453576
10316140.0,4.69517401942
10321750.0,4.69558691373
10327350.0,4.69599931448
10332960.0,4.69641532613
10338560.0,4.69683074414
10344170.0,4.69724867418
10349770.0,4.69766720857
10355380.0,4.69808815613
10360980.0,4.69850960816
10366590.0,4.6989336734
10372190.0,4.69935814422
10377800.0,4.69978512627
10383410.0,4.70021211835
10389020.0,4.70064221837
10394620.0,4.70107272511
10400230.0,4.70150474434
10405830.0,4.70193736833
10411440.0,4.70237340591
10417040.0,4.70280904917
10422650.0,4.70324710518
10428250.0,4.70368566606
10433860.0,4.70412674073
10439460.0,4.70456742119
10445070.0,4.70501251481
10450670.0,4.70545721306
10456280.0,4.70590332559
10461880.0,4.70635094395
10467490.0,4.7068000756
10473100.0,4.70725131575
10478710.0,4.70770346681
10484310.0,4.7081551237
10489920.0,4.70861129417
10495520.0,4.70906707068
10501130.0,4.70952426078
10506730.0,4.70998305591
10512340.0,4.71044326583
10517940.0,4.71090498187
10523550.0,4.71136921182
10529150.0,4.7118330479
10534760.0,4.71229829806
10540360.0,4.71276515437
10545970.0,4.71323542486
10551570.0,4.71370520149
10557180.0,4.71417759252
10562780.0,4.71464938988
10568390.0,4.71512470164
10573990.0,4.71559961975
10579600.0,4.71607695134
10585200.0,4.71655489138
10590810.0,4.71703524512
10596410.0,4.71751610531
10602020.0,4.71799948029
10607620.0,4.71848246182
10613230.0,4.71896785824
10618830.0,4.71945486142
10624440.0,4.7199432794
10630040.0,4.72043220423
10635650.0,4.72092264416
10641250.0,4.72141469094
10646860.0,4.72190915283
10652470.0,4.72240462595
10658080.0,4.72290211011
10663680.0,4.72339920231
10669290.0,4.72389870893
10674890.0,4.7243978225
10680500.0,4.72490035179
10686100.0,4.72540338813
10691710.0,4.7259080402
10697310.0,4.72641410042
10702920.0,4.72692067556
10708520.0,4.72742985786
10714130.0,4.72793945628
10719730.0,4.72845056197
10725340.0,4.72896428488
10730940.0,4.72947741396
10736550.0,4.72999305947
10742160.0,4.73050971702
10747770.0,4.73102848743
10753370.0,4.73154666421
10758980.0,4.73206865772
10764580.0,4.7325892597
10770190.0,4.73311387762
10775790.0,4.73363850291
10781400.0,4.73416414615
10787000.0,4.73469179617
10792610.0,4.73522146323
10798210.0,4.73575013897
10803820.0,4.73628283106
10809420.0,4.73681353083
10815030.0,4.73735024905
10820630.0,4.73788397406
10826240.0,4.73842071773
10831850.0,4.73895847317
10837460.0,4.73950024159
10843060.0,4.7400400188
10848670.0,4.74058181298
10854270.0,4.74112561615
10859880.0,4.7416704365
10865480.0,4.74221526584
10871090.0,4.74276311256
10876690.0,4.74331196828
10882300.0,4.74386284148
10887900.0,4.74441172399
10893510.0,4.74496462408
10899110.0,4.74551953338
10904720.0,4.74607446058
10910320.0,4.74663039699
10915930.0,4.74718935149
10921530.0,4.74774731532
10927140.0,4.74830929835
10932740.0,4.7488692888
10938350.0,4.74943229966
10943950.0,4.74999631805
10949560.0,4.75056235686
10955160.0,4.75112940439
10960770.0,4.75169747065
10966370.0,4.75226754655
10971980.0,4.75283864238
10977580.0,4.75340874585
10983190.0,4.75398387056
10988790.0,4.75455700392
10994400.0,4.75513415662
11000000.0,4.75571051938
11007650.0,4.75622616714
11015290.0,4.75674482989
11022930.0,4.75726511325
11030570.0,4.75778871672
11038220.0,4.75831424493
11045860.0,4.75884188959
11053500.0,4.7593719543
11061140.0,4.7599044396
11068790.0,4.76043985019
11076430.0,4.76097727748
11084070.0,4.7615181255
11091710.0,4.76206049437
11099360.0,4.7626056892
11107000.0,4.76315290111
11114640.0,4.76370153421
11122280.0,4.76425368963
11129930.0,4.7648085707
11137570.0,4.76536656922
11145210.0,4.76592588932
11152850.0,4.76648673232
11160500.0,4.76705130157
11168140.0,4.76761798865
11175780.0,4.76818599791
11183420.0,4.76875743057
11191070.0,4.76933269119
11198710.0,4.76990796904
11206350.0,4.77048656957
11213990.0,4.77106669412
11221630.0,4.77165004172
11229270.0,4.77223491249
11236910.0,4.77282210747
11244550.0,4.77341372611
11252200.0,4.77400617306
11259840.0,4.7746015401
11267480.0,4.77519823009
11275120.0,4.77579734518
11282770.0,4.77640029026
11290410.0,4.77700415408
11298050.0,4.77761134353
11305690.0,4.77821985765
11313340.0,4.77883230265
11320980.0,4.77944556678
11328620.0,4.78006115724
11336260.0,4.78067907318
11343910.0,4.78129992062
11351550.0,4.78192358791
11359190.0,4.78254848226
11366830.0,4.78317580264
11374480.0,4.78380605559
11382120.0,4.78443803004
11389760.0,4.78507233114
11397400.0,4.78570895925
11405050.0,4.78634942086
11412690.0,4.78699070347
11420330.0,4.78763431466
11427970.0,4.78828015471
11435620.0,4.78892892834
11443260.0,4.78957842373
11450900.0,4.79023124861
11458540.0,4.79088740227
11466180.0,4.79154378594
11473820.0,4.79220359884
11481460.0,4.79286454119
11489100.0,4.79352881335
11497090.0,4.79415234165
11505070.0,4.79477769626
11513060.0,4.79540719116
11521040.0,4.79603751513
11529030.0,4.79667097809
11537010.0,4.79730527071
11544990.0,4.7979430982
11552970.0,4.79858336118
11560960.0,4.79922666678
11568940.0,4.79987090251
11576920.0,4.80051757471
11584900.0,4.8011666841
11592890.0,4.80181893819
11600870.0,4.80247402418
11608850.0,4.80313054843
11616830.0,4.80378951182
11624820.0,4.8044515234
11632800.0,4.80511536666
11640780.0,4.8057806526
11648760.0,4.80645047919
11656750.0,4.80712225543
11664730.0,4.80779486774
11672710.0,4.80846992367
11680690.0,4.80914842481
11688680.0,4.80982897808
11696660.0,4.8105122703
11704640.0,4.81119711045
11712620.0,4.81188429728
11720610.0,4.81257454195
11728590.0,4.81326652843
11736570.0,4.81396096567
11744550.0,4.81465875595
11752540.0,4.81535770681
11760520.0,4.81605940583
11768510.0,4.81676406838
11776490.0,4.81746957975
11784480.0,4.8181791597
11792460.0,4.81889039128
11800440.0,4.81960308602
11808420.0,4.82031814384
11816410.0,4.82103637746
11824390.0,4.82175627008
11832370.0,4.82247853362
11840350.0,4.82320416958
11848340.0,4.82393188868
11856320.0,4.82466137852
11864300.0,4.82539224688
11872280.0,4.8261263988
11880270.0,4.82686374769
11888250.0,4.82760277576
11896230.0,4.82834319786
11904210.0,4.82908701669
11912200.0,4.82983294605
11920180.0,4.83058057241
11928160.0,4.83133050697
11936140.0,4.83208395748
11944130.0,4.83283943945
11952110.0,4.83359663575
11960090.0,4.8343562632
11968070.0,4.83511832933
11976060.0,4.83588345035
11984040.0,4.83665031301
11992020.0,4.83741963554
12000000.0,4.838190325
12015320.0,4.83900884991
12030630.0,4.83982913465
12045940.0,4.8406518936
12061250.0,4.84147722966
12076570.0,4.84230485561
12091880.0,4.84313536004
12107190.0,4.84396725628
12122500.0,4.84480074873
12137820.0,4.84563955137
12153130.0,4.84647815086
12168440.0,4.84731926361
12183750.0,4.84816289382
12199070.0,4.84900985872
12214380.0,4.84985754423
12229690.0,4.85070976566
12245000.0,4.85156253257
12260320.0,4.85241865854
12275630.0,4.85327553349
12290940.0,4.8541368745
12306250.0,4.85499878811
12321570.0,4.85586409477
12336880.0,4.85673218145
12352190.0,4.85760076613
12367500.0,4.85847286064
12382820.0,4.85934738471
12398130.0,4.86022462531
12413440.0,4.86110350573
12428750.0,4.86198583642
12444070.0,4.86287074032
12459380.0,4.86375630411
12474690.0,4.86464545435
12490000.0,4.86553620261
12505940.0,4.86646574632
12521880.0,4.86739915307
12537820.0,4.86833443789
12553750.0,4.86927170454
12569690.0,4.87021269884
12585630.0,4.87115562548
12601570.0,4.87210240655
12617500.0,4.87305024215
12633440.0,4.87400078961
12649380.0,4.87495635325
12665320.0,4.8759139579
12681250.0,4.87687160899
12697190.0,4.87783506793
12713130.0,4.87880064282
12729070.0,4.87976916404
12745000.0,4.88073993935
12760940.0,4.88171263802
12776880.0,4.88269047376
12792820.0,4.88367147973
12808750.0,4.8846527688
12824690.0,4.88563922046
12840630.0,4.88662885182
12856570.0,4.88761970326
12872500.0,4.88861499047
12888440.0,4.88961360768
12904380.0,4.89061447593
12920320.0,4.89161984154
12936250.0,4.89262682805
12952190.0,4.89363814313
12968130.0,4.89465411274
12984070.0,4.89567169647
13000000.0,4.8966930212
13010020.0,4.89725169575
13020040.0,4.897809397
13030060.0,4.89837032908
13040080.0,4.89892929715
13050100.0,4.89949140005
13060120.0,4.90005254521
13070140.0,4.90061583392
13080150.0,4.90117834675
13090170.0,4.90174283411
13100190.0,4.90230747691
13110210.0,4.90287317581
13120230.0,4.9034390371
13130250.0,4.90400696457
13140270.0,4.90457505981
13150290.0,4.9051442285
13160300.0,4.90571264783
13177110.0,4.90663031753
13193920.0,4.90754802397
13210730.0,4.90846978232
13227530.0,4.90939268108
13244340.0,4.91031848235
13261140.0,4.91124435324
13277950.0,4.91217425803
13294750.0,4.91310535927
13311560.0,4.91403942727
13328370.0,4.91497455204
13345180.0,4.91591274956
13361980.0,4.91685220771
13378790.0,4.91779470159
13395590.0,4.91873729072
13412400.0,4.919684052
13429200.0,4.92063304607
13447040.0,4.92156144324
13464880.0,4.92249426336
13482720.0,4.92342722203
13500550.0,4.9243627035
13518390.0,4.92530027829
13536230.0,4.926241335
13554070.0,4.92718268844
13571900.0,4.92812742472
13589740.0,4.92907341989
13607580.0,4.93002186037
13625420.0,4.93097356251
13643250.0,4.93192681425
13661090.0,4.93288239215
13678930.0,4.93384028769
13696770.0,4.93479971631
13714600.0,4.93576256589
13732440.0,4.93672681892
13750280.0,4.93769456674
13768120.0,4.938663824
13785950.0,4.93963548368
13803790.0,4.94060973332
13821630.0,4.94158745698
13839470.0,4.94256568387
13857300.0,4.9435474926
13875140.0,4.94453088785
13892980.0,4.94551685222
13910820.0,4.94650651344
13928650.0,4.94749765472
13946490.0,4.94849258122
13964330.0,4.94948808326
13982170.0,4.9504872862
14000000.0,4.95148917592
14031250.0,4.95238303955
14062500.0,4.95328219029
14093750.0,4.95418662336
14125000.0,4.9550976319
14156250.0,4.95601511302
14187500.0,4.95693816989
14218750.0,4.95786700682
14250000.0,4.95880363189
14281250.0,4.95974625772
14312500.0,4.96069579914
14343750.0,4.96165057686
14375000.0,4.96261351882
14406250.0,4.96358294991
14437500.0,4.96455980754
14468750.0,4.96554322626
14500000.0,4.96653455308
14531250.0,4.96739780059
14562500.0,4.96826687139
14593750.0,4.96914186345
14625000.0,4.97002367893
14656250.0,4.97091062572
14687500.0,4.97180471472
14718750.0,4.97270395379
14750000.0,4.97360966509
14781250.0,4.97452276664
14812500.0,4.97544247885
14843750.0,4.97636783618
14875000.0,4.97730206556
14906250.0,4.97824220519
14937500.0,4.97918939584
14968750.0,4.9801438798
15000000.0,4.98110570867
15013040.0,4.98097788193
15026070.0,4.98085026009
15039110.0,4.98072547095
15052140.0,4.98060089871
15065180.0,4.98047917108
15078210.0,4.98035767434
15091250.0,4.9802380385
15104280.0,4.98011974527
15117320.0,4.98000222653
15130350.0,4.9798879635
15143390.0,4.97977259026
15156420.0,4.97966158683
15169460.0,4.97955038989
15182490.0,4.97944057596
15195520.0,4.97933281403
15208550.0,4.9792261156
15221590.0,4.97912035807
15234620.0,4.97901800644
15247660.0,4.97891451261
15260690.0,4.97881534228
15273730.0,4.97871614375
15286760.0,4.97861828642
15299800.0,4.97852241499
15312830.0,4.97842789967
15325870.0,4.97833539154
15338900.0,4.97824325241
15351940.0,4.97815403989
15364970.0,4.97806530936
15378010.0,4.97797852414
15391040.0,4.97789324111
15404070.0,4.97781014199
15417100.0,4.97772823747
15430500.0,4.97762824883
15443900.0,4.97752952529
15457300.0,4.97743207745
15470690.0,4.97733723441
15484090.0,4.97724456697
15497490.0,4.97715220413
15510890.0,4.9770622579
15524280.0,4.97697485606
15537680.0,4.97688867443
15551080.0,4.97680384299
15564480.0,4.97672146876
15577870.0,4.97663967912
15591270.0,4.97656115829
15604660.0,4.97648424296
15618060.0,4.97640861893
15631450.0,4.97633571959
15644850.0,4.97626394126
15658250.0,4.97619370043
15671650.0,4.9761260135
15685040.0,4.97605999697
15698440.0,4.97599534984
15711840.0,4.97593319001
15725240.0,4.97587353319
15738630.0,4.97581569346
15752030.0,4.97575927833
15765430.0,4.97570430351
15778830.0,4.97565208058
15792220.0,4.97560252346
15805620.0,4.97555344733
15819010.0,4.97550716151
15832410.0,4.97546238618
15845800.0,4.97542042926
15845810.0,4.97542022246
15855450.0,4.97535030134
15865090.0,4.97528204802
15874730.0,4.9752135629
15884360.0,4.97514705391
15894000.0,4.97508102029
15903640.0,4.97501676498
15913280.0,4.97495229856
15922910.0,4.97488882267
15932550.0,4.97482684035
15942190.0,4.97476665333
15951830.0,4.97470627132
15961460.0,4.97464689523
15971100.0,4.97458903132
15980730.0,4.97453117933
15990370.0,4.97447595211
16000000.0,4.97442064463
16015630.0,4.97316577722
16031250.0,4.97191503862
16046880.0,4.97066614542
16062500.0,4.96942140022
16078130.0,4.96817852071
16093750.0,4.96693971101
16109380.0,4.96570399151
16125000.0,4.96447126251
16140630.0,4.96324064731
16156250.0,4.96201404261
16171880.0,4.96079058071
16187500.0,4.95957014281
16203130.0,4.95835287341
16218750.0,4.95713866421
16234380.0,4.95592654101
16250000.0,4.95471959911
16265630.0,4.95351386761
16281250.0,4.95231223151
16296880.0,4.95111374131
16312500.0,4.94991848181
16328130.0,4.94872538591
16343750.0,4.94753743391
16359380.0,4.94634978141
16375000.0,4.94516840942
16390630.0,4.94398815482
16406250.0,4.94281220432
16421880.0,4.94163960132
16437500.0,4.94047021713
16453130.0,4.93930311983
16468750.0,4.93813937723
16484380.0,4.93697984193
16500000.0,4.93582377854
16515630.0,4.93466996284
16531250.0,4.93352055535
16546880.0,4.93237251735
16562500.0,4.93122991485
16578130.0,4.93008971386
16593750.0,4.92895286696
16609380.0,4.92781956267
16625000.0,4.92668955717
16640630.0,4.92556211558
16656250.0,4.92443918068
16671880.0,4.92331966419
16687500.0,4.92220369949
16703130.0,4.9210912619
16718750.0,4.91998141531
16734380.0,4.91887514181
16750000.0,4.91777337062
16765630.0,4.91667321743
16781250.0,4.91557860824
16796880.0,4.91448674105
16812500.0,4.91339835185
16828130.0,4.91231175766
16843750.0,4.91123185547
16859380.0,4.91015358528
16875000.0,4.90907905809
16890630.0,4.90800829291
16906250.0,4.90694220372
16921880.0,4.90587892253
16937500.0,4.90481935234
16953130.0,4.90376172816
16968750.0,4.90270984998
16984380.0,4.90166176879
17000000.0,4.90061655661
17015630.0,4.89945231644
17031250.0,4.89829239626
17046880.0,4.89713330409
17062500.0,4.89597855592
17078130.0,4.89482564975
17093750.0,4.89367609758
17109380.0,4.89252851243
17125000.0,4.89138519527
17140630.0,4.89024288012
17156250.0,4.88910486498
17171880.0,4.88796893485
17187500.0,4.88683621973
17203130.0,4.88570560462
17218750.0,4.88457835752
17234380.0,4.88345403543
17250000.0,4.88233219436
17265630.0,4.88121350532
17281250.0,4.88009812129
17296880.0,4.87898470329
17312500.0,4.87787481433
17328130.0,4.8767671194
17343750.0,4.87566276551
17359380.0,4.87456153567
17375000.0,4.87346377089
17390630.0,4.87236815218
17406250.0,4.87127501554
17421880.0,4.87018505399
17437500.0,4.86909860055
17453130.0,4.86801543323
17468750.0,4.86693470906
17484380.0,4.86585620404
17500000.0,4.86478234622
17515630.0,4.86370954263
17531250.0,4.86264141229
17546880.0,4.86157556526
17562500.0,4.86051341359
17578130.0,4.85945335532
17593750.0,4.85839702253
17609380.0,4.8573429333
17625000.0,4.85629267871
17640630.0,4.85524558989
17656250.0,4.85420116793
17671880.0,4.853159231
17687500.0,4.85212190226
17703130.0,4.8510869829
17718750.0,4.85005477815
17734380.0,4.84902613628
17750000.0,4.84800113158
17765630.0,4.84697851343
17781250.0,4.84595976522
17796880.0,4.84494353346
17812500.0,4.84393100369
17828130.0,4.84292100759
17843750.0,4.8419148439
17859380.0,4.84091135754
17875000.0,4.83991152849
17890630.0,4.83891541202
17906250.0,4.83792209745
17921880.0,4.83693251252
17937500.0,4.83594574499
17953130.0,4.83496268222
17968750.0,4.83398245762
17984380.0,4.83300615934
18000000.0,4.83203265169
18015630.0,4.83005230193
18031250.0,4.82807529751
18046880.0,4.82610193641
18062500.0,4.82413414734
18078130.0,4.82216790847
18093750.0,4.82020816065
18109380.0,4.81825008225
18125000.0,4.81629751627
18140630.0,4.81434864835
18156250.0,4.81240428167
18171880.0,4.81046265514
18187500.0,4.8085265582
18203130.0,4.80659210209
18218750.0,4.80466429651
18234380.0,4.80273916713
18250000.0,4.80081970894
18265630.0,4.7989019471
18281250.0,4.79698975999
18296880.0,4.79507941635
18312500.0,4.79317567797
18328130.0,4.7912746783
18343750.0,4.78937853067
18359380.0,4.7874859483
18375000.0,4.78559823517
18390630.0,4.78371242446
18406250.0,4.78183310988
18421880.0,4.77995683176
18437500.0,4.77808536069
18453130.0,4.77621658636
18468750.0,4.77435374037
18484380.0,4.77249282107
18500000.0,4.77063877628
18515630.0,4.76878769327
18531250.0,4.7669403383
18546880.0,4.76509716593
18562500.0,4.76325988521
18578130.0,4.76142352537
18593750.0,4.75959430654
18609380.0,4.75776808119
18625000.0,4.7559469199
18640630.0,4.75413003401
18656250.0,4.75231798305
18671880.0,4.75050835389
18687500.0,4.74870492658
18703130.0,4.74690473147
18718750.0,4.74511069677
18734380.0,4.7433201783
18750000.0,4.7415349353
18765630.0,4.73975228931
18781250.0,4.73797691953
18796880.0,4.73620428374
18812500.0,4.73443724625
18828130.0,4.73267486685
18843750.0,4.73091823542
18859380.0,4.72916541782
18875000.0,4.72741950319
18890630.0,4.72567580407
18906250.0,4.72394000083
18921880.0,4.72220861373
18937500.0,4.72048256193
18953130.0,4.7187629851
18968750.0,4.71704889875
18984380.0,4.71533879375
19000000.0,4.71363749359
19031250.0,4.70997114407
19062500.0,4.70632017679
19093750.0,4.7026837051
19125000.0,4.69906072633
19156250.0,4.69545335062
19187500.0,4.69185987223
19218750.0,4.68828332962
19250000.0,4.68471972315
19281250.0,4.68117127034
19312500.0,4.67763801437
19343750.0,4.67412018028
19375000.0,4.67061781125
19406250.0,4.66713103575
19437500.0,4.6636592372
19468750.0,4.66020224397
19500000.0,4.65676352816
19531250.0,4.65333896859
19562500.0,4.64992994162
19593750.0,4.64653752616
19625000.0,4.6431624395
19656250.0,4.63980308085
19687500.0,4.63646004659
19718750.0,4.63313448523
19750000.0,4.62982673557
19781250.0,4.62653492561
19812500.0,4.62326134086
19843750.0,4.6200052454
19875000.0,4.61676792624
19906250.0,4.61354859908
19937500.0,4.61034787093
19968750.0,4.60716579277
20000000.0,4.60400280081
