Ge,76
E_eV,Sig_b
1e-05,63.022314
1.03125e-05,62.076664
1.0625e-05,61.173291
1.09375e-05,60.309155
1.125e-05,59.481495
1.15625e-05,58.687841
1.1875e-05,57.92592
1.21875e-05,57.193697
1.25e-05,56.48929
1.28125e-05,55.811004
1.3125e-05,55.157255
1.34375e-05,54.526623
1.375e-05,53.917773
1.4375e-05,52.760664
1.5e-05,51.677213
1.5625e-05,50.659989
1.625e-05,49.70254
1.6875e-05,48.799275
1.75e-05,47.945286
1.8125e-05,47.136306
1.875e-05,46.36852
1.9375e-05,45.638582
2e-05,44.943497
2.09375e-05,43.960481
2.1875e-05,43.042088
2.28125e-05,42.181608
2.375e-05,41.373228
2.46875e-05,40.611941
2.5625e-05,39.893402
2.65625e-05,39.213795
2.75e-05,38.56975
2.84375e-05,37.958305
2.9375e-05,37.376833
3.03125e-05,36.822989
3.125e-05,36.294671
3.21875e-05,35.790015
3.3125e-05,35.307318
3.40625e-05,34.84505
3.5e-05,34.401827
3.59375e-05,33.976401
3.6875e-05,33.567631
3.78125e-05,33.174464
3.875e-05,32.795952
3.96875e-05,32.431215
4.0625e-05,32.079452
4.25e-05,31.411965
4.4375e-05,30.788213
4.625e-05,30.20371
4.8125e-05,29.65456
5e-05,29.1374
5.15625e-05,28.728742
5.3125e-05,28.338765
5.46875e-05,27.966087
5.625e-05,27.609517
5.78125e-05,27.267945
5.9375e-05,26.940366
6.09375e-05,26.625866
6.25e-05,26.323629
6.40625e-05,26.032892
6.5625e-05,25.752955
6.71875e-05,25.48319
6.875e-05,25.223003
7.1875e-05,24.729252
7.5e-05,24.26787
7.8125e-05,23.83555
8.125e-05,23.429442
8.4375e-05,23.047075
8.75e-05,22.686284
9.0625e-05,22.345171
9.375e-05,22.022073
9.6875e-05,21.715504
0.0001,21.424135
0.000103125,21.1468
0.00010625,20.882453
0.000109375,20.630125
0.0001125,20.388987
0.000115625,20.158252
0.00011875,19.93723
0.000121875,19.725281
0.000125,19.521821
0.000128125,19.326322
0.00013125,19.138303
0.000134375,18.957317
0.0001375,18.782952
0.00014375,18.452616
0.00015,18.144621
0.00015625,17.856654
0.0001625,17.586731
0.00016875,17.33314
0.000175,17.094359
0.00018125,16.869088
0.0001875,16.656147
0.00019375,16.454524
0.0002,16.26329
0.000209375,15.994175
0.00021875,15.744229
0.000228125,15.511406
0.0002375,15.293939
0.000246875,15.090318
0.00025625,14.899211
0.000265625,14.719479
0.000275,14.550087
0.000284375,14.390159
0.00029375,14.2389
0.000303125,14.095588
0.0003125,13.959621
0.000321875,13.830433
0.00033125,13.707497
0.000340625,13.590384
0.00035,13.478668
0.000359375,13.37198
0.00036875,13.269984
0.000378125,13.172369
0.0003875,13.078858
0.000396875,12.989185
0.00040625,12.903119
0.000425,12.740962
0.00044375,12.59085
0.0004625,12.451462
0.00048125,12.321685
0.0005,12.200537
0.000515625,12.105566
0.00053125,12.015581
0.000546875,11.930179
0.0005625,11.849031
0.000578125,11.771814
0.00059375,11.698257
0.000609375,11.6280848
0.000625,11.5610938
0.000640625,11.4970442
0.00065625,11.4357582
0.000671875,11.3770606
0.0006875,11.3207879
0.00071875,11.214923
0.00075,11.1171204
0.00078125,11.0264884
0.0008125,10.9422535
0.00084375,10.8637567
0.000875,10.7904287
0.00090625,10.7217688
0.0009375,10.6573399
0.00096875,10.5967579
0.001,10.539686
0.00103125,10.485821
0.0010625,10.4348998
0.00109375,10.3866813
0.001125,10.3409553
0.00115625,10.2975289
0.0011875,10.2562298
0.00121875,10.2169046
0.00125,10.1794108
0.00128125,10.1436233
0.0013125,10.1094234
0.00134375,10.0767072
0.001375,10.0453782
0.0014375,9.9865362
0.0015,9.932275
0.0015625,9.8820686
0.001625,9.8354686
0.0016875,9.7920911
0.00175,9.7516051
0.0018125,9.713722
0.001875,9.6781944
0.0019375,9.6448024
0.002,9.6133528
0.00209375,9.5694561
0.0021875,9.5290606
0.00228125,9.4917505
0.002375,9.4571762
0.00246875,9.4250374
0.0025625,9.3950764
0.00265625,9.3670735
0.00275,9.3408368
0.00284375,9.3161972
0.0029375,9.2930088
0.00303125,9.2711423
0.003125,9.2504844
0.00321875,9.2309337
0.0033125,9.2123999
0.00340625,9.194804
0.0035,9.1780726
0.00359375,9.1621409
0.0036875,9.1469518
0.00378125,9.1324521
0.003875,9.1185938
0.00396875,9.1053331
0.0040625,9.0926318
0.00425,9.0687651
0.0044375,9.0467388
0.004625,9.0263406
0.0048125,9.0073886
0.005,8.9897296
0.00515625,8.9759028
0.0053125,8.9628131
0.00546875,8.9504014
0.005625,8.9386125
0.00578125,8.9273994
0.0059375,8.9167185
0.00609375,8.9065325
0.00625,8.8968039
0.00640625,8.8875042
0.0065625,8.8786016
0.00671875,8.8700711
0.006875,8.8618883
0.0071875,8.8464823
0.0075,8.832229
0.0078125,8.8189969
0.008125,8.806675
0.0084375,8.7951691
0.00875,8.7843969
0.0090625,8.7742864
0.009375,8.7647755
0.0096875,8.7558094
0.01,8.7473415
0.0103125,8.7393279
0.010625,8.7317322
0.0109375,8.7245204
0.01125,8.7176617
0.0115625,8.7111313
0.011875,8.7049043
0.0121875,8.6989576
0.0125,8.6932728
0.0128125,8.6878321
0.013125,8.6826184
0.0134375,8.677618
0.01375,8.6728167
0.014375,8.6637624
0.015,8.6553701
0.015625,8.6475656
0.01625,8.6402852
0.016875,8.633475
0.0175,8.6270886
0.018125,8.6210862
0.01875,8.6154307
0.019375,8.6100911
0.02,8.6050414
0.0206625,8.5999767
0.021325,8.595184
0.0219875,8.5906414
0.02265,8.5863268
0.0233125,8.5822242
0.023975,8.5783172
0.0246375,8.5745893
0.0253,8.5710305
0.02645782,8.565178
0.02761563,8.5597462
0.02877344,8.5546899
0.02993125,8.549968
0.03108907,8.5455469
0.03224688,8.541396
0.03340469,8.5374905
0.0345625,8.5338073
0.03552735,8.5308931
0.03649219,8.5281101
0.03745704,8.5254484
0.03842188,8.5228989
0.03938673,8.5204556
0.04035157,8.51811
0.04131641,8.5158579
0.04228125,8.5136913
0.04421094,8.5095986
0.04614063,8.5057933
0.04807032,8.5022464
0.05,8.4989292
0.0515625,8.4963958
0.053125,8.4939871
0.0546875,8.4916937
0.05625,8.4895068
0.0578125,8.487418
0.059375,8.4854214
0.0609375,8.48351039
0.0625,8.48167861
0.0640625,8.47992108
0.065625,8.47823398
0.0671875,8.47661076
0.06875,8.47505003
0.071875,8.47209545
0.075,8.4693457
0.078125,8.46677758
0.08125,8.46437185
0.084375,8.46211378
0.0875,8.45998785
0.090625,8.45798353
0.09375,8.45608817
0.096875,8.45429384
0.1,8.45259126
0.103125,8.45097271
0.10625,8.44943297
0.109375,8.44796423
0.1125,8.44656208
0.115625,8.44522243
0.11875,8.44394049
0.121875,8.44271072
0.125,8.44153184
0.128125,8.44039973
0.13125,8.43931243
0.134375,8.43826512
0.1375,8.43725606
0.14375,8.43534641
0.15,8.43356423
0.15625,8.43189631
0.1625,8.43033289
0.16875,8.42886219
0.175,8.4274762
0.18125,8.42616766
0.1875,8.42492892
0.19375,8.42375484
0.2,8.42263958
0.209375,8.42106612
0.21875,8.41959999
0.228125,8.41822999
0.2375,8.41694521
0.246875,8.4157385
0.25625,8.41460243
0.265625,8.41352921
0.275,8.41251365
0.284375,8.41155202
0.29375,8.41063805
0.303125,8.40976878
0.3125,8.40893959
0.321875,8.40814914
0.33125,8.40739329
0.340625,8.40667015
0.35,8.40597696
0.359375,8.40531217
0.36875,8.40467435
0.378125,8.40406027
0.3875,8.40346984
0.396875,8.40290104
0.40625,8.40235278
0.425,8.40131225
0.44375,8.40033882
0.4625,8.39942562
0.5,8.39776027
0.53125,8.39651058
0.5625,8.3953644
0.59375,8.39431025
0.625,8.39333666
0.6875,8.39158834
0.75,8.39006023
0.8125,8.38870695
0.875,8.38749819
0.9375,8.38640694
1.0,8.38541169
1.0625,8.38449885
1.125,8.38365721
1.1875,8.38287747
1.25,8.38215179
1.375,8.38083482
1.5,8.37966679
1.625,8.37861699
1.75,8.37766496
1.875,8.37679309
2.0,8.3759848
2.1875,8.37487702
2.375,8.37387022
2.5625,8.37294742
2.75,8.37209367
2.9375,8.37129568
3.125,8.37054451
3.3125,8.36983404
3.5,8.36915917
3.875,8.36789809
4.25,8.36673144
4.625,8.3656409
5.0,8.36461149
5.3125,8.36379179
5.625,8.36300137
5.9375,8.36223604
6.25,8.361493718
6.875,8.360065426
7.5,8.358698649
8.125,8.357380894
8.75,8.356103961
9.375,8.354860922
10.0,8.353646339
10.625,8.352454619
11.25,8.351283536
11.875,8.350130469
12.5,8.348993263
13.75,8.346756553
15.0,8.344562203
16.25,8.342403093
17.5,8.340272353
18.75,8.338163168
20.0,8.336074703
21.875,8.332970125
23.75,8.32989576
25.625,8.326844093
27.5,8.323812122
29.375,8.320795552
31.25,8.317792769
33.125,8.314801905
35.0,8.311820345
38.75,8.305878058
42.5,8.29996076
46.25,8.294060668
50.0,8.288172595
53.125,8.283274451
56.25,8.27837908
59.375,8.273488368
62.5,8.268599353
68.75,8.258823342
75.0,8.24904306
81.25,8.239255893
87.5,8.229453188
93.75,8.219634858
100.0,8.20979328
106.25,8.199926246
112.5,8.190030756
118.75,8.180103001
125.0,8.170139322
137.5,8.150088105
150.0,8.129849761
162.5,8.10938995
175.0,8.088674046
187.5,8.067663871
200.0,8.046317614
214.0625,8.021810589
228.125,7.996786035
239.8438,7.975378092
251.5625,7.953454538
263.2813,7.930953698
275.0,7.907787266
284.375,7.888665302
293.75,7.868979064
303.125,7.848657293
312.5,7.827619906
321.875,7.805776035
331.25,7.783017076
340.625,7.759213764
350.0,7.734218264
357.0313,7.71447337
364.0625,7.694102687
371.0938,7.672605096
378.125,7.650106384
385.1563,7.62629842
392.1875,7.601209471
399.2188,7.574432568
406.25,7.545984549
410.9375,7.525841183
415.625,7.504683422
420.3125,7.482400793
425.0,7.458871294
429.1016,7.437124218
433.2032,7.41417413
437.3048,7.389929761
441.4063,7.364477063
445.5079,7.337236779
449.6094,7.308202859
453.711,7.277176755
457.8125,7.24388543
461.0352,7.215900329
464.2579,7.186194119
467.4806,7.15453034
470.7032,7.120640292
473.9259,7.0843744
477.1485,7.04529807
478.7599,7.02465485
480.3712,7.00310986
481.9825,6.98073248
483.5938,6.95745377
485.6446,6.92628823
487.6954,6.89331568
489.7462,6.85838383
491.7969,6.82154426
493.8477,6.78214133
495.8985,6.74012141
497.9493,6.69520392
500.0,6.64702317
501.5865,6.60728694
503.173,6.56523107
504.7595,6.52059591
506.346,6.47312815
507.9325,6.42264559
509.519,6.36872641
510.3123,6.3403094
511.1055,6.31089159
511.8988,6.28040784
512.692,6.248806
513.7828,6.20339932
514.8735,6.15557302
515.9642,6.1051206
517.0549,6.05181615
518.1457,5.99540567
519.2364,5.93561584
520.3271,5.87212891
521.4178,5.80458812
522.459,5.73596411
522.9796,5.70000901
523.5001,5.66289615
524.0207,5.62455365
524.5413,5.58492728
525.0619,5.54395337
525.5824,5.50156997
526.103,5.45768831
526.6236,5.41223853
527.1442,5.36513519
527.6647,5.31629908
528.1853,5.26562282
528.7058,5.2130454
529.2264,5.1584684
529.7469,5.1017599
530.2923,5.0398306
530.8377,4.9751871
531.3831,4.9076958
531.9284,4.8372018
532.4738,4.7634894
533.0191,4.6863806
533.5645,4.6056257
534.1098,4.5210201
534.6552,4.4322829
535.2006,4.3391646
535.746,4.2413868
536.2913,4.1386811
536.564,4.0853697
536.8367,4.0307108
537.1094,3.9746653
537.382,3.9172197
537.6547,3.8582944
537.9274,3.7978771
538.2001,3.7359371
538.4727,3.6724671
538.8446,3.5833337
539.2164,3.4912533
539.5883,3.3961643
539.9601,3.2981336
540.332,3.1971597
540.7038,3.0934122
540.8897,3.0405512
541.0756,2.9870825
541.2615,2.9330555
541.4474,2.8785293
541.7201,2.7977967
541.9928,2.7164345
542.2655,2.6348126
542.5381,2.5534388
542.8108,2.4728672
543.0835,2.3939171
543.3562,2.3176029
543.4925,2.28084
543.6288,2.2452514
543.8643,2.1871892
544.0998,2.13467
544.3353,2.0894001
544.4531,2.0701253
544.5708,2.0535226
544.6886,2.0399214
544.8063,2.0297504
544.9241,2.0234467
545.0418,2.0215403
545.1596,2.0246131
545.2773,2.0333279
545.3951,2.0484575
545.5128,2.0708407
545.6058,2.0943097
545.6988,2.1234769
545.7918,2.1589561
545.8847,2.2013816
545.9777,2.2516106
546.0706,2.3103934
546.1171,2.3433444
546.1636,2.3788212
546.2101,2.4169649
546.2565,2.4578324
546.3061,2.5047969
546.3557,2.5553479
546.4053,2.6097055
546.4548,2.6679823
546.5044,2.7306627
546.554,2.7979038
546.6036,2.8699935
546.6531,2.9470806
546.7213,3.06232
546.7554,3.1241258
546.7895,3.1888905
546.8236,3.256748
546.8577,3.3278393
546.8918,3.4023162
546.9258,3.4800987
546.9599,3.5618131
546.994,3.6474102
547.0281,3.7370753
547.0621,3.8307241
547.0962,3.9291142
547.1303,4.0321978
547.1644,4.1402068
547.1984,4.2530507
547.231,4.3663185
547.2635,4.4844276
547.2961,4.6083626
547.3286,4.7376334
547.3612,4.8733305
547.3937,5.0149262
547.4262,5.163158
547.4587,5.318366
547.4913,5.481447
547.5238,5.651788
547.5564,5.830867
547.5889,6.01804
547.6215,6.214953
547.654,6.420913
547.6865,6.637075
547.719,6.864038
547.7531,7.114497
547.7872,7.378376
547.8213,7.656551
547.8554,7.94998
547.8895,8.2597
547.9236,8.586846
547.9577,8.932653
547.9917,9.297373
548.0258,9.684631
548.0599,10.095011
548.094,10.530304
548.1281,10.992483
548.1622,11.483722
548.1963,12.006426
548.2304,12.563252
548.2644,13.155347
548.2877,13.584045
548.3109,14.030728
548.3342,14.500462
548.3574,14.990515
548.3807,15.506515
548.4039,16.045534
548.4271,16.611342
548.4503,17.205667
548.4736,17.833131
548.4968,18.490352
548.5201,19.185169
548.5433,19.913926
548.5666,20.68543
548.5898,21.49571
548.613,22.35088
548.6362,23.25402
548.6548,24.01494
548.6734,24.81062
548.692,25.64297
548.7106,26.51401
548.7292,27.42589
548.7478,28.38086
548.7664,29.38132
548.785,30.42977
548.8036,31.52886
548.8222,32.68139
548.8408,33.89029
548.8594,35.15864
548.878,36.48974
548.8966,37.88696
548.9152,39.35391
548.9337,40.88585
548.9508,42.36988
548.9678,43.91325
548.9849,45.53744
549.0019,47.22688
549.019,49.00505
549.036,50.85487
549.053,52.79033
549.07,54.81543
549.0871,56.94705
549.1041,59.16456
549.1212,61.49852
549.1382,63.92626
549.1553,66.48111
549.1723,69.1381
549.1893,71.91688
549.2063,74.8226
549.2234,77.87888
549.2404,81.05545
549.2575,84.39536
549.2745,87.86531
549.2916,91.51208
549.3086,95.29901
549.3427,103.40536
549.3768,112.23495
549.4109,121.83987
549.445,132.27333
549.4791,143.58926
549.5132,155.84184
549.5473,169.08498
549.5814,183.37167
549.6155,198.7531
549.6496,215.27838
549.6837,232.99316
549.7178,251.93926
549.7518,272.09222
549.7859,293.60124
549.82,316.43284
549.8541,340.60305
549.8881,366.0421
549.9222,392.8969
549.9563,421.0811
549.9904,450.5693
550.0244,481.2318
550.0585,513.1982
550.0926,546.3159
550.1608,615.6744
550.229,688.5035
550.2971,763.6579
550.4458,929.9049
550.514,1003.7563
550.5821,1073.6769
550.6503,1138.1621
550.7185,1195.4489
550.7599,1226.0577
550.8013,1253.1387
550.8427,1276.417
550.884,1295.6141
550.942,1315.4247
551.0,1326.5505
551.0146,1327.9561
551.062,1328.6269
551.1093,1323.3914
551.1566,1312.3645
551.2039,1295.7361
551.242,1278.4494
551.2801,1257.876
551.3182,1234.218
551.3563,1207.7011
551.4317,1147.7761
551.507,1079.8082
551.5892,998.9408
551.6713,914.0155
551.7467,834.7054
551.822,756.21
551.8973,680.0627
551.935,643.2504
551.9726,607.5961
552.0,582.348
552.0377,548.6981
552.0754,516.3831
552.1131,485.466
552.1507,456.06832
552.1884,428.06169
552.226,401.6074
552.2637,376.56349
552.3013,353.04902
552.3304,335.83774
552.3595,319.47146
552.3886,303.93168
552.4177,289.1973
552.4468,275.24509
552.4759,262.04989
552.505,249.58518
552.5341,237.8231
552.5632,226.73507
552.5923,216.29201
552.6214,206.46435
552.6505,197.22245
552.6796,188.53717
552.7087,180.37928
552.7378,172.72016
552.7669,165.53196
552.8046,156.87536
552.8423,148.90663
552.88,141.57143
552.9176,134.83561
552.9553,128.61507
552.993,122.88313
553.0307,117.59775
553.0683,112.73209
553.106,108.22422
553.1437,104.05435
553.1814,100.19199
553.219,96.6184
553.2567,93.28924
553.2943,90.1992
553.332,87.31095
553.3696,84.62096
553.4073,82.09781
553.445,79.73344
553.4827,77.51394
553.5203,75.432095
553.558,73.465577
553.5956,71.614704
553.6333,69.860508
553.6709,68.204112
553.7086,66.629297
553.7462,65.137781
553.8215,62.364924
553.8968,59.844145
553.9721,57.541506
554.0475,55.426307
554.1228,53.480855
554.1981,51.682726
554.2734,50.015483
554.3488,48.463117
554.4241,47.017757
554.4994,45.666903
554.5747,44.401571
554.6501,43.212389
554.7254,42.095594
554.8007,41.043476
554.876,40.050628
554.9514,39.111051
555.0267,38.222926
555.102,37.381115
555.1773,36.582169
555.2527,35.82197
555.328,35.099712
555.4033,34.411779
555.4786,33.755839
555.6293,32.530851
555.7799,31.411413
555.9306,30.383461
556.0812,29.437707
556.2319,28.563783
556.3825,27.755071
556.499,27.169472
556.6154,26.616204
556.7318,26.092286
556.8482,25.595472
556.9646,25.123772
557.081,24.675362
557.1974,24.248576
557.3138,23.841928
557.4302,23.454034
557.5466,23.083671
557.7794,22.39104
558.0122,21.756071
558.245,21.17202
558.3957,20.8183637
558.5463,20.4824862
558.697,20.1626895
558.8476,19.8582786
558.9983,19.5678157
559.1489,19.2907414
559.2996,19.0258401
559.4502,18.7726526
559.7515,18.2979465
560.0528,17.8614967
560.3541,17.4589262
560.6554,17.0865257
560.9567,16.7410748
561.258,16.4198086
561.5593,16.1203165
561.8606,15.8405031
562.1619,15.578542
562.4632,15.3328486
562.7645,15.102003
563.0658,14.884684
563.3671,14.6796963
563.6684,14.4859914
563.9697,14.3026196
564.271,14.1288077
564.5723,13.9638646
564.8736,13.8071571
565.1749,13.6580889
565.4762,13.5161399
565.7775,13.3808055
566.0788,13.2516467
566.3801,13.1282591
566.6814,13.0102628
566.9827,12.8973015
567.284,12.7890922
567.5853,12.685315
567.8865,12.5857548
568.4891,12.3981374
569.0917,12.2245279
569.6943,12.0634295
570.2969,11.9135284
570.8995,11.7737093
571.5021,11.6429921
572.1047,11.5205198
572.7073,11.4055457
573.173,11.32139068
573.6386,11.24107042
574.1043,11.1643138
574.5699,11.090966
575.0356,11.02077711
575.5012,10.95347653
575.9668,10.88881592
576.4324,10.82666483
577.3637,10.70946432
578.295,10.60090009
579.2263,10.5000537
580.1575,10.4061377
580.7601,10.34872807
581.3627,10.29374367
581.9653,10.24105403
582.5679,10.19049966
583.1705,10.14197197
583.7731,10.09533314
584.9783,10.0073323
586.1835,9.92569841
587.3887,9.84976287
588.5939,9.77894467
589.799,9.71273934
591.1138,9.64524943
592.4285,9.58222581
593.7433,9.52322357
595.058,9.46787284
596.3728,9.41583013
597.6875,9.36682335
599.0023,9.320762
600.317,9.27704511
601.5222,9.23899605
602.7274,9.20273275
603.9326,9.16812651
605.1378,9.13511397
607.5482,9.07332224
609.9585,9.01663895
612.3689,8.96438178
614.7792,8.91607653
617.1896,8.87125663
619.5999,8.82952962
622.0103,8.790595617
624.4207,8.754146098
626.8311,8.719945039
629.2414,8.687788696
631.6518,8.657465549
634.0622,8.62882993
636.4726,8.601728283
638.8829,8.576026671
643.2654,8.532673387
647.6479,8.492885703
652.0304,8.456183002
656.4129,8.422262056
660.7954,8.390863
665.1779,8.361606398
669.5604,8.334201966
673.9428,8.308501165
678.7636,8.282047435
683.5843,8.257181624
688.4051,8.233778061
693.2258,8.211728476
702.8673,8.170992364
712.5088,8.134147705
721.2738,8.103581288
730.0388,8.075206569
738.8038,8.048708972
747.5687,8.023889524
756.3337,8.000646423
765.0986,7.9786761
782.6285,7.937939529
795.776,7.909872069
808.9235,7.883544946
822.071,7.858698548
835.2184,7.835212423
861.5134,7.7912624721
887.8083,7.7508503754
915.8563,7.7108375665
943.9042,7.6733700747
971.9521,7.6379827611
1000.0,7.604327444
1031.25,7.5685501134
1062.5,7.5343049892
1125.0,7.4695771763
1187.5,7.4088851438
1250.0,7.3513984886
1312.5,7.2965471239
1375.0,7.2439257078
1437.5,7.19322733
1500.0,7.1442163539
1625.0,7.050566919
1750.0,6.9618829764
1875.0,6.8773860842
2000.0,6.7964923248
2119.623,6.7221618031
2239.245,6.6501580587
2478.49,6.5125903962
2717.735,6.3816329995
2956.98,6.2552123061
3130.976,6.1648155997
3304.972,6.0744318432
3446.344,5.9998952716
3587.716,5.9233827744
3729.088,5.8430771195
3870.46,5.7565578538
4011.833,5.6594715177
4082.519,5.6048134122
4153.205,5.5441619528
4199.423,5.5001324084
4245.641,5.4516104729
4291.859,5.3975207274
4338.076,5.3358950578
4367.982,5.2908613486
4397.887,5.2407177578
4427.793,5.1842663362
4457.698,5.1198072664
4479.448,5.0665520234
4501.197,5.0066317833
4522.947,4.938536786
4544.696,4.86000063
4559.649,4.798499711
4574.602,4.729473649
4589.555,4.651324331
4604.507,4.561934454
4616.741,4.478465492
4628.975,4.383569165
4641.209,4.274667137
4653.443,4.148340218
4660.92,4.060379604
4668.397,3.96268299
4675.874,3.85350947
4683.35,3.730700865
4690.827,3.591482008
4698.303,3.432390713
4702.041,3.344020625
4705.779,3.24888383
4709.517,3.14620016
4713.255,3.03522024
4716.994,2.91474199
4720.732,2.78348303
4724.47,2.64018581
4728.208,2.48329816
4731.946,2.31107211
4733.815,2.21860908
4735.684,2.12157973
4737.553,2.01972632
4739.422,1.91280233
4741.291,1.80057408
4743.16,1.68284478
4744.69,1.58227508
4746.219,1.47797721
4747.749,1.36986115
4749.278,1.25818043
4750.808,1.14300795
4752.337,1.02495733
4753.866,0.90473208
4755.395,0.78345708
4756.457,0.69944529
4757.519,0.61647421
4758.581,0.53557541
4759.643,0.45811676
4760.174,0.4212178
4760.705,0.3858899
4761.236,0.3524447
4761.767,0.3212407
4762.298,0.2926922
4762.829,0.2672792
4763.36,0.2455593
4763.891,0.22817972
4764.189,0.22060426
4764.486,0.21479623
4764.784,0.21087873
4765.081,0.20905376
4765.379,0.20950143
4765.676,0.21242782
4765.973,0.21805813
4766.27,0.22664142
4766.504,0.23566119
4766.738,0.24682715
4766.972,0.26029482
4767.205,0.27615798
4767.439,0.29473257
4767.673,0.3161503
4767.907,0.3406209
4768.14,0.3682455
4768.374,0.3995051
4768.608,0.4345536
4768.842,0.4736782
4769.075,0.5169946
4769.309,0.5652114
4769.542,0.61828
4769.776,0.6770538
4770.009,0.7414601
4770.264,0.8192307
4770.519,0.9052647
4770.774,1.0002997
4771.028,1.1047171
4771.283,1.2202336
4771.538,1.3474492
4771.793,1.4874634
4772.047,1.6408596
4772.281,1.7956338
4772.515,1.9645026
4772.749,2.1487484
4772.866,2.247074
4772.982,2.3488908
4773.099,2.4561537
4773.216,2.5682158
4773.333,2.6853039
4773.449,2.8065833
4773.566,2.9343941
4773.683,3.0679766
4773.8,3.2076115
4773.916,3.3523159
4774.033,3.5048961
4774.15,3.6644619
4774.267,3.8313624
4774.384,4.0059693
4774.501,4.1886742
4774.618,4.3798953
4774.735,4.5800728
4774.851,4.787847
4774.968,5.0072961
4775.085,5.2371998
4775.202,5.4781254
4775.318,5.7284669
4775.435,5.9931755
4775.552,6.2708301
4775.669,6.5621602
4775.785,6.8652679
4775.902,7.186208
4776.019,7.523321
4776.136,7.8775577
4776.253,8.2499387
4776.37,8.641556
4776.487,9.0535831
4776.604,9.487273
4776.72,9.9399685
4776.837,10.4209103
4776.954,10.927852
4777.071,11.4624481
4777.187,12.0215533
4777.304,12.6167208
4777.421,13.2453208
4777.538,13.909584
4777.654,14.605738
4777.771,15.348349
4777.888,16.134335
4778.005,16.96669
4778.122,17.848612
4778.239,18.783536
4778.356,19.775163
4778.473,20.827455
4778.589,21.934833
4778.706,23.1209
4778.823,24.381254
4778.94,25.721118
4779.056,27.133469
4779.173,28.648526
4779.29,30.260759
4779.407,31.976826
4779.523,33.787656
4779.635,35.646228
4779.746,37.601832
4779.858,39.696804
4779.969,41.901057
4780.081,44.261996
4780.192,46.745341
4780.304,49.404044
4780.415,52.198951
4780.527,55.189024
4780.638,58.329473
4780.75,61.685659
4780.861,65.206322
4780.973,68.963607
4781.084,72.898883
4781.196,77.091332
4781.307,81.473947
4781.424,86.346857
4781.541,91.48756
4781.658,96.903121
4781.775,102.599519
4781.892,108.581516
4782.009,114.852531
4782.126,121.414288
4782.242,128.207044
4782.359,135.345937
4782.476,142.769455
4782.709,158.373321
4782.943,175.070765
4783.176,192.594662
4783.432,212.677704
4783.687,233.266063
4783.943,254.170236
4784.198,274.822807
4784.392,290.148141
4784.585,304.837775
4784.778,318.765367
4784.971,331.72702
4785.164,343.52725
4785.357,353.98417
4785.55,362.9359
4785.743,370.24522
4785.872,374.15989
4786.0,377.24652
4786.129,379.53607
4786.258,380.99067
4786.468,381.56733
4786.677,379.96473
4786.886,376.26436
4787.095,370.5841
4787.305,363.040326
4787.514,353.894246
4787.723,343.327138
4787.932,331.568465
4788.223,313.659804
4788.514,294.540238
4788.805,274.81353
4789.095,255.088054
4789.38,236.077994
4789.665,217.786304
4789.808,208.962952
4789.95,200.46944
4790.092,192.262027
4790.234,184.355086
4790.357,177.756714
4790.48,171.395547
4790.603,165.273714
4790.726,159.391493
4790.849,153.747829
4790.972,148.34003
4791.095,143.16438
4791.217,138.255387
4791.34,133.526747
4791.463,129.013394
4791.586,124.708353
4791.709,120.604242
4791.832,116.693478
4791.955,112.967978
4792.078,109.420062
4792.2,106.068333
4792.343,102.341636
4792.485,98.844967
4792.628,95.517334
4792.77,92.393861
4792.913,89.419503
4793.055,86.625382
4793.197,83.980223
4793.339,81.47465
4793.624,76.831907
4793.908,72.664954
4794.193,68.887389
4794.477,65.476248
4794.762,62.3644974
4795.047,59.5274343
4795.332,56.932876
4795.616,54.5610701
4795.901,52.3713792
4796.185,50.358552
4796.47,48.4904221
4796.754,46.764516
4797.039,45.1550156
4797.324,43.6562252
4797.609,42.2575993
4797.893,40.9542823
4798.462,38.5828694
4799.031,36.4870733
4799.6,34.6232334
4800.169,32.9562885
4800.738,31.4577833
4801.307,30.1043596
4801.877,28.8746531
4802.446,27.7568255
4803.015,26.7350776
4803.584,25.7979587
4804.154,24.9342751
4804.723,24.138727
4805.292,23.4025777
4805.861,22.719638
4806.638,21.8634148
4807.414,21.0857981
4808.19,20.3759042
4808.966,19.7254493
4809.742,19.1273858
4810.518,18.575708
4811.294,18.065309
4812.07,17.59185718
4813.209,16.95614255
4814.347,16.38254161
4815.485,15.86217809
4816.623,15.38815022
4817.762,14.9542935
4818.9,14.55648372
4821.176,13.85189488
4823.453,13.24730382
4825.73,12.72337254
4828.007,12.26526257
4830.283,11.8618871
4832.457,11.51914863
4834.63,11.21119904
4836.803,10.9329896
4838.976,10.68061775
4843.323,10.24030695
4847.669,9.86939395
4852.223,9.53868616
4856.776,9.25498618
4861.33,9.00886715
4865.883,8.79342837
4872.092,8.539466338
4878.301,8.32268653
4884.51,8.134979794
4890.719,7.970865567
4899.826,7.764459322
4908.933,7.590219706
4918.04,7.441084221
4927.146,7.311927135
4936.253,7.198888374
4945.36,7.099070232
4963.574,6.930569992
4981.787,6.79368541
5000.0,6.679579299
5018.371,6.582180765
5036.741,6.498618477
5055.111,6.425709185
5073.481,6.3614418183
5098.741,6.2843159321
5124.0,6.217410949
5149.259,6.1584796074
5174.518,6.105943099
5213.555,6.0345844923
5252.591,5.9724127659
5291.628,5.9168820173
5330.664,5.8665581639
5381.182,5.8072039631
5431.7,5.7524441203
5482.218,5.7007537359
5532.735,5.650901861
5551.105,5.6330049333
5606.216,5.5793131215
5661.327,5.5243917444
5716.438,5.4664000744
5771.548,5.4028716328
5822.066,5.3366200123
5847.325,5.2992585313
5872.583,5.258034959
5894.398,5.218431614
5916.213,5.1741880911
5938.028,5.1239631404
5959.842,5.0660250414
5972.472,5.0279084137
5985.101,4.985666808
5997.73,4.938448463
6010.359,4.885147684
6022.415,4.827262747
6034.471,4.76084826
6046.527,4.68363672
6058.582,4.592649852
6071.211,4.477426456
6077.526,4.40998554
6083.84,4.33436199
6090.155,4.248883228
6096.47,4.151440381
6102.785,4.039264845
6109.099,3.908702875
6112.831,3.820999456
6116.562,3.723950974
6120.294,3.61570768
6124.025,3.49443306
6127.183,3.37977524
6130.34,3.25220769
6133.497,3.10944473
6136.654,2.94872651
6139.381,2.79285698
6142.108,2.61843652
6143.472,2.52329558
6144.835,2.42240934
6146.198,2.31523828
6147.561,2.20126296
6149.14,2.06003311
6150.719,1.90821688
6152.298,1.74516946
6153.087,1.65934868
6153.876,1.57060417
6154.738,1.47034728
6155.599,1.36689397
6156.46,1.26038571
6157.321,1.15126308
6158.182,1.04022783
6159.043,0.9283595
6159.904,0.8172892
6160.765,0.7094627
6161.339,0.641124
6161.913,0.5773297
6162.487,0.5200733
6162.774,0.4946926
6163.061,0.4720022
6163.348,0.4524747
6163.635,0.4366593
6163.922,0.4251958
6164.209,0.4188327
6164.496,0.4184472
6164.783,0.425074
6165.07,0.4399358
6165.357,0.4644858
6165.644,0.5004624
6165.931,0.5499514
6166.084,0.5827064
6166.237,0.6204516
6166.39,0.6636786
6166.542,0.7125921
6166.695,0.7684429
6166.847,0.8311751
6167.0,0.9023729
6167.152,0.9819515
6167.305,1.0719144
6167.457,1.1721535
6167.61,1.2851998
6167.762,1.4109308
6167.915,1.5525437
6168.067,1.7099134
6168.22,1.8870804
6168.372,2.0839317
6168.471,2.2244839
6168.57,2.3756528
6168.669,2.5382543
6168.767,2.7113419
6168.866,2.8993969
6168.964,3.09963
6169.063,3.3172324
6169.161,3.5489822
6169.26,3.8008954
6169.359,4.0720856
6169.458,4.3640536
6169.556,4.6751166
6169.655,5.0133379
6169.753,5.3736972
6169.852,5.7655118
6169.95,6.1829369
6170.031,6.551714
6170.112,6.9433937
6170.193,7.3593488
6170.273,7.7954063
6170.354,8.263966
6170.435,8.761317
6170.516,9.289115
6170.596,9.841965
6170.677,10.435467
6170.758,11.064776
6170.839,11.731827
6170.919,12.429649
6171.0,13.177728
6171.081,13.969732
6171.162,14.807842
6171.242,15.683072
6171.341,16.834785
6171.44,18.066419
6171.539,19.382355
6171.637,20.772374
6171.736,22.269298
6171.834,23.847267
6171.933,25.54294
6172.031,27.326393
6172.13,29.238342
6172.229,31.265355
6172.328,33.411514
6172.426,35.657132
6172.525,38.051619
6172.623,40.549841
6172.722,43.205736
6172.82,45.968126
6172.919,48.895498
6173.018,51.961928
6173.117,55.168453
6173.215,58.480961
6173.314,61.966793
6173.413,65.59187
6173.61,73.211881
6173.808,81.394348
6174.005,90.018664
6174.202,99.072197
6174.399,108.487008
6174.794,128.103952
6175.188,147.937712
6175.396,158.177891
6175.603,168.005701
6175.811,177.353125
6176.018,185.970707
6176.264,195.114651
6176.387,199.171465
6176.509,202.821524
6176.632,206.10185
6176.755,208.960619
6176.878,211.380718
6177.0,213.3343
6177.164,215.241961
6177.298,216.180045
6177.431,216.556579
6177.564,216.383648
6177.697,215.669088
6177.83,214.425633
6177.963,212.670496
6178.096,210.425156
6178.229,207.714835
6178.396,203.69765
6178.562,199.085866
6178.728,193.925477
6178.894,188.288414
6179.128,179.677334
6179.361,170.519562
6179.828,151.223538
6180.149,137.855453
6180.309,131.312487
6180.469,124.905858
6180.63,118.632312
6180.79,112.599593
6180.95,106.791939
6181.11,101.228036
6181.271,95.889128
6181.431,90.850519
6181.592,86.054024
6181.752,81.560211
6181.913,77.310568
6182.073,73.352791
6182.234,69.629934
6182.394,66.178948
6182.518,63.668243
6182.642,61.294673
6182.766,59.052552
6182.89,56.936025
6183.014,54.93908
6183.138,53.055732
6183.385,49.618971
6183.633,46.55128
6183.881,43.8230767
6184.129,41.3933067
6184.376,39.2329678
6184.537,37.9484431
6184.697,36.7588542
6184.858,35.641801
6185.018,34.6043394
6185.339,32.7168868
6185.659,31.0578984
6185.98,29.5813576
6186.301,28.2635152
6186.622,27.0804921
6186.942,26.0158852
6187.263,25.0470317
6187.584,24.1641747
6187.905,23.3563018
6188.225,22.6164385
6188.546,21.9322243
6188.866,21.3013993
6189.507,20.1701799
6190.149,19.1853517
6190.79,18.3228309
6191.432,17.5590125
6192.073,16.879973
6192.715,16.2706646
6193.356,15.7225884
6193.998,15.2255941
6194.639,14.7742844
6195.281,14.3614809
6195.922,13.98365549
6197.205,13.31479284
6198.488,12.7418569
6199.77,12.24618958
6200.703,11.92543945
6201.636,11.63335563
6203.502,11.12115998
6205.368,10.68664183
6207.234,10.31343391
6209.8,9.87889171
6212.366,9.5153973
6214.932,9.20693378
6217.498,8.94193458
6220.064,8.71184606
6222.63,8.51021496
6225.196,8.33209454
6227.761,8.1737603
6232.66,7.91520714
6237.558,7.701310288
6242.457,7.521523808
6247.355,7.368323634
6252.487,7.230297461
6257.618,7.110725474
6262.75,7.006067131
6267.881,6.913696647
6275.346,6.797076915
6282.81,6.697533824
6290.274,6.611152556
6297.738,6.535580744
6308.002,6.44579298
6318.265,6.369020632
6328.529,6.302518199
6338.792,6.244281951
6350.922,6.184045433
6363.051,6.131350425
6387.309,6.0433133513
6407.836,5.9822088358
6428.363,5.9301824841
6448.89,5.8851357903
6469.416,5.845600216
6493.675,5.8045091409
6517.934,5.7682635158
6566.451,5.7066887766
6607.505,5.6629464145
6648.558,5.6247336781
6689.612,5.5907196035
6730.665,5.5600143417
6801.576,5.5129616881
6872.486,5.4714525986
6943.396,5.4340108016
7014.306,5.3996048907
7148.663,5.3407784795
7283.019,5.28760325256
7551.731,5.19206860308
7835.372,5.10096953972
8119.013,5.01554718994
8686.295,4.85336686692
9044.578,4.75325806319
9522.289,4.6189117274
10000.0,4.48023130747
10358.14,4.37102867624
10716.28,4.25524655627
11074.42,4.13044941467
11432.55,3.99336102625
11660.46,3.8972132623
11888.36,3.7929305916
12116.27,3.6774030727
12344.17,3.5481518414
12498.82,3.4500455314
12653.47,3.3418041902
12808.12,3.2207154893
12962.77,3.0832609802
13052.31,2.9940878347
13141.84,2.896389188
13231.38,2.7884589107
13320.91,2.6679888753
13386.03,2.5705898226
13451.14,2.4632442612
13516.26,2.3438541101
13581.37,2.2094806969
13626.14,2.1063923641
13670.91,1.992703528
13715.68,1.8663215339
13738.06,1.797441698
13760.44,1.724373087
13786.9,1.631462724
13813.35,1.531220778
13839.8,1.421861393
13853.03,1.363401411
13866.25,1.302240505
13888.64,1.191777912
13899.83,1.133060384
13911.02,1.071805346
13922.21,1.007897673
13933.4,0.941181052
13944.59,0.87155184
13955.78,0.798938894
13965.45,0.733743556
13975.12,0.66640627
13984.79,0.59687166
13994.45,0.525451958
14004.12,0.452553632
14013.78,0.378909654
14023.45,0.305412063
14028.28,0.269202661
14033.11,0.233703703
14037.18,0.204653046
14041.25,0.176638189
14045.32,0.149968008
14049.39,0.125009988
14053.46,0.102176138
14055.5,0.091713057
14057.53,0.082078977
14059.57,0.07327095
14061.6,0.06546804
14063.63,0.05872989
14065.66,0.05317679
14067.19,0.04985606
14068.72,0.04734856
14070.25,0.04572323
14071.77,0.04505594
14073.11,0.04531421
14074.45,0.04642711
14075.79,0.04845796
14077.12,0.05144858
14078.46,0.05551691
14079.79,0.06068003
14081.13,0.06710033
14082.46,0.07477238
14083.8,0.08390985
14085.13,0.09448067
14086.47,0.1067563
14087.8,0.12067238
14089.14,0.13656805
14090.47,0.15434778
14091.81,0.17444074
14093.14,0.19672634
14094.54,0.22292131
14095.94,0.25216185
14097.34,0.28470613
14098.74,0.32083192
14100.14,0.36084315
14101.54,0.40507539
14102.94,0.45389932
14104.33,0.50732112
14105.73,0.56655807
14107.13,0.63174216
14108.53,0.70342391
14109.93,0.78221263
14110.63,0.82448037
14111.33,0.86878374
14112.03,0.91521899
14112.73,0.9638874
14113.43,1.01489599
14114.13,1.0683574
14114.83,1.12439183
14115.52,1.18226516
14116.22,1.24378783
14116.92,1.30828012
14117.62,1.37589099
14118.32,1.44677846
14119.02,1.5211096
14119.72,1.59905953
14120.42,1.68081744
14121.12,1.7665816
14121.82,1.85656232
14122.52,1.950983
14123.22,2.05008214
14123.92,2.15411228
14124.62,2.26334109
14125.32,2.37805631
14126.02,2.49856182
14126.71,2.62332746
14127.41,2.75631189
14128.11,2.89611983
14128.81,3.04314464
14129.51,3.19780581
14130.21,3.36055199
14130.91,3.53186402
14131.61,3.71225389
14132.31,3.90227381
14133.01,4.1025112
14133.71,4.31359869
14134.41,4.53621417
14135.11,4.77108579
14135.81,5.01899599
14136.51,5.28078552
14137.21,5.55736144
14137.91,5.84969721
14138.61,6.15884465
14139.31,6.485938
14140.01,6.83219799
14140.71,7.19894881
14141.41,7.5876172
14142.11,7.99974548
14142.81,8.43700558
14143.51,8.90120414
14144.21,9.3942965
14144.91,9.9184048
14145.61,10.475822
14146.31,11.0690591
14147.01,11.700805
14147.71,12.3740248
14148.41,13.091925
14149.1,13.8467397
14149.93,14.8219647
14150.76,15.8773381
14151.59,17.0206582
14152.41,18.2450208
14153.24,19.5897776
14154.06,21.0327777
14154.89,22.6207295
14155.71,24.3278303
14156.41,25.9040625
14157.11,27.5995284
14157.81,29.4241218
14158.51,31.388479
14159.21,33.5039788
14159.91,35.7827417
14160.61,38.2375801
14161.31,40.8819172
14162.01,43.7296661
14162.71,46.7950288
14163.41,50.0922443
14164.11,53.6352568
14164.81,57.4372028
14165.51,61.5098883
14166.21,65.8630551
14166.9,70.4352166
14167.48,74.4966929
14168.05,78.6816328
14168.63,83.1333803
14169.2,87.6919017
14170.35,97.3979071
14171.49,107.5759861
14172.64,118.1986004
14173.78,128.7994398
14174.93,139.2063515
14176.07,148.8306246
14177.06,156.2965224
14178.04,162.5911874
14178.53,165.2556682
14179.02,167.564932
14179.51,169.4984187
14180.0,171.0401918
14180.79,172.6742999
14181.58,173.2424371
14182.22,172.9294403
14182.86,171.9480101
14183.5,170.3340015
14184.14,168.1337121
14184.78,165.4023699
14185.42,162.2019218
14186.06,158.5977206
14186.7,154.6574147
14187.98,146.0328034
14189.26,136.8258645
14190.54,127.4575831
14191.82,118.253507
14193.02,109.9788085
14194.21,102.2339382
14195.4,95.0139041
14196.59,88.3446536
14197.78,82.2243354
14198.97,76.6326357
14200.16,71.5382013
14201.35,66.9038725
14202.56,62.6230163
14203.76,58.7670423
14204.96,55.2607811
14206.16,52.0688125
14207.37,49.1355601
14208.57,46.480022
14209.77,44.0505507
14210.97,41.8236848
14212.18,39.7622515
14213.38,37.8816959
14214.58,36.1478536
14215.78,34.5462034
14216.98,33.06387255
14218.18,31.68947631
14219.38,30.41290651
14220.58,29.22519078
14222.55,27.44726322
14224.52,25.85650773
14226.49,24.42660453
14228.45,23.14192736
14230.42,21.97154971
14232.39,20.90750095
14234.36,19.93709568
14236.32,19.05368116
14238.73,18.06598119
14241.13,17.17681895
14243.54,16.36651875
14245.94,15.63152997
14248.35,14.95695728
14250.75,14.34100835
14253.16,13.77215174
14255.56,13.24966027
14258.19,12.72196741
14260.81,12.2378162
14263.43,11.790583
14266.05,11.376373
14268.68,10.9904798
14271.3,10.63305115
14273.92,10.299903
14276.54,9.98828243
14281.35,9.46534218
14286.16,8.9983271
14290.97,8.5790644
14295.78,8.20065322
14300.59,7.85741022
14305.4,7.544644688
14310.21,7.25843668
14315.02,6.995487485
14319.83,6.753017201
14324.64,6.528653347
14329.45,6.320366611
14334.26,6.126416652
14343.88,5.775683471
14353.49,5.467397331
14363.11,5.192759754
14372.73,4.945717569
14382.35,4.722231599
14391.96,4.518813255
14401.58,4.331963978
14411.19,4.159670177
14420.81,3.999533382
14430.42,3.850178878
14442.66,3.673154099
14454.9,3.508684685
14467.14,3.354796329
14479.38,3.209876657
14503.86,2.942181191
14528.34,2.696065826
14556.32,2.434362233
14575.56,2.263171083
14594.79,2.097060531
14633.26,1.775048574
14671.73,1.460537637
14710.2,1.149277944
14736.44,0.938461735
14762.67,0.730367785
14775.79,0.628082945
14788.9,0.528061297
14802.02,0.430973753
14808.58,0.383926503
14815.13,0.338187156
14820.38,0.302532069
14825.62,0.267947544
14830.87,0.234553974
14836.11,0.202589254
14841.36,0.17209835
14846.6,0.143395646
14851.85,0.116595882
14854.47,0.104031653
14857.09,0.092051794
14861.47,0.073429165
14865.84,0.05676044
14870.21,0.042201389
14872.4,0.035767201
14874.58,0.029973228
14876.77,0.02479789
14878.95,0.020321383
14881.14,0.016537323
14882.23,0.014931547
14883.32,0.013516526
14884.42,0.012286817
14885.51,0.011269773
14886.6,0.010458402
14887.15,0.01012872
14887.69,0.009857937
14888.24,0.009636708
14888.79,0.009471249
14889.34,0.009362274
14889.88,0.009310933
14890.43,0.009316044
14890.97,0.00937813
14891.52,0.009500227
14892.06,0.009678625
14892.88,0.010062033
14893.7,0.010583399
14894.52,0.011245345
14895.34,0.012050541
14896.16,0.013001696
14896.98,0.014101538
14897.8,0.015352796
14898.62,0.016758156
14900.26,0.020041548
14901.9,0.023971603
14903.54,0.028568668
14905.18,0.033858295
14906.82,0.039875048
14908.46,0.046659175
14911.74,0.062674316
14915.02,0.08214987
14916.66,0.093262425
14918.3,0.105338669
14920.71,0.12491442
14923.11,0.14668734
14925.52,0.17097562
14927.92,0.19772218
14930.33,0.22730504
14932.73,0.25964304
14935.13,0.29502816
14937.53,0.33364662
14939.94,0.37587971
14942.34,0.42159029
14944.75,0.47138835
14947.15,0.5251045
14949.56,0.58344859
14951.96,0.64621531
14954.37,0.71422806
14956.77,0.78724281
14959.18,0.86621335
14961.58,0.95085351
14963.98,1.0418734
14966.38,1.13969714
14968.79,1.24523421
14971.19,1.35809989
14973.59,1.47924498
14975.99,1.60923856
14978.4,1.749295
14980.8,1.89891721
14983.21,2.06007103
14985.61,2.23219317
14988.02,2.41756209
14990.42,2.61554525
14992.83,2.82878082
14995.23,3.05656302
14997.64,3.3019498
15000.04,3.56415912
15002.45,3.84674585
15004.85,4.14884767
15007.26,4.47460149
15009.66,4.82306067
15012.07,5.19905235
15014.47,5.60154457
15016.88,6.03618584
15019.28,6.50186287
15021.69,7.0051948
15024.09,7.54498394
15026.5,8.12901331
15028.9,8.75601383
15031.3,9.43223305
15033.7,10.16196538
15036.11,10.95332228
15038.51,11.80491975
15040.92,12.7296015
15043.32,13.72593999
15045.73,14.80916238
15048.13,15.97784049
15050.54,17.25005544
15052.94,18.62433825
15055.35,20.12219458
15057.75,21.74211442
15060.16,23.50960854
15062.56,25.4230555
15064.97,27.51259159
15067.37,29.77620326
15069.78,32.2493326
15072.18,34.92913284
15073.5,36.50203704
15074.81,38.13652913
15076.12,39.84749199
15077.43,41.63821863
15078.75,43.5266957
15080.06,45.4877493
15082.68,49.6834656
15085.31,54.2856273
15087.93,59.2846613
15090.55,64.7155525
15093.17,70.5909472
15094.98,74.9141154
15096.79,79.4535398
15098.6,84.2058214
15100.41,89.1635451
15104.03,99.6423228
15107.64,110.6979876
15111.26,122.1333732
15114.88,133.553719
15118.5,144.4976488
15120.31,149.6279894
15122.11,154.4147494
15124.09,159.239464
15126.06,163.5042076
15128.03,167.1645391
15130.0,170.1633211
15131.98,172.4690359
15133.95,174.0341037
15135.93,174.8683479
15137.9,174.9754582
15139.88,174.3854815
15141.85,173.1475607
15143.83,171.3043516
15145.8,168.9377272
15147.78,166.092937
15149.75,162.8690615
15153.69,155.5202651
15157.64,147.3745819
15161.58,138.9228783
15165.53,130.4529625
15169.47,122.2339553
15172.75,115.6812346
15176.03,109.4522647
15179.31,103.5766343
15182.58,98.08183557
15185.86,92.93262932
15189.13,88.15052276
15192.41,83.69091735
15195.68,79.56239109
15198.93,75.75319742
15202.17,72.22730187
15205.41,68.95258897
15208.65,65.90978233
15211.89,63.08060881
15215.13,60.44789832
15218.37,57.9957037
15221.61,55.70930055
15226.03,52.83322775
15230.45,50.20967615
15234.87,47.81274539
15239.29,45.62109256
15243.71,43.6059666
15248.13,41.74785943
15252.55,40.03377206
15256.97,38.44958464
15263.46,36.33236368
15269.94,34.43562507
15276.43,32.72424404
15282.91,31.1789737
15289.4,29.77427285
15295.88,28.49691337
15302.36,27.32968458
15308.84,26.25982085
15315.33,25.2748877
15321.81,24.36844652
15328.29,23.53073633
15334.77,22.7546289
15341.26,22.032846243
15347.74,21.362164072
15360.7,20.152127728
15371.31,19.273952275
15381.92,18.484699933
15392.53,17.767373494
15403.14,17.114064646
15413.75,16.517355777
15424.36,15.970470097
15434.97,15.467641954
15445.57,15.004396854
15458.54,14.484722274
15471.5,14.010544295
15484.47,13.575817542
15497.43,13.176738352
15510.4,12.808162394
15523.36,12.467677338
15549.29,11.857809041
15565.8,11.512233977
15582.3,11.195168598
15598.8,10.90304008
15615.3,10.633076255
15648.3,10.1516463
15681.3,9.73175477
15707.24,9.439681094
15733.17,9.174096862
15759.1,8.932149045
15785.03,8.711517
15836.89,8.3208649012
15888.75,7.9865596694
15940.62,7.6971103306
15992.48,7.4434966783
16044.34,7.2189690043
16096.2,7.018672707
16145.71,6.8470200108
16195.21,6.6902642156
16294.22,6.4158524946
16393.23,6.1818523495
16492.24,5.9786326885
16595.97,5.7923537286
16699.69,5.627064212
16803.42,5.4785076216
16907.14,5.3436499149
17114.59,5.1059862624
17322.04,4.8988747425
17529.49,4.7131059203
17736.93,4.5423013227
17963.24,4.3675507362
18189.54,4.2001063961
18642.16,3.8719034524
18868.47,3.7043080997
19094.78,3.5296245792
19264.51,3.3912797281
19434.24,3.2443035862
19603.97,3.0858875148
19773.7,2.9121837904
19886.85,2.7848841327
20000.0,2.6458565968
20086.09,2.5301623279
20172.17,2.4040431689
20258.26,2.2648226012
20301.3,2.189154889
20344.34,2.1090021499
20389.43,2.0190643991
20434.52,1.9222699089
20479.61,1.8175024667
20524.7,1.703296174
20563.65,1.5955923248
20602.59,1.4781903937
20622.07,1.415279628
20641.54,1.349232876
20661.01,1.279931279
20680.48,1.206842796
20703.03,1.117180514
20725.57,1.02172255
20748.12,0.919908707
20770.66,0.811436814
20782.96,0.749337658
20795.26,0.685204906
20807.56,0.619112055
20819.85,0.551287943
20832.15,0.481912508
20844.45,0.411501555
20856.75,0.340941444
20869.04,0.271383901
20875.19,0.237454115
20881.34,0.204471573
20887.49,0.172930045
20893.64,0.143274358
20896.72,0.129310647
20899.79,0.116096794
20902.87,0.103646083
20905.94,0.092149819
20909.02,0.081657526
20912.09,0.072376277
20915.16,0.064425794
20918.23,0.057978672
20922.33,0.05203317
20924.38,0.050337163
20926.43,0.049592201
20929.25,0.050300452
20932.07,0.05326154
20934.89,0.058740622
20937.71,0.067021831
20940.53,0.078434232
20943.35,0.093355964
20946.17,0.11221607
20948.98,0.13540922
20951.8,0.16364997
20954.62,0.19748966
20956.03,0.21672819
20957.44,0.23764126
20958.85,0.26033384
20960.26,0.28491836
20961.67,0.31151486
20963.08,0.34025192
20964.49,0.37126726
20965.9,0.40470803
20967.31,0.44073112
20968.72,0.47950386
20970.13,0.52120423
20971.53,0.5656944
20973.2,0.6230709
20974.86,0.68510628
20976.53,0.75297445
20978.19,0.82632962
20979.86,0.90656578
20981.52,0.99326649
20983.19,1.08807041
20984.85,1.19048848
20986.26,1.28441576
20987.67,1.38521673
20989.08,1.49340941
20990.49,1.60955797
20991.9,1.73427976
20993.31,1.86824633
20994.72,2.01218943
20996.12,2.16577227
20997.53,2.33205825
20998.94,2.51094644
21000.35,2.70348667
21001.76,2.91082805
21003.17,3.13423612
21004.58,3.37509877
21005.99,3.63494738
21007.4,3.9154668
21008.81,4.21851742
21010.22,4.54615527
21011.63,4.900651
21013.03,5.28169158
21014.44,5.69749028
21015.85,6.14852661
21017.26,6.63823571
21018.66,7.16650032
21020.07,7.74509172
21021.48,8.37512037
21022.89,9.06185263
21024.3,9.81116448
21025.71,10.62960373
21027.12,11.52447016
21028.53,12.5039187
21029.94,13.57699557
21031.35,14.75379949
21032.76,16.04554173
21033.47,16.74336043
21034.17,17.46460626
21034.88,18.23165124
21035.58,19.02469971
21036.29,19.8683604
21036.99,20.7408513
21037.7,21.6692083
21038.4,22.6294525
21039.11,23.6512976
21039.81,24.7082768
21040.51,25.8167958
21041.21,26.9792799
21041.97,28.305411
21042.72,29.6824645
21043.48,31.1504016
21044.23,32.6737483
21044.99,34.2963257
21045.74,35.9784675
21046.49,37.7439068
21047.24,39.5953266
21048.0,41.5616523
21048.75,43.5932595
21049.51,45.7460572
21050.26,47.9645652
21051.77,52.7158832
21053.27,57.8063267
21054.24,61.2852598
21055.21,64.8994336
21057.14,72.4311209
21061.0,88.1688557
21062.93,95.8199621
21063.9,99.4578715
21064.86,102.858334
21065.83,106.0441004
21066.79,108.9041946
21067.76,111.4557233
21068.72,113.6096364
21070.0,115.8561978
21071.29,117.3535567
21072.58,118.0590401
21073.63,118.0527298
21074.68,117.5431371
21075.73,116.5585958
21076.77,115.1518444
21077.82,113.3402909
21078.86,111.2068816
21079.91,108.7626981
21080.95,106.1060054
21083.05,100.2293525
21085.14,94.0021711
21087.23,87.6950065
21089.32,81.5273683
21091.35,75.811035
21093.38,70.4474267
21095.41,65.4766605
21097.44,60.9095854
21099.47,56.7377619
21101.5,52.9410028
21103.53,49.4927461
21105.56,46.36373357
21107.62,43.4844086
21109.68,40.87353189
21111.74,38.50327179
21113.79,36.35814402
21115.85,34.39429624
21117.91,32.60211815
21119.97,30.96326996
21122.02,29.46851658
21124.08,28.08896748
21126.13,26.82546601
21128.19,25.65450885
21130.24,24.57766318
21132.3,23.57569874
21134.35,22.65066531
21136.41,21.78673271
21138.46,20.98631255
21141.83,19.78550578
21145.2,18.71010443
21148.57,17.74192871
21151.93,16.86862361
21155.3,16.0735777
21158.66,15.35183501
21162.03,14.69059477
21165.39,14.08646587
21169.51,13.41175318
21173.62,12.80212621
21177.73,12.24773153
21181.84,11.74172243
21185.96,11.27721302
21190.07,10.85148548
21194.18,10.45913778
21198.29,10.09652146
21202.78,9.730657751
21207.27,9.392975661
21211.76,9.080418357
21216.24,8.79096496
21220.73,8.521060515
21225.21,8.270142981
21234.18,7.815907224
21242.41,7.445867803
21250.63,7.114635854
21258.86,6.815751888
21267.08,6.545270637
21275.31,6.298678794
21283.53,6.073390041
21291.76,5.866179724
21299.98,5.675311316
21308.21,5.498417862
21316.43,5.334302952
21332.88,5.038224566
21349.33,4.778074818
21365.78,4.547375932
21382.23,4.340617144
21398.68,4.15314436
21415.13,3.98225044
21431.58,3.82547777
21448.03,3.680434997
21464.48,3.545634048
21480.93,3.419565913
21497.38,3.300965955
21521.31,3.13994774
21545.24,2.990270454
21569.17,2.850034927
21593.1,2.717488224
21617.03,2.591201845
21640.96,2.470214908
21688.81,2.240687327
21754.62,1.943778018
21820.42,1.659530358
21886.22,1.381421582
21952.02,1.10584709
22002.87,0.894084934
22053.72,0.684792794
22079.15,0.582104709
22104.57,0.481482413
22117.28,0.432414935
22129.99,0.384343032
22142.7,0.337464995
22155.41,0.292012659
22164.39,0.260893774
22173.36,0.230676312
22182.33,0.201607384
22191.3,0.173745553
22200.28,0.147208031
22209.25,0.122220307
22218.22,0.098938124
22222.71,0.087988522
22227.19,0.077568708
22234.67,0.061378219
22242.15,0.046827415
22249.63,0.03407924
22253.37,0.028436799
22257.1,0.023326775
22260.84,0.018747104
22264.58,0.01473859
22268.32,0.011328819
22270.19,0.009857559
22272.06,0.008547099
22273.93,0.007401261
22275.8,0.00642411
22277.67,0.005619706
22278.61,0.005281865
22279.54,0.004992114
22280.48,0.004744782
22281.41,0.004545689
22282.35,0.0043911082
22283.28,0.0042848643
22284.22,0.004225222
22285.15,0.0042140154
22286.08,0.0042509398
22287.01,0.0043365865
22287.76,0.0044415438
22288.51,0.004578869
22289.26,0.004748858
22290.01,0.004951813
22290.76,0.005188053
22291.51,0.005457905
22293.0,0.006095076
22294.5,0.006874574
22295.99,0.007788619
22297.49,0.008852178
22298.98,0.010053908
22301.97,0.012913611
22304.96,0.016390719
22307.95,0.020508756
22310.94,0.025286798
22313.94,0.030756393
22316.93,0.036902165
22319.92,0.043796007
22322.91,0.051493862
22325.9,0.060022169
22328.89,0.069400262
22331.88,0.07965642
22334.87,0.09082484
22338.99,0.107776529
22343.1,0.126583426
22347.22,0.147444247
22351.33,0.170371258
22355.45,0.195596755
22359.56,0.223126088
22363.67,0.253153036
22367.78,0.285821745
22371.9,0.321375354
22376.01,0.359804274
22380.12,0.40136485
22384.23,0.446241364
22388.35,0.494752232
22392.46,0.546872123
22396.57,0.602937664
22400.68,0.663186882
22404.8,0.72803679
22408.91,0.797444512
22413.02,0.871851574
22417.13,0.951567563
22421.25,1.037138112
22425.36,1.128503994
22429.47,1.226243964
22433.58,1.330764382
22437.7,1.442780135
22441.81,1.562216639
22445.92,1.689836813
22450.03,1.826178113
22454.15,1.972182622
22458.26,2.127762697
22462.37,2.293926458
22466.48,2.471391496
22470.6,2.661406141
22474.71,2.86387969
22478.82,3.08015252
22482.93,3.3111884
22487.05,3.55864898
22491.16,3.82245848
22495.27,4.10440864
22499.38,4.40580844
22503.5,4.72888195
22507.61,5.07359333
22511.72,5.44235375
22515.83,5.8369495
22519.95,6.26038118
22524.06,6.71268988
22528.17,7.19713533
22532.28,7.71616822
22536.4,8.27384784
22540.51,8.87034919
22544.62,9.51008971
22548.73,10.19643659
22552.85,10.934884
22556.96,11.72577074
22561.07,12.57509119
22565.18,13.48741807
22569.3,14.47012658
22573.41,15.52377524
22577.52,16.65629938
22581.63,17.87378227
22585.75,19.18596016
22589.86,20.59334088
22593.97,22.10620063
22598.08,23.73210285
22602.45,25.59369451
22606.81,27.59695192
22611.18,29.76096598
22615.54,32.08564174
22619.91,34.59143977
22624.27,37.27855376
22628.64,40.16992389
22633.0,43.25144489
22636.79,46.09087157
22640.57,49.07553795
22644.35,52.21287382
22648.13,55.49978138
22651.91,58.93011061
22655.69,62.49435906
22663.25,69.96701078
22678.38,85.64154959
22685.94,93.2887234
22689.72,96.91586369
22693.5,100.34887888
22697.63,103.8226295
22701.75,106.94346404
22705.88,109.67456566
22710.0,111.95981907
22714.13,113.77762094
22718.25,115.09887725
22722.38,115.92269913
22726.5,116.25051245
22730.63,116.10143976
22734.75,115.50402143
22738.88,114.49148574
22743.0,113.11108009
22747.13,111.40253237
22751.25,109.42189009
22759.5,104.81483418
22767.75,99.63208926
22776.0,94.20465912
22784.25,88.74290971
22792.5,83.39911969
22801.03,78.12132791
22809.56,73.15849113
22818.09,68.54385674
22826.62,64.285731
22835.15,60.37597436
22843.68,56.79720603
22852.21,53.5268858
22860.73,50.54363739
22869.36,47.7851128
22877.98,45.26941453
22886.6,42.96987946
22895.22,40.86500905
22903.85,38.93311592
22912.47,37.16100837
22921.09,35.53056284
22929.71,34.02764862
22938.34,32.63812563
22946.96,31.354007403
22955.58,30.163636018
22964.2,29.058145306
22972.83,28.028489325
22981.45,27.069994493
22990.07,26.175156055
22998.69,25.338340358
23012.81,24.080031016
23026.92,22.950101583
23041.03,21.923377315
23055.14,20.989111569
23069.26,20.136057716
23083.37,19.355770641
23097.48,18.639455376
23111.59,17.980037932
23128.84,17.242526175
23146.09,16.570385244
23163.34,15.95602105
23180.58,15.393350305
23197.83,14.874779259
23215.07,14.396815979
23232.32,13.954207959
23249.56,13.54340339
23268.38,13.127930217
23287.19,12.742669398
23324.82,12.051209433
23362.45,11.448233947
23400.07,10.91876618
23434.57,10.486590199
23469.06,10.095728922
23503.56,9.741455354
23538.05,9.4201939446
23572.55,9.1248180879
23607.04,8.854429279
23641.53,8.6049920699
23676.02,8.3733553452
23745.01,7.9587054771
23813.99,7.5962627275
23882.98,7.2756116385
23951.96,6.9895508544
24020.95,6.7330197518
24089.94,6.4986202355
24158.93,6.2840655977
24227.91,6.0873912442
24296.9,5.9040680256
24365.88,5.7338478229
24503.85,5.4233171863
24591.65,5.2435383106
24679.45,5.0745668403
24855.05,4.7626037467
25030.65,4.4781421017
25206.25,4.2117351007
25507.29,3.7842166753
25783.24,3.4090492527
26059.18,3.0376445084
26335.13,2.6612119947
26611.07,2.2727602804
26799.22,1.9979101785
26987.36,1.7139444771
27175.51,1.4212038755
27363.65,1.1210997138
27614.51,0.7191190625
27677.23,0.6210561666
27739.94,0.52527423
27771.3,0.4783503529
27802.66,0.4325888795
27834.02,0.3876531628
27865.37,0.344176989
27890.46,0.3104622718
27915.55,0.2778142441
27940.64,0.2463577496
27965.72,0.2162419267
27990.81,0.1875631247
28003.35,0.173820026
28015.89,0.1605358963
28028.44,0.1476974364
28040.98,0.1353491347
28053.52,0.1235060086
28066.06,0.112194666
28083.31,0.0975602291
28100.56,0.0840549142
28117.81,0.0717681891
28126.43,0.0661136695
28135.05,0.0608007711
28143.68,0.0558221127
28152.3,0.0512140903
28160.92,0.0469882211
28169.54,0.043140331
28178.17,0.03968864
28186.79,0.036667002
28195.41,0.034067206
28204.03,0.031906347
28213.44,0.030084501
28222.85,0.02883267
28232.26,0.028161506
28241.66,0.028102425
28249.5,0.028551517
28257.34,0.029444193
28265.18,0.030805802
28273.02,0.032667523
28280.86,0.035009047
28288.7,0.037880762
28296.54,0.041286625
28304.37,0.045219709
28312.21,0.049747354
28320.05,0.054844365
28327.89,0.060542912
28335.73,0.066882916
28343.57,0.073839116
28351.41,0.081456086
28359.25,0.089690038
28367.08,0.098685966
28375.71,0.10945403
28384.33,0.121121251
28392.96,0.133746801
28401.58,0.147334652
28410.21,0.16195075
28418.83,0.177597263
28427.45,0.194327119
28436.07,0.212179127
28444.7,0.231215917
28453.32,0.251434456
28461.95,0.272924796
28470.57,0.295681802
28479.2,0.319804331
28487.82,0.345284545
28496.44,0.372202078
28505.06,0.400697368
28513.69,0.430790631
28522.31,0.462346392
28530.94,0.495558335
28539.56,0.53048734
28548.19,0.567240063
28556.81,0.605745548
28565.43,0.646192059
28574.05,0.688641505
28582.68,0.733139212
28591.3,0.779730652
28599.92,0.828571879
28608.54,0.87964578
28617.17,0.93314962
28625.79,0.989115066
28634.41,1.04758664
28643.03,1.108674865
28651.66,1.172657819
28660.28,1.239393427
28668.91,1.309110774
28677.53,1.381888836
28686.16,1.457948695
28694.78,1.537147273
28703.4,1.619836664
28712.02,1.706132888
28720.65,1.79613898
28729.27,1.889915907
28737.9,1.987878794
28746.52,2.089780536
28755.15,2.196103275
28763.77,2.306889968
28781.01,2.542372356
28798.26,2.798249098
28815.51,3.075709344
28832.76,3.376636394
28850.0,3.702864507
28867.25,4.056467043
28884.49,4.439662281
28901.74,4.855136673
28918.98,5.304854413
28936.23,5.792672136
28953.48,6.320894087
28970.73,6.893113751
28987.97,7.512809533
29005.22,8.183940989
29022.46,8.910662548
29039.71,9.697988879
29056.95,10.54953125
29074.2,11.472358577
29091.45,12.470557151
29108.7,13.550417595
29125.94,14.717910373
29143.19,15.979626114
29160.43,17.342155186
29177.68,18.813408254
29194.92,20.398095261
29212.9,22.181770511
29230.88,24.104161404
29248.86,26.175618191
29266.84,28.400500304
29284.82,30.785927247
29302.8,33.334107839
29320.78,36.065641715
29338.75,38.935654053
29355.08,41.69908524
29371.41,44.5793495
29387.74,47.56562503
29404.07,50.6726382
29436.73,57.11313156
29469.38,63.72278162
29502.04,70.26042503
29534.69,76.41402165
29551.02,79.272379
29567.35,81.89052132
29583.68,84.28738825
29600.0,86.43323666
29623.75,88.98914431
29647.5,90.86850465
29671.25,92.05330558
29695.0,92.55702886
29712.82,92.49478294
29730.63,92.1042739
29748.44,91.43587946
29766.25,90.49370304
29784.07,89.29435026
29801.88,87.90381963
29837.5,84.68374196
29908.75,77.222329731
29980.0,69.548637783
29985.0,69.001833509
29987.5,68.608842187
29988.75,68.27792639
29990.0,67.746147541
29991.25,66.872362703
29991.88,66.244098845
29992.5,65.467714949
29993.13,64.490067721
29993.75,63.315516812
29994.38,61.881812016
29995.0,60.215535611
29995.63,58.250858637
29996.25,56.04746235
29996.88,53.54248689
29997.5,50.83513034
29998.13,47.87019033
29998.75,44.78420245
29999.99,38.32284779
30000.01,8.70644665
35000.0,8.44537847
40000.0,8.23459419
50000.0,7.91079239
60000.0,7.66942281
72000.0,7.44585993
85000.0,7.25548837
100000.0,7.07923463
125000.0,6.85021616
150000.0,6.67140578
170000.0,6.551678941
200000.0,6.398589692
250000.0,6.190363028
300000.0,6.019816967
350000.0,5.873961173
400000.0,5.745533611
450000.0,5.630048436
550000.0,5.426908524
570379.0,5.389022589
570399.9,5.3891161837
570400.1,5.4093824781
600000.0,5.31582388
700000.0,5.03986578
800000.0,4.79697542
900000.0,4.58262776
1000000.0,4.39364686
1123130.0,4.202263785
1200000.0,4.0827832
1400000.0,3.85003271
1428830.0,3.82614213
1428835.0,3.826136726
1559950.0,3.717494318
1559954.0,3.717487364
1600000.0,3.68431154
1800000.0,3.5755679
1936490.0,3.533505028
1936491.0,3.533504388
2000000.0,3.51392876
2046740.0,3.508191258
2184640.0,3.491276175
2184645.0,3.491275526
2200000.0,3.48939136
2234190.0,3.489872646
2234195.0,3.489870336
2314550.0,3.490994497
2400000.0,3.49220057
2488630.0,3.501602409
2488631.0,3.501602288
2511120.0,3.503985396
2511125.0,3.503983985
2536860.0,3.506721126
2536863.0,3.506720275
2587930.0,3.512143115
2587933.0,3.512142334
2600000.0,3.51341617
2625520.0,3.517859357
2625525.0,3.517859322
2658860.0,3.523663595
2658863.0,3.523663667
2689770.0,3.52903823
2728170.0,3.535724075
2728171.0,3.535723726
2769720.0,3.542954497
2784310.0,3.545492147
2800000.0,3.54822107
2805590.0,3.54919252
2879350.0,3.562036568
2879353.0,3.562036994
2936200.0,3.571928843
2958590.0,3.575821542
2958592.0,3.575821363
2959810.0,3.5760384391
3000000.0,3.58302985
3001550.0,3.583321535
3001556.0,3.58332216
3033780.0,3.5892932204
3047760.0,3.5918888678
3047762.0,3.5918884867
3081400.0,3.598134387
3081403.0,3.598134342
3093050.0,3.600295652
3093055.0,3.60029641
3111800.0,3.603764309
3111801.0,3.603764463
3131050.0,3.607341032
3131054.0,3.607341549
3173410.0,3.615199916
3183240.0,3.617021037
3200000.0,3.6201333
3208060.0,3.62162734
3208063.0,3.621627079
3224480.0,3.624678652
3237450.0,3.6270851
3266830.0,3.632535424
3266834.0,3.632535589
3274740.0,3.6340005489
3311420.0,3.640798606
3356310.0,3.649133795
3500000.0,3.67579189
3700000.0,3.71289356
4000000.0,3.759899983
4500000.0,3.82578404801
5000000.0,3.87857791903
6000000.0,3.95343023167
6309730.0,3.9659004536
6309731.0,3.9659002659
6484320.0,3.97293846751
6511880.0,3.97404716217
6511881.0,3.97404696967
6588690.0,3.97713869827
6595070.0,3.97739787619
6595072.0,3.97739759429
6684440.0,3.9809899532
6684444.0,3.9809894893
6882740.0,3.98897972941
6882744.0,3.98897926961
6999580.0,3.99368688515
7000000.0,3.99369711248
7101610.0,3.99454518252
7101613.0,3.99454497783
7609150.0,3.99877603774
8000000.0,4.00203337901
9000000.0,3.97930087584
9553560.0,3.94992552392
9553562.0,3.94992551408
10000000.0,3.9262388904
11000000.0,3.84372946807
12000000.0,3.73269234996
12197600.0,3.70590212996
12197640.0,3.7058970696
13000000.0,3.59710692043
14000000.0,3.44589573924
14989000.0,3.29633975634
14989040.0,3.29633413691
15000000.0,3.29468284367
16000000.0,3.15230693513
16145200.0,3.13410450546
16605200.0,3.07643296336
17000000.0,3.0269309397
18000000.0,2.92093802291
19000000.0,2.83243498498
20000000.0,2.75694602616
