C,0
E_eV,Sig_b
1e-05,78.297729
1.03125e-05,77.1060344
1.0625e-05,75.9673616
1.09375e-05,74.8778911
1.125e-05,73.8341943
1.15625e-05,72.8331435
1.1875e-05,71.8719217
1.21875e-05,70.9479625
1.25e-05,70.05891
1.28125e-05,69.202629
1.3125e-05,68.3771546
1.34375e-05,67.5806822
1.375e-05,66.8115579
1.4375e-05,65.3493581
1.5e-05,63.9796583
1.5625e-05,62.6931052
1.625e-05,61.4816287
1.6875e-05,60.3382113
1.75e-05,59.2567079
1.8125e-05,58.2317451
1.875e-05,57.258551
1.9375e-05,56.3329351
2e-05,55.4511382
2.09375e-05,54.2033792
2.1875e-05,53.0368922
2.28125e-05,51.9432363
2.375e-05,50.9151335
2.46875e-05,49.946328
2.5625e-05,49.0312964
2.65625e-05,48.1652866
2.75e-05,47.3440583
2.84375e-05,46.5638921
2.9375e-05,45.8214998
3.03125e-05,45.1139142
3.125e-05,44.4385386
3.21875e-05,43.7929572
3.3125e-05,43.1750746
3.40625e-05,42.5829663
3.5e-05,42.0148977
3.59375e-05,41.469275
3.6875e-05,40.9446746
3.78125e-05,40.43978324
3.875e-05,39.95339794
3.96875e-05,39.48441596
4.0625e-05,39.03183479
4.25e-05,38.17219579
4.4375e-05,37.36787447
4.625e-05,36.61319674
4.8125e-05,35.90326043
5e-05,35.23385501
5.15625e-05,34.7042692
5.3125e-05,34.19835233
5.46875e-05,33.71439015
5.625e-05,33.25084883
5.78125e-05,32.80633491
5.9375e-05,32.37958527
6.09375e-05,31.96946702
6.25e-05,31.57490759
6.40625e-05,31.19497458
6.5625e-05,30.8287758
6.71875e-05,30.47551927
6.875e-05,30.13445314
7.1875e-05,29.4862254
7.5e-05,28.87925048
7.8125e-05,28.309338
8.125e-05,27.77288898
8.4375e-05,27.26677561
8.75e-05,26.78825109
9.0625e-05,26.33491942
9.375e-05,25.90465532
9.6875e-05,25.49558411
0.0001,25.10602162
0.000103125,24.73448414
0.00010625,24.37962832
0.000109375,24.04026118
0.0001125,23.71529
0.000115625,23.40373234
0.00011875,23.10469599
0.000121875,22.81737891
0.000125,22.54102928
0.000128125,22.27499539
0.00013125,22.01863573
0.000134375,21.77138885
0.0001375,21.53274347
0.00014375,21.07932249
0.00015,20.65495421
0.00015625,20.25669129
0.0001625,19.88198739
0.00016875,19.52864698
0.000175,19.19472526
0.00018125,18.87852797
0.0001875,18.5785614
0.00019375,18.29350222
0.0002,18.0221675
0.000209375,17.63864433
0.00021875,17.28055507
0.000228125,16.94524307
0.0002375,16.63044263
0.000246875,16.3341688
0.00025625,16.05470728
0.000265625,15.79054431
0.000275,15.54036656
0.000284375,15.30300112
0.00029375,15.07741538
0.000303125,14.86267703
0.0003125,14.65796399
0.000321875,14.46253442
0.00033125,14.27572664
0.000340625,14.09693913
0.00035,13.92562054
0.000359375,13.76127962
0.00036875,13.60346523
0.000378125,13.45177636
0.0003875,13.30583205
0.000396875,13.16528143
0.00040625,13.02981373
0.000425,12.77298415
0.00044375,12.53328812
0.0004625,12.30893116
0.00048125,12.09840945
0.0005,11.90037963
0.000515625,11.74408037
0.00053125,11.59505975
0.000546875,11.45279643
0.0005625,11.31681919
0.000578125,11.18668694
0.00059375,11.06201868
0.000609375,10.94243352
0.000625,10.82763064
0.000640625,10.71729927
0.00065625,10.61116873
0.000671875,10.50899838
0.0006875,10.41054765
0.00071875,10.22399291
0.00075,10.05000069
0.00078125,9.8872827
0.0008125,9.7347181
0.00084375,9.59134543
0.000875,9.45631552
0.00090625,9.3288915
0.0009375,9.20841767
0.00096875,9.09431657
0.001,8.98607588
0.00103125,8.88323642
0.0010625,8.78538914
0.00109375,8.69216309
0.001125,8.60322841
0.00115625,8.51828433
0.0011875,8.43705815
0.00121875,8.35930423
0.00125,8.28479599
0.00128125,8.21332989
0.0013125,8.14471644
0.00134375,8.07878321
0.001375,8.01537277
0.0014375,7.8955448
0.0015,7.78419581
0.0015625,7.6804365
0.001625,7.58350085
0.0016875,7.49272412
0.00175,7.40752878
0.0018125,7.32740649
0.001875,7.25191208
0.0019375,7.18064949
0.002,7.1132698
0.00209375,7.0188059
0.0021875,6.9314652
0.00228125,6.85046661
0.002375,6.77514033
0.00246875,6.70490978
0.0025625,6.63927262
0.00265625,6.57779364
0.00275,6.52008881
0.00284375,6.46582319
0.0029375,6.41469896
0.00303125,6.36645139
0.003125,6.32084583
0.00321875,6.27767369
0.0033125,6.23674544
0.00340625,6.1978916
0.0035,6.16096075
0.00359375,6.12581448
0.0036875,6.09232744
0.00378125,6.060386301
0.003875,6.029887771
0.0040625,5.972847456
0.00425,5.920543555
0.0044375,5.872415423
0.004625,5.82798865
0.0048125,5.786857019
0.005,5.748672476
0.00515625,5.718882896
0.0053125,5.690777208
0.00546875,5.66421599
0.005625,5.639078858
0.00578125,5.615254467
0.0059375,5.592645502
0.00625,5.550720734
0.0065625,5.512685556
0.006875,5.478028289
0.0071875,5.446322515
0.0075,5.417211023
0.0078125,5.390390775
0.008125,5.365602873
0.0084375,5.342628536
0.00875,5.321275083
0.0090625,5.301379916
0.009375,5.282797506
0.0096875,5.265404384
0.01,5.249090135
0.0103125,5.233758387
0.010625,5.219322805
0.0109375,5.205707091
0.01125,5.192843973
0.011875,5.169140571
0.0125,5.1477969
0.013125,5.128479544
0.01375,5.110913319
0.014375,5.09487022
0.015,5.080160392
0.015625,5.0666251
0.01625,5.05412771
0.016875,5.04255467
0.0175,5.031806497
0.018125,5.021797769
0.01875,5.012454112
0.019375,5.003713194
0.02,4.995516722
0.0206625,4.987368551
0.021325,4.979725676
0.02265,4.96577884
0.023975,4.953369501
0.0253,4.942257266
0.02645782,4.933456858
0.02761563,4.92539188
0.02877344,4.91797378
0.02993125,4.91112908
0.03108907,4.904792366
0.03224688,4.898909279
0.03340469,4.893433501
0.0345625,4.888322752
0.03649219,4.880524243
0.03842188,4.873506487
0.04035157,4.867157667
0.04228125,4.8613861
0.04421094,4.856117204
0.04614063,4.851288486
0.04807032,4.846844523
0.05,4.842743949
0.053125,4.836730961
0.05625,4.831384905
0.059375,4.826598857
0.0625,4.822290055
0.065625,4.818389867
0.06875,4.814841761
0.071875,4.811602289
0.075,4.808631068
0.078125,4.805896769
0.08125,4.803372108
0.0875,4.798860746
0.09375,4.794949356
0.1,4.791523672
0.10625,4.788500695
0.1125,4.785811622
0.11875,4.783404799
0.125,4.781237687
0.13125,4.779275839
0.1375,4.777491879
0.15,4.774367394
0.1625,4.771721205
0.175,4.769450801
0.1875,4.767481035
0.2,4.76575601
0.21875,4.76353685
0.2375,4.761664956
0.25625,4.760065975
0.275,4.758682882
0.29375,4.757474888
0.3125,4.756411368
0.33125,4.755466825
0.35,4.754622855
0.36875,4.75386413
0.3875,4.753178373
0.425,4.7519858771
0.4625,4.7509859128
0.5,4.7501334223
0.53125,4.7495145099
0.5625,4.7489637752
0.625,4.7480257403
0.6875,4.747256573
0.75,4.7466130323
0.8125,4.7460682252
0.875,4.7456004868
0.9375,4.7451932597
1.0,4.7448371185
1.125,4.7442419694
1.25,4.7437632383
1.375,4.7433706639
1.5,4.7430423597
1.625,4.7427626898
1.75,4.7425232069
2.0,4.7421322274
2.1875,4.7418961686
2.375,4.7416964356
2.5625,4.741524579
2.75,4.7413763031
3.125,4.7411313926
3.5,4.7409372401
3.875,4.7407789431
4.25,4.7406478558
4.625,4.74053652
5.0,4.7404426202
5.625,4.7403109225
6.25,4.7402036266
6.875,4.7401151894
7.5,4.7400402147
8.75,4.7399205969
10.0,4.7398271987
11.25,4.7397540841
12.5,4.7396946831
15.0,4.7396005433
17.5,4.7395297898
20.0,4.7394723102
23.75,4.7394039956
27.5,4.7393490947
31.25,4.7393018478
35.0,4.7392617936
42.5,4.73919218769
50.0,4.73913283757
62.5,4.73904666943
75.0,4.73896890037
87.5,4.73889664218
100.0,4.73882740359
125.0,4.7386959193
150.0,4.73857013329
175.0,4.73844641496
200.0,4.73832541726
237.5,4.7381448414
275.0,4.73796702578
350.0,4.7376148198
425.0,4.73726478308
500.0,4.73691646197
625.0,4.7363381597
750.0,4.73576142501
875.0,4.73518505221
1000.0,4.73460892813
1250.0,4.73345014795
1500.0,4.73229180639
1750.0,4.73113574582
2000.0,4.72997787918
2750.0,4.72650844371
3500.0,4.72303944429
4250.0,4.71957069012
5000.0,4.71610509217
6250.0,4.7118547167
7500.0,4.70760741913
8750.0,4.70335917347
10000.0,4.69910996526
12500.0,4.69060991073
13750.0,4.68635988767
15000.0,4.68210986666
17500.0,4.67370982955
20000.0,4.66530979799
22500.0,4.65696009168
25000.0,4.64861036164
27500.0,4.64026061152
30000.0,4.63191084442
32500.0,4.62366106279
35000.0,4.61541126856
37500.0,4.60716146327
40000.0,4.59891164822
42500.0,4.59071182445
45000.0,4.58251199286
47500.0,4.57436215419
50000.0,4.56621230928
56250.0,4.54621288092
62500.0,4.52621341324
75000.0,4.48621538308
87500.0,4.44731525379
100000.0,4.40841604776
125000.0,4.33011839745
130000.0,4.31482064548
135000.0,4.30122088731
140000.0,4.2891251233
142500.0,4.28483123923
145000.0,4.28385635382
147500.0,4.29250046712
148750.0,4.30716652329
150000.0,4.34029357916
151000.0,4.39401362363
152000.0,4.4761766679
152900.0,4.51950870759
154000.0,4.45430075589
155000.0,4.37341879959
156000.0,4.32129684312
158000.0,4.27116092962
160000.0,4.2484610154
165000.0,4.2204292268
170000.0,4.20212443403
175000.0,4.18612163728
180000.0,4.17122183674
190000.0,4.14357022498
200000.0,4.11592159959
225000.0,4.04842165101
250000.0,3.98282169674
275000.0,3.91822173819
300000.0,3.8551217761
325000.0,3.79372181103
350000.0,3.73382184342
375000.0,3.67532187362
400000.0,3.61822190191
425000.0,3.56262192852
450000.0,3.50822195363
475000.0,3.45512197741
500000.0,3.40332199999
525000.0,3.35272200702
550000.0,3.30322201372
575000.0,3.25492202013
600000.0,3.20762202626
625000.0,3.16152203214
650000.0,3.1163220378
675000.0,3.07222204324
700000.0,3.02902204849
725000.0,2.98682205355
750000.0,2.94542205844
775000.0,2.90502206317
800000.0,2.86542206776
825000.0,2.8267220722
850000.0,2.78882207651
875000.0,2.7517220807
900000.0,2.71542208477
925000.0,2.67982208873
950000.0,2.64502209258
975000.0,2.61082209634
1000000.0,2.5774221
1025000.0,2.54462110058
1050000.0,2.51252110114
1053000.0,2.50872110121
1075000.0,2.48112110169
1100000.0,2.45032010223
1125000.0,2.42012010276
1150000.0,2.39052010327
1175000.0,2.36152010377
1200000.0,2.33312010427
1225000.0,2.30522010475
1250000.0,2.27792010522
1275000.0,2.25112010569
1300000.0,2.22492010614
1325000.0,2.19911910659
1350000.0,2.17391910702
1375000.0,2.14921910745
1400000.0,2.12501910788
1425000.0,2.10121910829
1450000.0,2.0780191087
1475000.0,2.0552191091
1500000.0,2.03281910949
1525000.0,2.01051910988
1550000.0,1.98881811026
1553000.0,1.9862181103
1575000.0,1.96741811063
1600000.0,1.946518111
1625000.0,1.92591811137
1650000.0,1.90591811172
1675000.0,1.88581811208
1680000.0,1.88191811215
1700000.0,1.86551811242
1710000.0,1.85741811256
1715000.0,1.85371811263
1720000.0,1.8507181127
1725000.0,1.85011811276
1730000.0,1.85471811283
1732000.0,1.85831811286
1734000.0,1.86161811289
1736000.0,1.86251811291
1738000.0,1.85981811294
1740000.0,1.85441811297
1745000.0,1.84081811303
1750000.0,1.8327181131
1755000.0,1.82801811317
1760000.0,1.82441811323
1770000.0,1.81801811337
1775000.0,1.81471711343
1780000.0,1.8115171135
1790000.0,1.80481711363
1800000.0,1.79801711376
1820000.0,1.78441711402
1825000.0,1.78101711408
1850000.0,1.7644171144
1875000.0,1.74801711472
1900000.0,1.73191711503
1925000.0,1.71611711533
1950000.0,1.70061711564
1975000.0,1.68521711593
1983000.0,1.68071711603
1991000.0,1.67551711612
2000000.0,1.67041711623
2025000.0,1.65911611652
2050000.0,1.68491611681
2052000.0,1.69511611683
2053000.0,1.70201611684
2054000.0,1.70891611685
2056000.0,1.72781611688
2058000.0,1.7542161169
2060000.0,1.79181611692
2061000.0,1.81651611693
2062000.0,1.84671611694
2063000.0,1.88361611696
2064000.0,1.92941611697
2065000.0,1.98681611698
2066000.0,2.05951611699
2067000.0,2.152516117
2068000.0,2.27361611701
2069000.0,2.43281611702
2070000.0,2.64491611703
2071000.0,2.92971611705
2072000.0,3.31221611706
2073000.0,3.81761611707
2074000.0,4.45111611708
2075000.0,5.15651611709
2076000.0,5.7664161171
2077000.0,6.04351611711
2078000.0,5.87191611712
2079000.0,5.37281611714
2080000.0,4.76541611715
2081000.0,4.19891611716
2082000.0,3.72821611717
2083000.0,3.35591611718
2084000.0,3.06581611719
2085000.0,2.8399161172
2086000.0,2.66261611721
2087000.0,2.52181611723
2088000.0,2.40851611724
2089000.0,2.31661611725
2090000.0,2.24071611726
2091000.0,2.17761611727
2092000.0,2.12451611728
2093000.0,2.07941611729
2094000.0,2.0407161173
2095000.0,2.00731611732
2096000.0,1.97831611733
2097000.0,1.95281611734
2098000.0,1.93031611735
2099000.0,1.91041611736
2100000.0,1.89261611737
2102000.0,1.86241611739
2104000.0,1.83761611742
2106000.0,1.81701611744
2108000.0,1.79961611746
2110000.0,1.78481611748
2112000.0,1.7721161175
2114000.0,1.76091611753
2116000.0,1.75111611755
2118000.0,1.74241611757
2120000.0,1.73471611759
2140000.0,1.68631511781
2160000.0,1.66111511803
2180000.0,1.64451511825
2200000.0,1.63201511846
2220000.0,1.62191511867
2240000.0,1.61361411888
2260000.0,1.60651411909
2280000.0,1.6004141193
2300000.0,1.5953141195
2320000.0,1.59111411971
2340000.0,1.58781311991
2360000.0,1.58531312011
2380000.0,1.5837131203
2400000.0,1.5829131205
2420000.0,1.58311312069
2440000.0,1.58431212089
2460000.0,1.58661212108
2480000.0,1.58991212127
2500000.0,1.59451212146
2520000.0,1.60041212164
2540000.0,1.60771112183
2553000.0,1.61341112195
2560000.0,1.61651112201
2580000.0,1.62701112219
2600000.0,1.63951112237
2620000.0,1.65401112255
2640000.0,1.67091112273
2660000.0,1.69051112291
2680000.0,1.71321012308
2700000.0,1.73961012326
2720000.0,1.77021012343
2740000.0,1.8059101236
2760000.0,1.84781012377
2780000.0,1.89791012394
2785000.0,1.91201012398
2790000.0,1.92701012403
2795000.0,1.94310912407
2800000.0,1.96110912411
2802000.0,1.96930912413
2804000.0,1.97860912414
2806000.0,1.99030912416
2808000.0,2.00700912418
2810000.0,2.03890912419
2811000.0,2.0718091242
2812000.0,2.14000912421
2813000.0,2.32800912422
2814000.0,3.16050912423
2815000.0,5.07090912424
2816000.0,2.77620912424
2817000.0,2.28950912425
2818000.0,2.15890912426
2819000.0,2.10900912427
2820000.0,2.08630912428
2822000.0,2.06970912429
2824000.0,2.06730912431
2826000.0,2.07020912433
2828000.0,2.07560912434
2830000.0,2.08250912436
2835000.0,2.1029091244
2840000.0,2.12650912444
2845000.0,2.15220912448
2850000.0,2.18010912453
2855000.0,2.21020912457
2860000.0,2.24250912461
2865000.0,2.27740912465
2870000.0,2.31490912469
2875000.0,2.35550912473
2880000.0,2.39940912477
2885000.0,2.44700912481
2890000.0,2.49870912485
2895000.0,2.55480912489
2900000.0,2.61570912493
2905000.0,2.68180912497
2910000.0,2.75320912501
2915000.0,2.82960912505
2920000.0,2.91030912509
2924000.0,2.97680912513
2928000.0,3.04320812516
2932000.0,3.10670812519
2936000.0,3.16330812522
2940000.0,3.20700812525
2944000.0,3.22970812529
2948000.0,3.22120812532
2952000.0,3.17070812535
2956000.0,3.06860812538
2960000.0,2.91060812541
2964000.0,2.70130812544
2968000.0,2.45570812548
2972000.0,2.19600812551
2976000.0,1.94580812554
2980000.0,1.72350812557
2984000.0,1.5395081256
2988000.0,1.39620812563
2992000.0,1.29080812566
2996000.0,1.2176081257
3000000.0,1.17040812573
3010000.0,1.12950812581
3020000.0,1.15030812588
3030000.0,1.19760812596
3040000.0,1.25470812604
3050000.0,1.31400812611
3053000.0,1.33160812614
3060000.0,1.37250712619
3080000.0,1.48250712634
3100000.0,1.5826071265
3120000.0,1.67440712665
3140000.0,1.7599071268
3160000.0,1.84040712694
3180000.0,1.91710712709
3200000.0,1.99040712724
3220000.0,2.06090612739
3240000.0,2.12850612753
3260000.0,2.19320612767
3280000.0,2.25490612782
3300000.0,2.31320612796
3320000.0,2.3678061281
3340000.0,2.41830612824
3360000.0,2.46440612838
3380000.0,2.50580512852
3400000.0,2.54200512866
3420000.0,2.5729051288
3440000.0,2.59840512893
3460000.0,2.61820512907
3480000.0,2.63240512921
3500000.0,2.64100512934
3520000.0,2.64420512947
3540000.0,2.64220412961
3553000.0,2.63770412969
3560000.0,2.63530412974
3580000.0,2.62380412987
3600000.0,2.60810413
3620000.0,2.58850413013
3640000.0,2.56540413026
3660000.0,2.53930413039
3680000.0,2.51050313051
3700000.0,2.47950313064
3720000.0,2.44650313077
3740000.0,2.41200313089
3760000.0,2.37620313102
3780000.0,2.33940313114
3800000.0,2.30190213127
3820000.0,2.26390213139
3840000.0,2.22570213151
3860000.0,2.18740213163
3880000.0,2.14910213176
3900000.0,2.11120213188
3920000.0,2.073601132
3940000.0,2.03670113211
3960000.0,2.00070113223
3980000.0,1.96570113235
4000000.0,1.93210113247
4010000.0,1.91600113253
4020000.0,1.90040113259
4030000.0,1.88550013264
4040000.0,1.8714001327
4050000.0,1.85810013276
4053000.0,1.85450013278
4060000.0,1.84590013282
4070000.0,1.83500013288
4080000.0,1.82550013293
4090000.0,1.81800013299
4100000.0,1.81260013305
4110000.0,1.80980013311
4120000.0,1.81030013316
4130000.0,1.81450013322
4140000.0,1.82330013328
4150000.0,1.83720013333
4160000.0,1.85720013339
4170000.0,1.88390013344
4180000.0,1.9174991335
4190000.0,1.95789913356
4200000.0,2.00429913361
4210000.0,2.05489913367
4220000.0,2.10659913372
4230000.0,2.15589913378
4240000.0,2.19879913383
4250000.0,2.23189913389
4260000.0,2.25279913395
4270000.0,2.260899134
4280000.0,2.25679913406
4290000.0,2.24219913411
4300000.0,2.21949913416
4310000.0,2.19089913422
4320000.0,2.15849913427
4330000.0,2.12399813433
4340000.0,2.08859813438
4350000.0,2.05339813444
4360000.0,2.01889813449
4370000.0,1.98539813454
4380000.0,1.9532981346
4390000.0,1.92259813465
4400000.0,1.8932981347
4420000.0,1.83899813481
4440000.0,1.78989813492
4460000.0,1.74539813502
4480000.0,1.70489813513
4500000.0,1.66769713523
4520000.0,1.63329713533
4540000.0,1.60149713544
4553000.0,1.5821971355
4560000.0,1.57169713554
4580000.0,1.54379713564
4600000.0,1.51749713575
4620000.0,1.49249613585
4640000.0,1.46879613595
4660000.0,1.44619613605
4680000.0,1.42449613615
4700000.0,1.40359613625
4720000.0,1.38339613635
4740000.0,1.36389513645
4760000.0,1.34479513655
4780000.0,1.32619513665
4800000.0,1.30779513674
4810000.0,1.29859513679
4812000.0,1.2966951368
4812089.0,1.2965951368
4820000.0,1.28987594284
4850000.0,1.27049513699
4899900.0,1.25179399723
4900000.0,1.25179363723
4919400.0,1.27509356732
4920000.0,1.27949413732
4930000.0,1.35259413737
4934500.0,1.38519383739
4935500.0,1.7633934374
4936700.0,2.0115935574
4938500.0,1.98589423741
4939500.0,1.78279383741
4940000.0,1.73969413742
4943200.0,1.46389389743
4948100.0,1.32559371746
4950000.0,1.31239413746
4954600.0,1.28059380749
4958400.0,1.2592934975
4980000.0,1.22359313761
4990000.0,1.20339313765
5000000.0,1.1831931377
5001000.0,1.19539314432
5030000.0,1.17729333654
5053000.0,1.17249348938
5100000.0,1.15119280279
5120000.0,1.11249293658
5150000.0,1.13569313777
5180000.0,1.12469233953
5200000.0,1.10779247436
5230000.0,1.09819267708
5280000.0,1.06489201624
5300000.0,1.05809185235
5330000.0,1.04549175699
5335000.0,1.07959169115
5340000.0,1.02709162533
5360000.0,1.5782915622
5362000.0,1.8254915759
5370000.0,1.99229163073
5371000.0,1.97159163759
5378000.0,1.7576916856
5380000.0,1.67959169932
5390000.0,1.46269176798
5400000.0,1.3276918367
5410000.0,1.26109090548
5420000.0,1.22779097433
5430000.0,1.19899104324
5440000.0,1.19099111221
5460000.0,1.14569125034
5474740.0,1.1358525523
5500000.0,1.11899100605
5550000.0,1.10119111597
5553000.0,1.11089105897
5600000.0,1.08879073886
5650000.0,1.07919037484
5700000.0,1.06819002403
5800000.0,1.07878946251
5900000.0,1.07968885526
6000000.0,1.0974884032
6050000.0,1.10408802156
6053000.0,1.10798796496
6125000.0,1.13318701664
6160000.0,1.16228653491
6174000.0,1.18938634351
6180000.0,1.19598633314
6181200.0,1.19788625108
6181241.0,1.1979512517
6190000.0,1.21188618283
6200000.0,1.22778603289
6210000.0,1.27448548333
6220000.0,1.29318563415
6230000.0,1.34508578535
6240000.0,1.42888593693
6250000.0,1.50318508889
6285000.0,2.41538462375
6295000.0,2.71068477743
6303000.0,2.59898490065
6310000.0,2.36038500866
6320000.0,1.93508416329
6330000.0,1.70308431831
6340000.0,1.52058417961
6350000.0,1.48188404129
6360000.0,1.60088390326
6370000.0,1.40638376571
6390000.0,1.17838359177
6400000.0,1.15488345538
6410000.0,1.11768331937
6420000.0,1.08998328365
6430000.0,1.10288314842
6440000.0,1.07958301357
6450000.0,1.07978287911
6470000.0,1.06018261135
6490000.0,1.05758234505
6510000.0,1.0372821804
6540000.0,0.97208178625
6553000.0,0.89565161662
6558080.0,0.8618549585
6560000.0,0.84908153345
6570000.0,0.76944134525
6580000.0,0.73222125774
6590000.0,0.74321107083
6600000.0,0.73781088471
6620000.0,0.78184061457
6640000.0,0.76381034723
6658000.0,0.93582999891
6665000.0,0.86308994196
6670000.0,0.8490199014
6680000.0,0.8427597209
6700000.0,0.83654946193
6750000.0,0.8158087772
6810000.0,0.79788793911
6920000.0,0.76987650389
7000000.0,0.7449554252
7053000.0,0.74906465624
7100000.0,0.74878345247
7140000.0,0.76806251799
7180000.0,0.79760149178
7200000.0,0.84463102007
7220000.0,0.87758045046
7225000.0,0.88783035839
7250000.0,0.97668980001
7270000.0,1.06906923568
7280000.0,1.13866905431
7340000.0,1.64446797726
7350000.0,1.75616719961
7360000.0,1.7554674225
7370000.0,1.80856664593
7400000.0,1.78136631942
7420000.0,1.77076577109
7470000.0,1.75556490971
7529000.0,1.75396327068
7542000.0,1.7345625731
7553000.0,1.72526282971
7594000.0,1.70406279199
7620000.0,1.70096240699
7641410.0,1.7163063662
7650000.0,1.72246309031
7667000.0,1.78236243565
7680000.0,1.80856270044
7698000.0,1.92736306807
7700000.0,1.93236310898
7725000.0,2.22526262168
7745000.0,2.42576303345
7750000.0,2.39266313661
7770000.0,2.27506255018
7789000.0,2.1431629444
7810000.0,2.05356238162
7819000.0,2.05886256949
7860000.0,2.00166242902
7886400.0,1.97056298569
7886448.0,1.9699093867
7888000.0,1.94876520635
7897000.0,1.94566707816
7930000.0,1.91286427732
7936000.0,1.89136285941
8000000.0,1.8527624098
8005000.0,1.86375970908
8010000.0,1.81636700843
8014000.0,1.85486284796
8044000.0,1.84296564592
8053000.0,1.88265878581
8079000.0,1.88506674682
8080000.0,1.8758582069
8100000.0,1.88586740907
8101000.0,1.9038588692
8105000.0,1.88836470979
8109000.0,1.86736055042
8120000.0,1.85006561239
8131000.0,1.81386167471
8138000.0,1.79846189636
8160000.0,1.7149640225
8166000.0,1.66976278442
8200000.0,1.51686223724
8210000.0,1.47106674165
8218000.0,1.45276842539
8240000.0,1.39996035662
8280000.0,1.29956838064
8295800.0,1.26406135941
8296200.0,1.25886194369
8296218.0,1.25884303996
8320000.0,1.2341699594
8330000.0,1.2133614978
8391000.0,1.14676799863
8400000.0,1.13696237457
8426000.0,1.13556844174
8448000.0,1.11846585326
8450000.0,1.10167008156
8480000.0,1.10706480945
8499500.0,1.08396931319
8500000.0,1.07486789583
8520000.0,1.08336532238
8553000.0,1.06637220874
8600000.0,1.07956604024
8611000.0,1.0793718379
8664000.0,1.06526706798
8700000.0,1.06817511384
8708000.0,1.06277026899
8724740.0,1.0622518621
8750000.0,1.06146912151
8768000.0,1.06777267694
8800000.0,1.07197245339
8833000.0,1.07637908866
8850000.0,1.07717588569
8885000.0,1.09757623857
8920000.0,1.08637659165
8940000.0,1.10397396494
8980000.0,1.13097871171
9000000.0,1.1325760852
9005000.0,1.15297487813
9020000.0,1.15457145694
9030000.0,1.16777914284
9045000.0,1.17477562172
9053000.0,1.19767779048
9067000.0,1.19687681082
9080000.0,1.2235780726
9149000.0,1.2887754164
9163000.0,1.30738453698
9180000.0,1.30227693345
9219000.0,1.33068061964
9250000.0,1.32578203706
9254000.0,1.33938327158
9300000.0,1.31958146873
9360000.0,1.29298878728
9400000.0,1.27009033331
9450000.0,1.25298976622
9500000.0,1.23528919953
9522000.0,1.23499037032
9553000.0,1.22358762928
9560000.0,1.23008882003
9590000.0,1.2219882805
9600000.0,1.21929146735
9630000.0,1.22289092801
9640000.0,1.23149411492
9678000.0,1.22619216534
9680000.0,1.22399676274
9692000.0,1.22599454713
9700000.0,1.23619303674
9726000.0,1.23089330304
9740000.0,1.24599568493
9750000.0,1.22658887201
9800000.0,1.22939470766
9808080.0,1.2248173873
9821000.0,1.21749823788
9830000.0,1.21879392712
9868000.0,1.19859156213
9900000.0,1.18219537388
9917000.0,1.18309946883
9921000.0,1.17309872071
10000000.0,1.1729958797
10050000.0,1.14759310996
10053000.0,1.13869449005
10170000.0,1.1183007373
10250000.0,1.11279251527
10300000.0,1.11159988693
10372000.0,1.13769457588
10400000.0,1.14569475367
10448000.0,1.16189779254
10448060.0,1.16193142182
10478000.0,1.17929876714
10500000.0,1.19569955074
10506000.0,1.19620093951
10536000.0,1.21209798492
10550000.0,1.20959796034
10553000.0,1.22240370514
10620000.0,1.25459764584
10690000.0,1.29849724513
10700000.0,1.29880293185
10750000.0,1.33140126954
10800000.0,1.35519961396
10830000.0,1.3745065838
10891400.0,1.4066098254
10900000.0,1.41110631359
10940000.0,1.42019894296
11000000.0,1.4085028458
11004000.0,1.40050737275
11053000.0,1.40120000752
11096000.0,1.38890050834
11100000.0,1.39390503666
11166000.0,1.40020381187
11170000.0,1.40119824115
11250000.0,1.38669763815
11300000.0,1.3831986221
11400000.0,1.37340041426
11500000.0,1.35650233787
11553000.0,1.34500680675
11708000.0,1.33690416702
11750000.0,1.35480379865
11751000.0,1.34919949707
11800000.0,1.35919892374
11828000.0,1.37319868494
11900000.0,1.41269939374
11909000.0,1.40800068356
11917000.0,1.42169637503
11974700.0,1.4249661025
12000000.0,1.4263997971
12050000.0,1.44459753147
12053000.0,1.44999517777
12088000.0,1.44909408664
12100000.0,1.45159457338
12196000.0,1.38719838253
12224000.0,1.37499946105
12250000.0,1.3674955431
12300000.0,1.34529251391
12400000.0,1.32499657617
12500000.0,1.33179056517
12553000.0,1.34138965988
12599000.0,1.34748624974
12700000.0,1.36648331985
12738000.0,1.36698178136
12792000.0,1.38758643785
12900000.0,1.40197913321
12990000.0,1.4234781152
13000000.0,1.4203768812
13053000.0,1.41557897019
13058100.0,1.4156546715
13100000.0,1.41627833073
13120000.0,1.41637873136
13250000.0,1.40736659715
13280000.0,1.39497232773
13300000.0,1.39727275137
13500000.0,1.3927674338
13520800.0,1.3965129791
13540000.0,1.39997038872
13553000.0,1.39946306953
13587000.0,1.40046671577
13646000.0,1.38596068083
13700000.0,1.38146055971
13767000.0,1.37396304939
13767420.0,1.3737611923
13822000.0,1.34864782251
13830000.0,1.34884901179
13965000.0,1.33055447865
14000000.0,1.3022547604
14053000.0,1.31535465258
14141400.0,1.3249473612
14182000.0,1.32935372355
14250000.0,1.33425115641
14364000.0,1.32115562555
14419000.0,1.3121524427
14472000.0,1.31375380862
14500000.0,1.32004876961
14553000.0,1.33394882507
14564400.0,1.3343894889
14566000.0,1.33445127195
14653000.0,1.36304602085
14694000.0,1.3792487285
14750000.0,1.38064950656
14767000.0,1.37745340334
14807000.0,1.3804482534
14812000.0,1.3824476738
14837000.0,1.3854444812
14863000.0,1.3887492227
14887000.0,1.3901461236
14888000.0,1.3901460488
14892000.0,1.3965475499
14906000.0,1.3985478054
14909000.0,1.399251382
14927000.0,1.3964531443
14954000.0,1.3969457467
14962000.0,1.396748757
14996000.0,1.4035465415
15000000.0,1.397448069
15006000.0,1.3996505288
15045000.0,1.4102515768
15053000.0,1.4145448604
15093000.0,1.425351892
15224700.0,1.432575061
15248000.0,1.4338530583
15263000.0,1.4338444421
15263400.0,1.43388596153
15448000.0,1.4543478166
15477000.0,1.4549525506
15500000.0,1.4570551627
15553000.0,1.4638553866
15731000.0,1.4796542459
15966000.0,1.5073660065
15970000.0,1.5136633068
15990000.0,1.5099598405
16000000.0,1.515562601
16053000.0,1.5026633113
16068000.0,1.5019686449
16256000.0,1.4632661566
16308100.0,1.447296141
16347000.0,1.4353715662
16347450.0,1.4353714225
16443000.0,1.4381691618
16500000.0,1.4327718552
16532000.0,1.428980194
16553000.0,1.4254743302
16695000.0,1.4084790369
16820000.0,1.4005886939
16824000.0,1.3993881002
16974000.0,1.395691873
17000000.0,1.397196492
17053000.0,1.4012940912
17074000.0,1.4058992571
17138000.0,1.3981022295
17298000.0,1.3931095233
17298160.0,1.3931092878
17300000.0,1.39310942916
17301000.0,1.4064068179
17391400.0,1.40300337721
17431000.0,1.4015114385
17431500.0,1.4014933599
17467000.0,1.4011085764
17500000.0,1.4056103796
17553000.0,1.4107153804
17616000.0,1.4165160007
17687000.0,1.4176167152
17900000.0,1.4317288646
17901000.0,1.4345289331
18000000.0,1.442929925
18053000.0,1.4527335644
18087000.0,1.4467353108
18158000.0,1.4679368984
18273000.0,1.4657372748
18460000.0,1.4616418766
18474700.0,1.464654118
18500000.0,1.4698379392
18516000.0,1.4729380604
18553000.0,1.476437329
18632000.0,1.4838351181
18700000.0,1.4872335382
18833000.0,1.4851373648
19000000.0,1.487339441
19030000.0,1.4877962129
19034000.0,1.4878514132
19053000.0,1.4881663996
19185000.0,1.4906768231
19346000.0,1.494302753
19500000.0,1.4979759452
19511000.0,1.4982407728
19553000.0,1.4992221432
19558100.0,1.499339153
19600000.0,1.5002992938
19661000.0,1.5016355831
19794000.0,1.5042428322
19892000.0,1.5057902158
19999990.0,1.5070059373
20000010.0,1.016211267
20295470.0,1.4926485891
21000000.0,1.4260000496
22000000.0,1.4030000321
23000000.0,1.4040000147
24000000.0,1.4129999973
24278940.0,1.4078870461
24486860.0,1.4010340098
25000000.0,1.3859999798
26000000.0,1.3726569624
27000000.0,1.3570000449
27058670.0,1.3557629501
27303890.0,1.3505549534
28000000.0,1.3357180275
28472930.0,1.3258889626
28923360.0,1.316688034
29000000.0,1.3151280101
30000000.0,1.2949999926
31000000.0,1.2754989752
32000000.0,1.2567949578
32138340.0,1.254264034
33000000.0,1.2387260403
34000000.0,1.2211630229
34518380.0,1.2122349844
35000000.0,1.2040000054
35091960.0,1.2024289567
36000000.0,1.186328988
37000000.0,1.1677109706
38000000.0,1.1486759531
39000000.0,1.1296570357
40000000.0,1.1110000182
41000000.0,1.0928450008
42000000.0,1.0751169834
43000000.0,1.0577879659
44000000.0,1.0408330485
45000000.0,1.0242330311
46000000.0,1.0079700136
47000000.0,0.9920270962
48000000.0,0.9763921787
49000000.0,0.9610531613
50000000.0,0.9460000439
51000000.0,0.9312379264
52000000.0,0.916779409
53000000.0,0.9026259915
54000000.0,0.8887775741
55000000.0,0.8752335567
56000000.0,0.8619922392
56586610.0,0.8543647904
57000000.0,0.8490513218
57593700.0,0.8415093615
58000000.0,0.8364080043
59000000.0,0.8240587869
60000000.0,0.8119999695
61000000.0,0.800208952
62000000.0,0.7886599346
63000000.0,0.7773434172
64000000.0,0.7662512997
65000000.0,0.7553756823
66000000.0,0.7447091648
67000000.0,0.7342447474
68000000.0,0.72397583
69000000.0,0.7138962125
70000000.0,0.7039999951
71000000.0,0.6941800776
72000000.0,0.6843749602
73000000.0,0.6746417428
74000000.0,0.6650306253
75000000.0,0.6555854079
76000000.0,0.6463438905
77000000.0,0.637338673
78000000.0,0.6285978556
79000000.0,0.6201449381
80000000.0,0.6120000207
81000000.0,0.6040806033
82000000.0,0.5962994858
83000000.0,0.5886662684
84000000.0,0.5811896509
85000000.0,0.5738772335
86000000.0,0.5667358161
87000000.0,0.5597715986
88000000.0,0.5529905812
89000000.0,0.54639826375
90000000.0,0.54000004632
91000000.0,0.53378322888
92000000.0,0.52773201144
93000000.0,0.521846794
94000000.0,0.51612717656
95000000.0,0.51057075912
96000000.0,0.50517334168
97000000.0,0.49992802425
98000000.0,0.49482550681
99000000.0,0.48985408937
100000000.0,0.48499997193
102000000.0,0.47585183705
104000000.0,0.46745460217
106000000.0,0.4595392673
108000000.0,0.45179283242
110000000.0,0.44387999754
112000000.0,0.43633306267
114000000.0,0.42954092779
116000000.0,0.42304929291
118000000.0,0.41650485803
120000000.0,0.40964002316
122000000.0,0.40264208828
124000000.0,0.3958993534
126000000.0,0.38949831853
128000000.0,0.38351568365
130000000.0,0.37802004877
132000000.0,0.37291631389
134000000.0,0.36805147902
136000000.0,0.36340334414
138000000.0,0.35895190926
140000000.0,0.35467997439
142000000.0,0.35055333951
144000000.0,0.34655360463
146000000.0,0.342687069754
148000000.0,0.338958234877
150000000.0,0.33537
