Hg,200
E_eV,Sig_b
1e-05,132.69397
1.03125e-05,130.71419
1.0625e-05,128.82305
1.09375e-05,127.01421
1.125e-05,125.28185
1.15625e-05,123.62081
1.1875e-05,122.02633
1.21875e-05,120.4941
1.25e-05,119.0202
1.28125e-05,117.60107
1.3125e-05,116.2334
1.34375e-05,114.91417
1.375e-05,113.64062
1.4375e-05,111.22051
1.5e-05,108.95484
1.5625e-05,106.82798
1.625e-05,104.82641
1.6875e-05,102.93839
1.75e-05,101.15367
1.8125e-05,99.46322
1.875e-05,97.85912
1.9375e-05,96.33431
2e-05,94.88253
2.09375e-05,92.82973
2.1875e-05,90.91229
2.28125e-05,89.11612
2.375e-05,87.42906
2.46875e-05,85.84066
2.5625e-05,84.34172
2.65625e-05,82.92427
2.75e-05,81.58128
2.84375e-05,80.30651
2.9375e-05,79.09447
3.03125e-05,77.94025
3.125e-05,76.83943
3.21875e-05,75.7881
3.3125e-05,74.7827
3.40625e-05,73.82003
3.5e-05,72.8972
3.59375e-05,72.01158
3.6875e-05,71.16076
3.78125e-05,70.34257
3.875e-05,69.55501
3.96875e-05,68.79624
4.0625e-05,68.06459
4.25e-05,66.67655
4.4375e-05,65.37989
4.625e-05,64.16517
4.8125e-05,63.02427
5e-05,61.95014
5.15625e-05,61.10158
5.3125e-05,60.29198
5.46875e-05,59.51849
5.625e-05,58.77858
5.78125e-05,58.06992
5.9375e-05,57.39044
6.09375e-05,56.73821
6.25e-05,56.11153
6.40625e-05,55.50881
6.5625e-05,54.92857
6.71875e-05,54.36951
6.875e-05,53.8304
7.1875e-05,52.80757
7.5e-05,51.85206
7.8125e-05,50.95699
8.125e-05,50.1164
8.4375e-05,49.32511
8.75e-05,48.57863
9.0625e-05,47.873
9.375e-05,47.20473
9.6875e-05,46.57072
0.0001,45.96825
0.000103125,45.39484
0.00010625,44.8483
0.000109375,44.32668
0.0001125,43.82818
0.000115625,43.35121
0.00011875,42.89431
0.000121875,42.45615
0.000125,42.03553
0.000128125,41.63135
0.00013125,41.24261
0.000134375,40.86837
0.0001375,40.50778
0.00014375,39.82451
0.00015,39.18725
0.00015625,38.59119
0.0001625,38.03225
0.00016875,37.50685
0.000175,37.01187
0.00018125,36.54459
0.0001875,36.10261
0.00019375,35.6838
0.0002,35.28628
0.000209375,34.72627
0.00021875,34.20547
0.000228125,33.71964
0.0002375,33.26516
0.000246875,32.83893
0.00025625,32.43822
0.000265625,32.06066
0.000275,31.7042
0.000284375,31.36698
0.00029375,31.04739
0.000303125,30.744
0.0003125,30.45553
0.000321875,30.18083
0.00033125,29.91888
0.000340625,29.66875
0.00035,29.42959
0.000359375,29.20066
0.00036875,28.98126
0.000378125,28.77078
0.0003875,28.56864
0.000396875,28.37433
0.00040625,28.18735
0.000425,27.83371
0.00044375,27.50463
0.0004625,27.19744
0.00048125,26.90988
0.0005,26.64
0.000515625,26.42737
0.00053125,26.224961
0.000546875,26.032012
0.0005625,25.847805
0.000578125,25.671721
0.00059375,25.50319
0.000609375,25.341713
0.000625,25.186803
0.000640625,25.038038
0.00065625,24.89504
0.000671875,24.757443
0.0006875,24.624929
0.00071875,24.373973
0.00075,24.14003
0.00078125,23.921314
0.0008125,23.716242
0.00084375,23.523503
0.000875,23.341911
0.00090625,23.170449
0.0009375,23.008221
0.00096875,22.854455
0.001,22.708428
0.00103125,22.56954
0.0010625,22.437228
0.00109375,22.310997
0.001125,22.190397
0.00115625,22.075039
0.0011875,21.964541
0.00121875,21.858593
0.00125,21.756889
0.00128125,21.659159
0.0013125,21.565141
0.00134375,21.474627
0.001375,21.387404
0.0014375,21.222052
0.0015,21.067743
0.0015625,20.923299
0.001625,20.787741
0.0016875,20.660195
0.00175,20.539901
0.0018125,20.426221
0.001875,20.318571
0.0019375,20.216432
0.002,20.119364
0.00209375,19.982401
0.0021875,19.85477
0.00228125,19.735467
0.002375,19.623628
0.00246875,19.518518
0.0025625,19.4195
0.00265625,19.325998
0.00275,19.23754
0.00284375,19.153681
0.0029375,19.074043
0.00303125,18.998283
0.003125,18.926106
0.00321875,18.857233
0.0033125,18.791426
0.00340625,18.728466
0.0035,18.668153
0.00359375,18.610308
0.0036875,18.554768
0.00378125,18.501391
0.003875,18.450036
0.00396875,18.40058
0.0040625,18.352909
0.00425,18.262524
0.0044375,18.178124
0.004625,18.099093
0.0048125,18.024886
0.005,17.95504
0.00515625,17.899863
0.0053125,17.847229
0.00546875,17.796929
0.005625,17.748811
0.00578125,17.702726
0.0059375,17.658526
0.00609375,17.616094
0.00625,17.575304
0.00640625,17.536074
0.0065625,17.498285
0.00671875,17.461872
0.006875,17.426734
0.0071875,17.360037
0.0075,17.297661
0.0078125,17.239178
0.008125,17.184193
0.0084375,17.132363
0.00875,17.083405
0.0090625,17.037075
0.009375,16.993136
0.0096875,16.951394
0.01,16.911674
0.0103125,16.873818
0.010625,16.83768
0.0109375,16.803149
0.01125,16.770093
0.0115625,16.738433
0.011875,16.708044
0.0121875,16.67887
0.0125,16.650824
0.0128125,16.623831
0.013125,16.597833
0.0134375,16.572758
0.01375,16.548566
0.014375,16.502624
0.015,16.459636
0.015625,16.419297
0.01625,16.381359
0.016875,16.345579
0.0175,16.311776
0.018125,16.279764
0.01875,16.249394
0.019375,16.220543
0.02,16.193069
0.0206625,16.165345
0.021325,16.138943
0.0219875,16.113771
0.02265,16.089723
0.0233125,16.066736
0.023975,16.04471
0.0246375,16.023603
0.0253,16.003341
0.02645782,15.969804
0.02761563,15.938438
0.02877344,15.909008
0.02993125,15.881336
0.03108907,15.855249
0.03224688,15.8306
0.03340469,15.807268
0.0345625,15.785126
0.03552735,15.767522
0.03649219,15.750628
0.03745704,15.734392
0.03842188,15.718775
0.03938673,15.703749
0.04035157,15.689265
0.04131641,15.6753
0.04228125,15.661818
0.04421094,15.636208
0.04614063,15.61225
0.04807032,15.589758
0.05,15.568593
0.0515625,15.552348
0.053125,15.536839
0.0546875,15.5219971
0.05625,15.5077867
0.0578125,15.4941671
0.059375,15.4810913
0.0609375,15.468526
0.0625,15.4564411
0.0640625,15.4448093
0.065625,15.4336049
0.0671875,15.4227938
0.06875,15.4123629
0.071875,15.3925364
0.075,15.3739545
0.078125,15.3565072
0.08125,15.340084
0.084375,15.3245851
0.0875,15.3099306
0.090625,15.2960497
0.09375,15.2828698
0.096875,15.2703456
0.1,15.2584077
0.103125,15.2470221
0.10625,15.2361494
0.109375,15.2257541
0.1125,15.2157942
0.115625,15.2062407
0.11875,15.1970673
0.121875,15.1882504
0.125,15.1797785
0.128125,15.1716127
0.13125,15.1637461
0.134375,15.1561629
0.1375,15.1488461
0.14375,15.1349238
0.15,15.1218764
0.15625,15.109616
0.1625,15.0980731
0.16875,15.0871731
0.175,15.0768691
0.18125,15.0671111
0.1875,15.0578457
0.19375,15.0490272
0.2,15.0406423
0.209375,15.0287674
0.21875,15.017655
0.228125,15.0072373
0.2375,14.9974396
0.246875,14.9882036
0.25625,14.9794782
0.265625,14.971229
0.275,14.9633966
0.284375,14.9559563
0.29375,14.9488774
0.303125,14.9421225
0.3125,14.9356771
0.321875,14.9295192
0.33125,14.9236191
0.340625,14.9179589
0.35,14.9125323
0.359375,14.9073148
0.36875,14.9022928
0.378125,14.8974644
0.3875,14.8928089
0.396875,14.8883193
0.40625,14.8839994
0.425,14.875774
0.44375,14.8680572
0.4625,14.8608121
0.5,14.8475658
0.53125,14.8376011
0.5625,14.8284528
0.59375,14.820026
0.625,14.8122306
0.6875,14.798226
0.75,14.7859805
0.8125,14.7751445
0.875,14.7654754
0.9375,14.7567568
1.0,14.7488099
1.0625,14.7415589
1.125,14.7348986
1.1875,14.7287415
1.25,14.7230237
1.375,14.7127127
1.5,14.7036447
1.625,14.6955695
1.75,14.6883086
1.875,14.6817139
2.0,14.6756853
2.1875,14.6675099
2.375,14.6602206
2.5625,14.6536223
2.75,14.6476295
2.9375,14.6421113
3.125,14.6370074
3.3125,14.6322561
3.5,14.6278095
3.875,14.6196999
4.25,14.6124176
4.625,14.6057913
5.0,14.599698
5.3125,14.59496724
5.625,14.59049361
5.9375,14.58625547
6.25,14.58221431
6.875,14.57462184
7.5,14.56759795
8.125,14.56101511
8.75,14.55479528
9.375,14.54889507
10.0,14.54323482
10.625,14.53780936
11.25,14.5325585
11.875,14.52748769
12.5,14.5225467
13.75,14.5130497
15.0,14.50395243
16.25,14.49519867
17.5,14.48670265
18.75,14.47845987
20.0,14.47038514
21.875,14.45861328
23.75,14.44715808
25.625,14.43594785
27.5,14.42497449
29.375,14.41419729
31.25,14.40358199
33.125,14.39311047
35.0,14.3827774
36.875,14.37256026
38.75,14.36245862
42.5,14.34253837
46.25,14.32297169
50.0,14.30370855
53.125,14.28786288
56.25,14.2721923
59.375,14.25667595
62.5,14.24130458
68.75,14.2109773
75.0,14.18115236
78.125,14.16641193
82.8125,14.14452069
87.5,14.12283846
93.75,14.09427328
100.0,14.06606335
106.25,14.03819653
112.5,14.01065281
118.75,13.98341406
125.0,13.95645355
131.25,13.92977565
137.5,13.90335566
150.0,13.85124391
162.5,13.80004259
175.0,13.74966252
187.5,13.7000388
200.0,13.65109969
209.375,13.61480727
218.75,13.57884295
237.5,13.50781787
256.25,13.43782666
275.0,13.36872592
293.75,13.3003552
312.5,13.232566261
331.25,13.165212746
350.0,13.09815951
368.75,13.031272418
387.5,12.964418148
406.25,12.897474032
425.0,12.830307947
453.125,12.728755733
481.25,12.626083129
500.0,12.556656265
531.25,12.438813005
562.5,12.317704412
593.75,12.192512716
625.0,12.062382104
640.625,11.995150418
656.25,11.926289321
671.875,11.85566999
687.5,11.7831139
703.125,11.70844278
718.75,11.63150861
734.375,11.55207367
750.0,11.46992063
765.625,11.38480253
781.25,11.29647291
796.875,11.20460585
812.5,11.10890611
828.125,11.0089892
843.75,10.90445159
859.375,10.79484084
875.0,10.67964589
889.6485,10.56595355
904.2969,10.44623873
918.9454,10.31995271
933.5938,10.18643002
940.9181,10.11737067
948.2423,10.04565504
962.8907,9.89547736
970.2149,9.81676152
977.5391,9.7354441
984.8633,9.65136332
992.1875,9.56431942
1000.0,9.46799343
1011.261,9.32221564
1022.522,9.16778305
1028.153,9.08735865
1033.783,9.00395735
1039.413,8.91903724
1045.043,8.8298058
1050.674,8.73936433
1056.304,8.64421716
1061.934,8.54707366
1067.564,8.44599604
1073.195,8.34223478
1078.825,8.23408692
1084.455,8.12199513
1090.085,8.00564733
1096.967,7.85697439
1103.848,7.70152373
1110.73,7.53839194
1117.611,7.36656237
1124.493,7.18637297
1131.374,6.99606999
1134.815,6.89740884
1138.256,6.79536908
1145.137,6.58402682
1151.393,6.38058374
1154.521,6.2752691
1157.649,6.16643888
1160.777,6.05564901
1163.905,5.9411387
1170.161,5.7035597
1176.417,5.4517493
1179.545,5.3210826
1182.673,5.1857855
1185.801,5.0479126
1188.929,4.9051804
1192.057,4.7594227
1195.184,4.6089276
1198.625,4.4382527
1202.066,4.2624416
1205.507,4.0812701
1208.947,3.8945966
1212.388,3.7026123
1215.829,3.5050951
1219.27,3.3022968
1222.71,3.0946283
1226.151,2.8820546
1229.592,2.6654506
1233.033,2.4455212
1234.753,2.3346462
1236.473,2.2234104
1238.194,2.1119653
1239.914,2.0006264
1241.634,1.8897213
1243.354,1.7794828
1245.075,1.6702078
1246.795,1.562742
1248.515,1.4572901
1250.235,1.3543435
1253.051,1.1935402
1254.459,1.1178367
1255.866,1.0461485
1257.274,0.9789132
1257.978,0.9471133
1258.681,0.9168537
1259.385,0.8881622
1260.089,0.8611498
1260.793,0.8359385
1261.496,0.8126985
1262.044,0.796018
1262.591,0.7806957
1263.139,0.7667379
1263.686,0.754285
1264.234,0.7434133
1264.781,0.7342579
1265.328,0.72687982
1265.875,0.72137644
1266.306,0.71843094
1266.736,0.71677394
1267.166,0.71645517
1267.596,0.71753471
1268.026,0.72007593
1268.241,0.72191509
1268.456,0.72414468
1268.671,0.72677324
1268.886,0.729809778
1269.101,0.733263486
1269.316,0.737143648
1269.434,0.739457844
1269.551,0.74188361
1269.668,0.744441735
1269.785,0.747133666
1269.903,0.749985906
1270.02,0.752951663
1270.137,0.75605618
1270.254,0.759301276
1270.362,0.762422825
1270.47,0.765666948
1270.578,0.769034985
1270.685,0.772495426
1270.793,0.776114245
1270.9,0.779825873
1271.008,0.783701055
1271.115,0.787669663
1271.33,0.796038216
1271.545,0.8049436
1271.76,0.81439765
1271.975,0.82441284
1272.191,0.83505258
1272.406,0.84623123
1272.836,0.87040271
1273.266,0.89708525
1273.696,0.92639431
1273.911,0.94207153
1274.126,0.95845119
1274.341,0.97554939
1274.556,0.9933828
1274.771,1.011968
1274.986,1.0313225
1275.201,1.0514639
1275.416,1.0724104
1275.631,1.0941806
1275.846,1.1167935
1276.061,1.1402686
1276.276,1.1646262
1276.491,1.1898865
1276.706,1.2160707
1276.921,1.2432004
1277.136,1.2712978
1277.351,1.3003854
1277.566,1.3304865
1277.781,1.3616256
1277.996,1.3938262
1278.211,1.4271143
1278.426,1.4615143
1278.641,1.4970546
1278.856,1.5337617
1279.071,1.5716622
1279.286,1.6107863
1279.501,1.6511616
1279.716,1.6928199
1280.146,1.7801089
1280.576,1.8729092
1281.007,1.9717285
1281.437,2.0763954
1281.867,2.1874351
1282.297,2.305166
1282.727,2.429926
1283.157,2.562072
1283.587,2.70198
1284.017,2.850049
1284.448,3.007076
1284.878,3.172779
1285.308,3.347986
1285.738,3.533197
1286.169,3.729415
1286.599,3.93629
1287.029,4.154866
1287.459,4.385779
1287.889,4.629705
1288.319,4.887362
1288.749,5.159515
1289.179,5.446979
1289.609,5.750618
1290.039,6.071368
1290.469,6.410269
1290.899,6.768541
1291.29,7.112227
1291.681,7.473795
1292.072,7.853872
1292.463,8.253288
1292.854,8.673201
1293.245,9.114896
1293.636,9.579663
1294.027,10.068831
1294.418,10.583796
1294.809,11.126047
1295.2,11.697178
1295.591,12.298891
1295.982,12.932996
1296.373,13.601428
1296.764,14.306118
1297.155,15.048952
1297.625,15.99536
1298.094,17.002805
1298.563,18.079417
1299.032,19.230744
1299.501,20.462101
1299.97,21.779554
1300.439,23.190042
1300.908,24.701264
1301.339,26.186085
1301.769,27.766502
1302.199,29.453662
1302.629,31.256126
1303.059,33.183265
1303.489,35.245394
1303.919,37.453836
1304.349,39.821064
1304.779,42.360835
1305.209,45.088338
1305.639,48.020376
1306.069,51.175586
1306.499,54.57462
1306.929,58.240473
1307.359,62.198726
1307.789,66.477946
1308.22,71.121238
1308.65,76.142879
1309.08,81.593332
1309.51,87.517666
1309.94,93.96666
1310.37,100.997627
1310.8,108.67536
1311.23,117.07326
1311.661,126.29696
1312.091,136.39873
1312.521,147.50699
1312.736,153.47643
1312.951,159.74496
1313.166,166.33086
1313.381,173.25358
1313.596,180.53392
1313.811,188.19418
1314.026,196.25822
1314.241,204.7516
1314.456,213.70175
1314.671,223.13791
1314.886,233.09161
1315.101,243.59639
1315.316,254.68841
1315.531,266.40614
1315.746,278.79077
1315.961,291.88663
1316.176,305.74068
1316.391,320.40333
1316.606,335.92812
1316.821,352.37215
1317.036,369.79605
1317.251,388.26391
1317.466,407.84374
1317.681,428.6069
1317.896,450.62834
1318.111,473.98633
1318.322,498.28738
1318.532,523.90702
1318.742,551.03639
1318.952,579.75518
1319.163,610.29155
1319.373,642.4336
1319.583,676.39539
1319.793,712.24473
1320.004,750.22552
1320.214,790.02607
1320.424,831.85491
1320.634,875.72533
1320.845,921.84965
1321.055,969.74943
1321.475,1071.16317
1321.916,1184.52549
1322.357,1302.5187
1322.798,1421.48296
1323.238,1536.31533
1323.459,1590.73688
1323.679,1641.70352
1323.899,1688.67133
1324.119,1730.86365
1324.34,1767.7138
1324.56,1798.24986
1324.78,1822.12707
1325.0,1838.962
1325.3,1850.17922
1325.544,1849.26247
1325.788,1839.56698
1326.032,1821.5425
1326.275,1795.95391
1326.519,1763.38346
1326.763,1724.82515
1327.007,1681.24775
1327.25,1633.84179
1327.738,1530.38337
1328.225,1421.73319
1328.713,1312.74399
1329.2,1207.64927
1329.644,1117.14149
1329.866,1074.14877
1330.087,1032.94581
1330.309,993.19609
1330.53,955.26912
1330.752,918.81424
1330.973,884.13789
1331.195,850.8914
1331.417,819.19164
1331.639,788.98782
1331.86,760.35074
1332.082,732.96297
1332.303,707.01165
1332.525,682.20133
1332.746,658.69555
1332.971,635.92635
1333.196,614.26939
1333.421,593.66626
1333.646,574.06051
1333.871,555.39816
1334.096,537.62754
1334.321,520.69981
1334.546,504.56822
1334.996,474.51967
1335.446,447.15782
1335.896,422.19418
1336.345,399.42171
1336.795,378.51347
1337.245,359.32274
1337.695,341.67326
1338.145,325.40917
1338.595,310.39267
1339.045,296.50186
1339.495,283.628692
1339.945,271.677478
1340.293,263.013436
1340.641,254.815943
1340.989,247.054982
1341.336,239.722702
1341.684,232.74683
1342.032,226.117961
1342.38,219.808968
1342.727,213.816047
1343.423,202.627532
1344.118,192.458585
1344.813,183.175368
1345.508,174.676216
1345.958,169.549663
1346.408,164.69396
1346.858,160.089706
1347.308,155.719581
1347.758,151.567438
1348.208,147.618597
1349.108,140.278487
1350.008,133.603987
1350.908,127.514626
1351.808,121.941701
1352.708,116.826477
1353.608,112.118305
1354.508,107.773553
1355.408,103.75416
1356.308,100.027091
1357.208,96.563495
1358.108,93.338018
1359.008,90.329275
1359.907,87.528424
1360.807,84.902839
1361.707,82.429752
1362.607,80.104513
1363.507,77.916906
1364.407,75.854923
1365.307,73.908268
1366.207,72.068893
1367.107,70.328297
1368.007,68.678569
1368.907,67.113781
1369.807,65.627843
1370.707,64.214649
1371.607,62.869651
1372.507,61.5884375
1373.407,60.3662896
1374.306,59.2008442
1376.106,57.0203
1377.906,55.0226778
1379.706,53.1868931
1381.506,51.4949546
1383.306,49.9308727
1385.106,48.4814628
1386.906,47.1349256
1388.705,45.8815954
1389.933,45.0746481
1391.16,44.3047152
1393.614,42.8647812
1396.069,41.5441681
1397.296,40.9251758
1398.523,40.336079
1400.978,39.2145638
1403.432,38.1771598
1405.886,37.2150165
1408.34,36.3204704
1410.14,35.7049718
1411.94,35.1181704
1413.74,34.5577176
1415.54,34.0261522
1417.34,33.5187318
1419.14,33.0320849
1420.94,32.5685453
1422.739,32.1258473
1424.539,31.6997437
1426.339,31.2921259
1429.938,30.526474
1433.538,29.8194457
1437.137,29.1638226
1440.737,28.55637
1444.337,27.9900469
1447.937,27.4615944
1451.536,26.9682774
1455.136,26.5048722
1458.736,26.0703243
1462.336,25.6614789
1465.935,25.2757432
1469.208,24.9441893
1472.48,24.63156712
1475.753,24.3303988
1479.025,24.04663286
1482.298,23.77184706
1485.57,23.5125711
1492.115,23.02427257
1498.66,22.57868991
1501.933,22.36824019
1505.205,22.16800569
1508.478,21.97308173
1511.75,21.78740347
1518.294,21.4344808
1525.494,21.07663876
1529.094,20.90648179
1532.693,20.74409579
1539.893,20.43509552
1547.092,20.14829873
1554.292,19.87922163
1561.491,19.62807143
1568.691,19.39224578
1575.89,19.16976282
1580.799,19.02577732
1585.708,18.88737545
1590.617,18.75419144
1595.525,18.62591035
1605.343,18.38280801
1610.252,18.2674892
1615.16,18.15706963
1624.978,17.94458059
1634.795,17.74528667
1644.612,17.55789943
1654.429,17.381364
1661.629,17.25902286
1668.828,17.14069474
1676.028,17.02605615
1683.227,16.9169456
1697.626,16.7088791
1704.825,16.61048806
1712.024,16.51547054
1726.423,16.33332326
1740.822,16.16256609
1748.022,16.08045371
1755.221,16.0012587
1769.619,15.84794613
1778.782,15.75473488
1787.945,15.66437985
1806.271,15.49121896
1824.597,15.32705033
1842.922,15.1707844
1852.085,15.095437416
1861.248,15.022412468
1879.574,14.878876989
1897.9,14.740432151
1916.225,14.60644391
1937.169,14.458071477
1958.113,14.313639307
1979.057,14.172303714
2000.0,14.033291988
2021.993,13.889019825
2043.985,13.745682722
2068.727,13.584507671
2093.468,13.422330305
2105.839,13.340582155
2118.209,13.257982573
2130.58,13.174942303
2142.95,13.090308617
2155.321,13.005211965
2167.692,12.918044444
2180.063,12.829889152
2192.433,12.739798238
2204.804,12.648254229
2217.174,12.554238484
2229.545,12.457888688
2241.915,12.358897639
2257.035,12.23362692
2272.155,12.10372573
2287.275,11.9683534
2302.394,11.82640247
2317.514,11.67795328
2332.633,11.52115846
2340.193,11.43985446
2347.753,11.35547685
2362.872,11.18033901
2374.556,11.03680454
2386.239,10.88563889
2397.923,10.72606626
2409.606,10.55722355
2415.448,10.46916949
2421.29,10.37804193
2427.132,10.28474695
2432.973,10.18844928
2438.815,10.08850958
2444.656,9.98519398
2450.498,9.87824098
2456.339,9.76745812
2463.899,9.61775154
2471.459,9.46098476
2479.019,9.2962454
2486.578,9.12247582
2494.138,8.93978722
2501.698,8.74636311
2505.478,8.64580054
2509.258,8.54172261
2516.817,8.32534385
2523.346,8.12712432
2529.875,7.91790878
2533.14,7.80955875
2536.404,7.69708698
2539.669,7.58235409
2542.933,7.46372255
2549.462,7.21649408
2555.991,6.95358941
2562.52,6.67470718
2565.785,6.52838258
2569.049,6.37737891
2572.829,6.19627603
2576.609,6.00834392
2580.389,5.81316562
2584.169,5.61031096
2587.949,5.3996512
2591.729,5.1806218
2595.509,4.9529897
2599.288,4.7166161
2603.068,4.4708648
2606.848,4.215857
2610.628,3.9513874
2612.518,3.81558
2614.408,3.6773966
2616.298,3.5370399
2618.188,3.3943945
2620.078,3.2495176
2621.968,3.1026937
2623.858,2.9539379
2625.748,2.8033612
2627.638,2.6513338
2629.527,2.4981335
2631.761,2.3157451
2633.995,2.1327744
2636.229,1.9499797
2638.462,1.7686173
2640.696,1.5898927
2642.929,1.4156891
2645.163,1.2480178
2646.28,1.1674862
2647.396,1.0897336
2648.427,1.0206101
2649.458,0.9544995
2650.489,0.8920285
2651.005,0.8622684
2651.52,0.8336422
2652.036,0.806107
2652.551,0.7798434
2653.067,0.7548284
2653.582,0.7312423
2654.098,0.7090812
2654.613,0.6885219
2655.128,0.6696122
2655.643,0.6524465
2656.159,0.6371038
2656.674,0.6237725
2657.19,0.61254476
2657.705,0.60360376
2658.221,0.59704927
2658.736,0.5930463
2659.251,0.59173217
2659.509,0.59213572
2659.766,0.59327122
2659.938,0.59445097
2660.11,0.59597541
2660.282,0.59785136
2660.454,0.600085895
2660.626,0.602686514
2660.798,0.605660355
2660.97,0.609015102
2661.141,0.612735505
2661.26,0.615555279
2661.378,0.618541307
2661.496,0.62171909
2661.614,0.625091386
2661.732,0.628660793
2661.85,0.63243014
2661.968,0.636402093
2662.086,0.640579459
2662.323,0.64960186
2662.559,0.65944467
2662.795,0.67016814
2663.031,0.68179686
2663.268,0.69441151
2663.504,0.70793189
2663.976,0.73795176
2664.449,0.77220976
2664.921,0.81079981
2665.394,0.8541394
2665.63,0.8775941
2665.866,0.902314
2666.103,0.9284483
2666.339,0.9558137
2666.575,0.9845563
2666.811,1.0147154
2667.048,1.0464692
2667.284,1.0795917
2667.52,1.1142572
2667.756,1.1505102
2667.993,1.1885612
2668.229,1.2281366
2668.465,1.2694425
2668.701,1.3125296
2668.938,1.3576444
2669.174,1.4044602
2669.41,1.4532193
2669.646,1.503979
2669.883,1.5570268
2670.119,1.6119766
2670.355,1.6691112
2670.591,1.7284957
2670.828,1.7904641
2671.064,1.8545634
2671.3,1.9211221
2671.536,1.9902144
2671.773,2.0622276
2672.009,2.136633
2672.245,2.213812
2672.481,2.293848
2672.718,2.377189
2672.954,2.463221
2673.426,2.644778
2673.899,2.840086
2674.371,3.049169
2674.844,3.273829
2675.316,3.514095
2675.788,3.771476
2676.26,4.047098
2676.733,4.342822
2677.206,4.659396
2677.679,4.998233
2678.151,5.360064
2678.624,5.748065
2679.096,6.16236
2679.569,6.606619
2680.041,7.081026
2680.514,7.589833
2680.986,8.133308
2681.459,8.716387
2681.931,9.339452
2682.404,10.008247
2682.876,10.72331
2683.348,11.489668
2683.82,12.311311
2684.293,13.194517
2684.765,14.140316
2685.238,15.157944
2685.71,16.248789
2686.183,17.423751
2686.655,18.684712
2687.128,20.044569
2687.6,21.505885
2688.073,23.084003
2688.545,24.782335
2689.018,26.619243
2689.49,28.599278
2689.963,30.744522
2690.435,33.061027
2690.908,35.575481
2691.38,38.295953
2691.853,41.254855
2692.325,44.462928
2692.798,47.95979
2693.27,51.759683
2693.743,55.911317
2694.215,60.433601
2694.688,65.386765
2695.16,70.795853
2695.633,76.735686
2696.105,83.239379
2696.342,86.742449
2696.578,90.400257
2696.814,94.236727
2697.05,98.261933
2697.287,102.504883
2697.523,106.941145
2697.759,111.600246
2697.995,116.494808
2698.232,121.660833
2698.468,127.068892
2698.704,132.755604
2698.94,138.736751
2699.177,145.056659
2699.413,151.679797
2699.649,158.65119
2699.885,165.99042
2700.122,173.75177
2700.358,181.89171
2700.594,190.46481
2700.83,199.49452
2701.067,209.04701
2701.303,219.06681
2701.539,229.6194
2701.775,240.73146
2702.012,252.48069
2702.248,264.79546
2702.484,277.751
2702.72,291.37393
2703.005,308.75112
2703.289,327.11403
2703.573,346.55789
2703.857,367.112
2704.141,388.79691
2704.425,411.62165
2704.709,435.5813
2704.993,460.65343
2705.278,486.88775
2705.562,514.02918
2706.13,570.86526
2706.698,630.03128
2707.266,689.75408
2707.608,725.03761
2707.95,759.10668
2708.292,791.32768
2708.633,820.96609
2708.975,847.55937
2709.317,870.42764
2709.659,889.06509
2710.0,903.04478
2710.391,913.09506
2710.782,916.62837
2711.1,914.7693
2711.417,908.87874
2711.735,899.19265
2712.052,886.11777
2712.37,869.97424
2712.687,851.30025
2713.004,830.50152
2713.321,808.02689
2713.956,759.64283
2714.591,709.15836
2715.226,658.81179
2715.86,610.26742
2716.258,581.1494
2716.655,553.34263
2717.053,526.80038
2717.45,501.70055
2717.848,477.92417
2718.245,455.5709
2718.642,434.54082
2719.039,414.78295
2719.318,401.62794
2719.597,389.05107
2719.876,377.03028
2720.154,365.5828
2720.433,354.602655
2720.712,344.107999
2721.269,324.513049
2721.827,306.546397
2722.384,290.113274
2722.942,275.013751
2723.499,261.172831
2723.883,252.284769
2724.266,243.910005
2724.65,235.971343
2725.033,228.479466
2725.417,221.366381
2725.8,214.642814
2726.183,208.265136
2726.566,202.210829
2726.95,196.444283
2727.333,190.976084
2727.716,185.773026
2728.099,180.818355
2728.483,176.084595
2728.866,171.582158
2729.632,163.181468
2730.399,155.498969
2731.166,148.463703
2731.933,142.004307
2732.699,136.066305
2733.466,130.580275
2734.233,125.507046
2735.0,120.805436
2735.766,116.444509
2736.359,113.277754
2736.951,110.284384
2737.544,107.443339
2738.136,104.754746
2738.729,102.198388
2739.321,99.770243
2739.913,97.455435
2740.505,95.247412
2741.69,91.126574
2742.875,87.366024
2744.06,83.923311
2745.244,80.764569
2746.011,78.853372
2746.778,77.039394
2747.545,75.31579
2748.311,73.678434
2749.078,72.1173482
2749.844,70.6314078
2750.611,69.2119763
2751.377,67.8583758
2752.911,65.3240695
2754.444,63.0032063
2755.977,60.869756
2757.51,58.902838
2759.044,57.0833389
2760.577,55.398074
2762.11,53.8322954
2763.643,52.3742136
2765.177,51.0126365
2766.71,49.7402409
2768.243,48.5482555
2769.776,47.4330296
2771.31,46.3843901
2772.843,45.3929975
2774.377,44.4565526
2775.91,43.573378
2777.444,42.7371958
2778.977,41.9449734
2780.51,41.1940961
2782.043,40.4811196
2783.577,39.8021656
2785.11,39.1565889
2786.643,38.5416877
2788.176,37.9546275
2789.71,37.3937502
2791.243,36.8583634
2792.776,36.3458409
2794.309,35.8549647
2797.376,34.9335044
2800.443,34.0841827
2803.51,33.2991868
2806.576,32.5720745
2809.643,31.8958925
2812.709,31.266326
2815.776,30.6782936
2818.842,30.1280571
2821.073,29.7494657
2823.303,29.3879676
2825.533,29.0422891
2827.763,28.7114306
2829.994,28.39432295
2832.224,28.09126691
2836.684,27.52025163
2841.145,26.99170602
2845.605,26.50207217
2850.065,26.04712598
2854.525,25.62331584
2857.592,25.34927683
2860.659,25.08671619
2863.726,24.83464898
2866.792,24.59498841
2872.925,24.14376819
2875.992,23.93217524
2879.058,23.72935366
2882.125,23.53327711
2885.191,23.34515948
2891.324,22.98993085
2897.457,22.65977233
2903.59,22.35140853
2910.281,22.03901743
2916.972,21.74726599
2923.663,21.47573403
2930.353,21.22094956
2937.044,20.98261548
2943.734,20.75803055
2950.425,20.54831243
2957.115,20.34784384
2963.249,20.17592836
2969.382,20.01127996
2975.515,19.85324219
2981.648,19.70440696
2993.914,19.42451143
3006.18,19.1693762
3018.447,18.93333755
3030.713,18.71629975
3042.979,18.5150834
3055.245,18.32726687
3067.512,18.15305879
3079.778,17.98952548
3092.044,17.83606094
3104.31,17.692220208
3116.577,17.55605912
3128.843,17.427797792
3141.109,17.30631809
3153.375,17.190763804
3174.563,17.004938529
3195.75,16.833856109
3216.937,16.67507032
3238.124,16.528086355
3259.311,16.390620485
3280.498,16.261575944
3301.685,16.140027197
3322.872,16.025290005
3347.405,15.90065783
3371.937,15.78275519
3396.47,15.67114969
3421.002,15.565509301
3445.535,15.464498089
3470.067,15.368206158
3519.132,15.186827638
3565.967,15.026151143
3612.802,14.874200632
3659.637,14.730103919
3706.471,14.591543064
3753.306,14.457485881
3800.14,14.327052207
3846.975,14.198697264
3893.809,14.0715403
3940.644,13.944653901
3987.479,13.81701524
4034.314,13.687764859
4081.149,13.555467157
4127.984,13.419252085
4174.819,13.278131557
4221.654,13.129982948
4268.488,12.973968221
4317.553,12.798781311
4342.086,12.706139175
4366.618,12.609255154
4391.151,12.508219204
4415.683,12.401846909
4440.215,12.289850257
4464.747,12.171891611
4485.935,12.063729092
4507.122,11.949596653
4528.309,11.828908383
4549.496,11.700899693
4570.684,11.56465733
4591.871,11.418334484
4613.058,11.261556308
4634.245,11.092379045
4658.778,10.878352712
4671.044,10.763313272
4683.31,10.641892964
4695.576,10.514242482
4707.842,10.37894567
4720.108,10.23568828
4732.374,10.08404708
4744.083,9.92961297
4755.792,9.76568019
4767.501,9.59145087
4779.209,9.40456344
4790.918,9.20444197
4802.627,8.99025822
4814.336,8.75878109
4826.044,8.50951839
4832.177,8.37031301
4838.31,8.22507413
4844.443,8.073262
4850.576,7.91429388
4856.709,7.74800572
4862.842,7.57350849
4868.975,7.39037327
4875.108,7.19813688
4881.242,6.99563609
4887.375,6.78265663
4893.508,6.5581525
4899.641,6.32101998
4905.774,6.07090151
4911.907,5.80617448
4914.974,5.66824641
4918.04,5.52605823
4921.107,5.37993513
4924.173,5.22975945
4928.076,5.03192973
4931.979,4.82663085
4935.882,4.61367483
4939.785,4.39363715
4943.688,4.16475889
4947.591,3.92760519
4951.494,3.6821169
4955.396,3.4284061
4958.463,3.2233043
4961.53,3.0134136
4964.597,2.7990466
4967.663,2.580733
4970.73,2.3589845
4973.796,2.1348395
4976.863,1.9093714
4978.396,1.7966982
4979.929,1.6843643
4981.951,1.5372187
4983.972,1.3920394
4985.993,1.2497028
4988.014,1.1112554
4990.035,0.9779112
4991.046,0.9138092
4992.056,0.8517932
4993.067,0.7919729
4994.077,0.7347348
4995.088,0.6802553
4996.098,0.6290053
4997.074,0.5829138
4998.049,0.5406434
4999.025,0.5025221
4999.513,0.4851772
5000.0,0.4690883
5000.744,0.4470022
5001.487,0.42816179
5002.231,0.41277831
5002.974,0.40117583
5003.346,0.39687042
5003.718,0.39362007
5004.09,0.39146674
5004.461,0.39045704
5004.833,0.39063491
5005.019,0.39118705
5005.205,0.392057139
5005.391,0.39325185
5005.577,0.394778183
5005.763,0.396642837
5005.948,0.398839951
5006.085,0.40069104
5006.221,0.40272026
5006.358,0.404960236
5006.494,0.407380787
5006.631,0.410020414
5006.767,0.412843387
5007.039,0.41910615
5007.312,0.42623829
5007.584,0.43421132
5007.857,0.44310887
5008.129,0.45289134
5008.402,0.46365738
5008.674,0.47535558
5009.219,0.50182798
5009.764,0.53254683
5010.309,0.5677654
5010.855,0.6078307
5011.4,0.6528824
5011.945,0.7032937
5012.49,0.759388
5013.036,0.8216296
5013.581,0.8901575
5014.126,0.9654706
5014.671,1.0479854
5014.944,1.0921637
5015.217,1.1383185
5015.49,1.1865101
5015.762,1.2366131
5016.035,1.2890601
5016.307,1.3435332
5016.58,1.4005016
5016.852,1.4596186
5017.125,1.5213926
5017.397,1.5854463
5017.67,1.6523297
5017.942,1.7216331
5018.215,1.7939507
5018.487,1.8688378
5018.76,1.9469372
5019.032,2.0277684
5019.305,2.1120216
5019.578,2.1995063
5019.851,2.2903255
5020.123,2.3842341
5020.668,2.5831249
5021.213,2.7971117
5021.759,3.0276315
5022.304,3.2749195
5022.849,3.5405385
5023.394,3.8257339
5023.939,4.1318452
5024.484,4.4603164
5025.029,4.8127029
5025.574,5.1906863
5026.119,5.5960771
5026.664,6.0308367
5027.209,6.497082
5027.754,6.997107
5028.3,7.534416
5028.845,8.109736
5029.39,8.726938
5029.935,9.389196
5030.481,10.101307
5031.026,10.864421
5031.571,11.683876
5032.116,12.564122
5032.662,13.511812
5033.207,14.528762
5033.752,15.62245
5034.297,16.799193
5034.842,18.065903
5035.387,19.430169
5035.932,20.900279
5036.477,22.485355
5037.023,24.198664
5037.568,26.044915
5038.113,28.039219
5038.658,30.194843
5039.204,32.530858
5039.749,35.054815
5040.294,37.788557
5040.839,40.751579
5041.385,43.971525
5041.93,47.460275
5042.475,51.249547
5043.02,55.367942
5043.565,59.846917
5044.11,64.720904
5044.655,70.027617
5045.2,75.808164
5045.746,82.119271
5046.291,88.986219
5046.836,96.471983
5047.381,104.631942
5047.927,113.541671
5048.472,123.229837
5049.017,133.775055
5049.562,145.240421
5049.926,153.440738
5050.289,162.071005
5050.653,171.193354
5051.016,180.770512
5051.38,190.864923
5051.743,201.427978
5052.106,212.489437
5052.469,224.047641
5052.833,236.12873
5053.196,248.651914
5053.922,275.022681
5054.649,302.93651
5055.375,331.84719
5055.954,355.21138
5056.532,378.35901
5057.11,400.84816
5057.688,422.15031
5058.266,441.71825
5058.844,459.01996
5059.422,473.5755
5060.0,484.99449
5060.434,491.33805
5060.868,495.69329
5061.302,498.04273
5061.735,498.41618
5062.169,496.88637
5062.603,493.55946
5063.037,488.57549
5063.47,482.11482
5063.904,474.32695
5064.337,465.43439
5065.204,445.00663
5066.071,422.259221
5066.938,398.423587
5067.805,374.460276
5068.672,351.060035
5069.121,339.323394
5069.569,327.933661
5070.018,316.872163
5070.466,306.210083
5070.915,295.913634
5071.363,286.035796
5071.811,276.554961
5072.259,267.468398
5072.708,258.750738
5073.156,250.432189
5073.604,242.481913
5074.052,234.887594
5074.501,227.620431
5074.949,220.698737
5075.397,214.091922
5075.845,207.785934
5076.299,201.687974
5076.752,195.882615
5077.206,190.330356
5077.659,185.042311
5078.113,179.981899
5078.566,175.159225
5079.019,170.550943
5079.472,166.145895
5080.379,157.894191
5081.286,150.335214
5082.193,143.397845
5083.099,137.025678
5084.006,131.148308
5084.913,125.72309
5085.82,120.705701
5086.726,116.061573
5087.633,111.745665
5088.539,107.736249
5089.446,103.996934
5090.352,100.511431
5091.094,97.8277
5091.836,95.28701
5092.578,92.879997
5093.32,90.596412
5094.062,88.4255715
5094.804,86.3586558
5095.546,84.3893425
5096.287,82.5147657
5097.029,80.7244687
5097.771,79.0157224
5099.255,75.8230738
5100.739,72.9007634
5102.222,70.2196412
5103.129,68.6861636
5104.036,67.22676
5104.943,65.8364826
5105.849,64.512256
5106.756,63.2469948
5107.663,62.0383911
5109.476,59.7785127
5111.29,57.7051193
5113.103,55.7991543
5114.917,54.040143
5116.73,52.4141957
5118.709,50.774023
5120.687,49.2601794
5122.665,47.8584867
5124.643,46.5573754
5126.622,45.3462198
5128.6,44.2180933
5130.578,43.1680089
5132.556,42.1815963
5134.37,41.3294796
5136.183,40.5249028
5137.997,39.7633524
5139.81,39.0427673
5141.624,38.3589716
5143.437,37.7098663
5145.251,37.0926276
5147.064,36.5055434
5148.878,35.9456803
5150.691,35.4120789
5152.505,34.9024354
5154.318,34.4155075
5157.945,33.5036582
5161.572,32.6662521
5165.199,31.8949424
5168.826,31.18213656
5172.453,30.52158316
5176.08,29.90791499
5179.707,29.33623325
5183.334,28.80254241
5186.961,28.30319275
5190.587,27.8350821
5193.555,27.47315476
5196.522,27.12895917
5199.49,26.80110823
5202.457,26.49098333
5208.392,25.90770534
5214.327,25.37358468
5220.262,24.88274081
5226.197,24.43024547
5232.132,24.01196103
5238.066,23.62440762
5245.32,23.18812039
5252.574,22.78661528
5259.828,22.41652583
5267.082,22.07500145
5274.336,21.75739889
5281.59,21.46249384
5288.844,21.1874604
5296.097,20.92991709
5304.67,20.64686637
5313.243,20.38354538
5321.816,20.13827889
5330.388,19.90945292
5338.961,19.6948
5347.533,19.49522312
5356.106,19.30507524
5364.678,19.12606554
5379.186,18.84707295
5393.694,18.59130409
5408.202,18.35672307
5422.709,18.141656816
5437.217,17.941759456
5451.724,17.756958117
5466.232,17.584798523
5480.739,17.423430074
5495.247,17.27295188
5509.755,17.131082323
5538.77,16.871437574
5567.785,16.638453873
5596.8,16.427758866
5625.816,16.236548038
5654.831,16.059910679
5683.846,15.896510293
5712.861,15.745151325
5741.876,15.602822663
5770.891,15.469423253
5828.921,15.223030063
5865.85,15.078472387
5902.778,14.941258083
5939.707,14.810203648
5976.635,14.68435655
6050.492,14.445478334
6124.348,14.217595802
6187.654,14.028269612
6250.96,13.841217072
6308.991,13.670049441
6367.021,13.497490511
6425.052,13.321901705
6483.082,13.14132536
6541.113,12.954780216
6599.143,12.759462026
6657.173,12.553812694
6715.203,12.336414708
6773.234,12.102739338
6831.264,11.850453007
6889.295,11.575857036
6947.325,11.274277286
6976.341,11.110929596
7005.356,10.939028441
7034.371,10.757129395
7063.386,10.56341001
7092.401,10.358181035
7121.416,10.13828615
7150.431,9.902981252
7179.446,9.651391402
7197.911,9.480398406
7216.375,9.300696455
7234.839,9.11185446
7253.303,8.914745753
7271.768,8.705247026
7290.232,8.48398293
7308.696,8.25013001
7327.16,8.00238687
7341.668,7.7965788
7356.175,7.58115358
7370.683,7.35493387
7385.19,7.11658356
7399.698,6.86653235
7414.205,6.60251533
7428.713,6.32418781
7443.22,6.03124317
7455.09,5.77881763
7466.96,5.5146569
7478.83,5.23835849
7490.7,4.94943678
7502.57,4.64739776
7514.44,4.3318028
7526.31,4.00267219
7538.179,3.65877767
7545.433,3.44167005
7552.687,3.2196176
7559.941,2.99278296
7567.195,2.76145059
7574.449,2.52629965
7581.703,2.2878944
7588.957,2.04723791
7596.21,1.80565965
7601.486,1.63024904
7606.761,1.45605299
7612.037,1.28400513
7617.312,1.1153812
7622.588,0.9514064
7625.226,0.87169903
7627.863,0.79406768
7630.501,0.71861102
7633.139,0.64567012
7635.777,0.5755885
7638.414,0.50866927
7640.228,0.46471056
7642.041,0.42273381
7643.855,0.3827965
7645.668,0.3451006
7647.482,0.3097894
7649.295,0.2771009
7651.109,0.2472133
7652.922,0.220389
7654.406,0.20087142
7655.89,0.18370396
7657.374,0.16903996
7658.857,0.15704917
7659.599,0.15210255
7660.341,0.14788808
7661.083,0.14442894
7661.824,0.14175216
7662.566,0.13987529
7663.308,0.1388279
7663.679,0.138623551
7664.05,0.138636398
7664.421,0.138870105
7664.791,0.13932639
7665.204,0.14010328
7665.616,0.141164518
7666.028,0.142516308
7666.44,0.144163944
7666.853,0.14611769
7667.265,0.14837318
7667.677,0.15094015
7668.089,0.15382416
7668.914,0.16057432
7669.738,0.16865268
7670.562,0.1781136
7671.386,0.18900573
7672.211,0.20139532
7673.035,0.21530398
7673.859,0.23079669
7674.683,0.24792202
7675.508,0.2667515
7676.332,0.2872966
7677.156,0.3096552
7677.98,0.3339143
7678.887,0.3629075
7679.794,0.3943851
7680.701,0.4284315
7681.607,0.4650987
7682.514,0.5045705
7683.421,0.5469166
7684.328,0.5922505
7685.234,0.6406356
7686.141,0.692302
7687.048,0.7473265
7687.955,0.805843
7688.861,0.8679207
7689.768,0.9338422
7690.675,1.0036927
7691.582,1.0776309
7692.488,1.1557335
7693.642,1.2616335
7694.796,1.3750798
7695.95,1.4965069
7697.104,1.6263936
7698.258,1.7651548
7699.412,1.9131217
7700.566,2.0707313
7701.72,2.2385564
7702.627,2.378016
7703.534,2.5244392
7704.441,2.6781226
7705.347,2.8391905
7706.254,3.0083233
7707.161,3.1856849
7708.068,3.3716282
7708.974,3.5663047
7709.881,3.7705304
7710.788,3.9845043
7711.695,4.2086519
7712.601,4.4431539
7713.508,4.6889982
7714.415,4.9464229
7715.322,5.2159425
7716.228,5.4977806
7717.135,5.7931285
7718.042,6.1022754
7718.949,6.4258498
7719.855,6.7641246
7720.762,7.1185385
7721.669,7.4894492
7722.576,7.8776224
7723.482,8.2834001
7724.389,8.7085202
7725.296,9.1534308
7726.203,9.6190628
7727.109,10.1058499
7728.016,10.6158983
7728.922,11.1491658
7729.829,11.7079636
7730.735,12.2922721
7731.642,12.9046439
7732.549,13.5457805
7733.456,14.2170942
7734.362,14.9192559
7735.269,15.6553929
7736.176,16.4263778
7737.083,17.2339551
7737.989,18.0789765
7738.896,18.9652552
7739.803,19.8938847
7740.71,20.8670023
7741.616,21.8857204
7742.523,22.9546392
7743.43,24.0751731
7744.337,25.2499527
7745.243,26.4803414
7746.15,27.7719869
7747.057,29.126625
7747.964,30.5474897
7748.87,32.0363051
7749.777,33.5999179
7750.684,35.2404849
7751.591,36.9619335
7752.497,38.7663782
7753.404,40.6621155
7754.311,42.6517525
7755.218,44.7400198
7756.124,46.9294213
7757.031,49.2299536
7757.937,51.6419127
7758.844,54.1762202
7759.75,56.8330882
7761.417,62.069074
7763.084,67.78848
7764.751,74.031998
7766.418,80.841474
7768.085,88.258267
7769.752,96.320169
7771.419,105.069105
7773.085,114.551276
7774.304,121.975721
7775.522,129.799034
7776.74,138.022987
7777.958,146.650617
7779.176,155.678599
7780.394,165.093827
7782.83,184.988533
7785.267,206.052561
7787.703,227.806552
7790.139,249.616278
7791.357,260.295364
7792.575,270.676206
7794.432,285.664562
7796.288,299.267083
7798.144,311.104484
7800.0,320.846705
7801.863,328.273225
7803.725,333.201017
7805.588,335.609385
7807.45,335.580588
7808.847,334.065146
7810.244,331.382138
7811.641,327.651782
7813.038,323.004379
7814.435,317.57427
7815.832,311.494113
7818.625,297.866511
7821.419,283.068013
7824.213,267.89789
7827.007,252.783628
7828.404,245.383786
7829.8,238.1407
7831.815,228.007804
7833.83,218.304794
7835.845,209.059922
7837.859,200.291233
7839.874,191.991627
7841.889,184.1579864
7843.904,176.7765473
7845.918,169.8324755
7847.933,163.2980699
7849.948,157.1547269
7851.963,151.3797358
7853.977,145.9531256
7855.992,140.8472901
7858.007,136.0438039
7860.022,131.5239554
7862.036,127.2805332
7864.051,123.2792229
7866.066,119.4926621
7868.081,115.9160888
7870.095,112.5391949
7872.11,109.3444257
7874.125,106.3205734
7876.14,103.4570385
7878.154,100.7437299
7880.169,98.1677903
7882.184,95.7218432
7884.199,93.3974154
7886.213,91.1871734
7888.228,89.0820669
7890.242,87.077644
7892.257,85.1652195
7894.271,83.3411197
7896.286,81.5984738
7898.301,79.932906
7900.316,78.3398408
7902.33,76.8160615
7906.36,73.9562374
7910.389,71.3265893
7914.419,68.9008072
7918.448,66.6588941
7922.477,64.5814433
7926.506,62.65196
7931.268,60.5429229
7936.03,58.5999187
7940.792,56.8051692
7945.554,55.1432033
7950.316,53.6005343
7955.078,52.17550169
7959.84,50.83419505
7964.602,49.58217761
7968.632,48.58894912
7972.661,47.64641868
7976.691,46.74987067
7980.72,45.90297985
7988.779,44.32837184
7996.837,42.90319182
8004.896,41.60162244
8012.955,40.4138555
8021.014,39.32430979
8029.072,38.31996855
8037.131,37.39480839
8045.19,36.53706265
8053.249,35.74086142
8061.308,35.00107905
8069.367,34.30975951
8077.426,33.66441953
8085.485,33.05996638
8093.543,32.49205074
8105.998,31.68079455
8118.452,30.9403837
8130.907,30.26564326
8143.361,29.64067293
8155.816,29.06410457
8168.27,28.53075731
8180.725,28.03601321
8193.179,27.57602742
8209.297,27.02807785
8225.414,26.52346666
8241.532,26.05887088
8257.649,25.63155975
8273.767,25.23384959
8289.884,24.86576847
8306.002,24.52291295
8322.119,24.201832746
8339.702,23.876621939
8357.285,23.572000895
8392.451,23.021947641
8427.617,22.537371986
8462.782,22.107444016
8492.087,21.785276903
8521.391,21.489893018
8550.695,21.217723832
8565.347,21.090280415
8572.673,21.028211854
8574.505,21.012443504
8574.963,21.007996718
8575.421,21.002498729
8575.879,20.99444802
8576.108,20.988578651
8576.336,20.980783603
8576.565,20.970222876
8576.794,20.955947704
8577.023,20.936768751
8577.252,20.91130311
8577.481,20.87803075
8577.71,20.83534828
8577.939,20.78166989
8578.168,20.71559593
8578.397,20.63601982
8578.626,20.54232475
8578.855,20.43452166
8579.084,20.31332052
8579.542,20.03742101
8579.999,19.7354003
8580.001,18.494234
9290.001,18.1452537
10000.0,17.797295
10703.13,17.5830603
11406.25,17.3848388
12812.5,17.0284768
14218.75,16.7153449
15625.0,16.4368163
17031.25,16.1862882
18437.5,15.9590761
19843.75,15.7514587
21250.0,15.5605177
22656.25,15.3838417
24062.5,15.2196717
26875.0,14.9228981
29687.5,14.660546
32500.0,14.4260172
35312.5,14.2142001
38125.0,14.0214143
40937.5,13.8447308
43750.0,13.681816
49375.0,13.3900611
55000.0,13.1351287
60625.0,12.90914932
66250.0,12.70665356
71875.0,12.52350449
77500.0,12.35652711
83125.0,12.2031916
88750.0,12.06163908
100000.0,11.8078855
110000.0,11.46978469
120000.0,11.16961465
130000.0,10.90040967
140000.0,10.65697125
150000.0,10.43517974
160000.0,10.23189886
170000.0,10.04457414
180000.0,9.87111038
190000.0,9.70975888
200000.0,9.55913318
220000.0,9.28544732
240000.0,9.04241723
260000.0,8.82449125
280000.0,8.62737744
300000.0,8.4478418
320000.0,8.28329054
340000.0,8.13164858
369756.0,7.92617404
369800.0,7.925889375
382350.0,7.84566275
394900.0,7.76883209
420000.0,7.6244302
442500.0,7.45059939
465000.0,7.29434084
487500.0,7.14387907
510000.0,7.00758757
532500.0,6.87147014
555000.0,6.7472625
577500.0,6.63372789
600000.0,6.5298008
650000.0,6.30908031
700000.0,6.11971432
750000.0,5.95619703
800000.0,5.8142766
875989.0,5.6661883
951978.0,5.53794059
952020.0,5.5378687503
976010.0,5.49943562
1000000.0,5.462202
1034490.0,5.44772312
1034493.0,5.4477207
1061420.0,5.43678927
1062500.0,5.43636209
1088360.0,5.42614692
1125000.0,5.41213258
1142240.0,5.40571646
1250000.0,5.3678519
1260400.0,5.37458302
1260430.0,5.37460597
1290370.0,5.39372581
1320320.0,5.41249173
1380210.0,5.44896118001
1423680.0,5.47461138001
1483980.0,5.50876905001
1500000.0,5.51805850001
1522800.0,5.54877827004
1522840.0,5.54883016004
1522844.0,5.54883527004
1558980.0,5.59696854009
1578220.0,5.62231976712
1578222.0,5.62232211412
1581640.0,5.62681507542
1595120.0,5.64444851514
1601440.0,5.65268024015
1612490.0,5.66703550717
1616530.0,5.67227492717
1639130.0,5.7014075602
1646760.0,5.71119866521
1649680.0,5.71493549522
1651260.0,5.71695066272
1651430.0,5.71716743302
1667370.0,5.73748618524
1667400.0,5.73753254347
1671608.0,5.74286952025
1675815.0,5.74819866125
1684230.0,5.75883888027
1693470.0,5.77046870328
1701080.0,5.78000019029
1708940.0,5.7898110103
1715300.0,5.79776157031
1715310.0,5.79777988031
1721220.0,5.80514848382
1726970.0,5.81229726633
1729340.0,5.81523833073
1737260.0,5.82504721954
1739630.0,5.82797259144
1739632.0,5.82797465134
1743050.0,5.83218669315
1750000.0,5.84071043036
1750520.0,5.84134776436
1759030.0,5.85192005637
1767540.0,5.86247313238
1784560.0,5.88352328541
1788600.0,5.88843010141
1792640.0,5.89333559642
1800720.0,5.90313865743
1819560.0,5.92559363646
1824840.0,5.93181870846
1833680.0,5.94214592048
1833700.0,5.94217626648
1855110.0,5.96881863251
1855111.0,5.96881964251
1857650.0,5.97197025381
1860800.0,5.97586879051
1860840.0,5.97591919351
1866170.0,5.98250793142
1872728.0,5.99048362213
1879285.0,5.99845923154
1892400.0,6.01440838856
1897407.0,6.02008539156
1902413.0,6.02576912257
1912425.0,6.03716192959
1932450.0,6.06003703361
1952475.0,6.08302925664
1972500.0,6.10612993467
1972501.0,6.10613064667
1977376.0,6.1113829386
1982250.0,6.116642777
1984260.0,6.11879329621
1992130.0,6.12705807156
2000000.0,6.13540834731
2007430.0,6.14515637526
2014860.0,6.15488767024
2029720.0,6.17429600007
2044580.0,6.1936346949
2059440.0,6.21290562694
2065570.0,6.22078020465
2071700.0,6.22864261366
2078230.0,6.23698777618
2084760.0,6.24531622869
2084764.0,6.24532091949
2089787.0,6.25169824
2094810.0,6.25806392831
2104860.0,6.27076251763
2124960.0,6.29601330588
2124966.0,6.29601997388
2127180.0,6.29877893528
2132405.0,6.30527977719
2137630.0,6.3117643285
2137730.0,6.31188640874
2138630.0,6.31300020534
2138634.0,6.31300431035
2146270.0,6.32259910632
2146273.0,6.32260249332
2154610.0,6.33304140541
2154615.0,6.33304815106
2162250.0,6.34259605944
2162253.0,6.3425994027
2162300.0,6.34265698502
2181420.0,6.36657782451
2200540.0,6.39018091278
2200545.0,6.39018701621
2225270.0,6.42318327892
2250000.0,6.455663432
2281250.0,6.49453071316
2312500.0,6.53265881432
2375000.0,6.60677007064
2437500.0,6.67814641286
2500000.0,6.74692353118
2561600.0,6.80056419061
2623200.0,6.85222757205
2686600.0,6.90281196961
2750000.0,6.95149514817
2851300.0,7.03717438457
2925650.0,7.09665502907
3000000.0,7.15386132517
3062500.0,7.1714841138
3125000.0,7.18826855344
3187500.0,7.20424713807
3250000.0,7.21944918771
3312500.0,7.23390502133
3375000.0,7.247638481
3437500.0,7.26067755557
3500000.0,7.27304508925
3562500.0,7.28831990192
3625000.0,7.30295826349
3687500.0,7.31697869516
3750000.0,7.33040296684
3875000.0,7.35522595008
4000000.0,7.37789525933
4062500.0,7.35702713468
4125000.0,7.33640857503
4187500.0,7.31602997838
4250000.0,7.29588305173
4312500.0,7.27595869998
4375000.0,7.25624947533
4437500.0,7.23674676568
4500000.0,7.21744541703
4562500.0,7.19859270338
4625000.0,7.17993667233
4750000.0,7.14319055423
4875000.0,7.10716289694
5000000.0,7.07180657974
5062500.0,7.0297527318
5125000.0,6.98843496677
5187500.0,6.94782852383
5250000.0,6.9079131368
5312500.0,6.86866818476
5375000.0,6.83007130163
5437500.0,6.79210501529
5500000.0,6.75475025976
5502220.0,6.75344448903
5564443.0,6.71709588152
5579810.0,6.70820694437
5626665.0,6.68131700281
5688888.0,6.64609039641
5751110.0,6.61140237
5875555.0,6.54358110059
6000000.0,6.47774042278
6062500.0,6.4337121233
6125000.0,6.39055159692
6187500.0,6.34823172004
6250000.0,6.30672706596
6312500.0,6.26601120218
6375000.0,6.2260630796
6437500.0,6.18685920772
6500000.0,6.14837753974
6562500.0,6.11059670676
6625000.0,6.07349738838
6687500.0,6.03706054651
6750000.0,6.00126488623
6812500.0,5.96609606025
6875000.0,5.93153412117
6937500.0,5.89756464389
7000000.0,5.86416866111
7092258.0,5.81412950568
7184515.0,5.76533559486
7276773.0,5.71773423303
7369030.0,5.6712823115
7461288.0,5.62593395628
7553545.0,5.58164908057
7645803.0,5.53838811594
7738060.0,5.4961117438
7815650.0,5.46068930363
7869030.0,5.43670954291
7934515.0,5.40771525716
8000000.0,5.37917785954
8069190.0,5.36374847514
8129528.0,5.34818217551
8189865.0,5.33306907885
8228390.0,5.32365471532
8250203.0,5.31840328564
8310540.0,5.30417857292
8370878.0,5.2903847545
8431215.0,5.27701784145
8491553.0,5.26406794723
8551890.0,5.25153159464
8612228.0,5.2394001085
8672565.0,5.22766693125
8732903.0,5.21632759306
8793240.0,5.20537454699
8853578.0,5.19480202043
8913915.0,5.18460391696
8974253.0,5.17477502308
9034590.0,5.1653104535
9094929.0,5.15155692911
9155267.0,5.13823443287
9215605.0,5.12533565756
9275943.0,5.11285463592
9336281.0,5.10078425472
9396619.0,5.08911829214
9456957.0,5.07785109254
9517295.0,5.06697439341
9577634.0,5.05648482554
9637972.0,5.04637528503
9698310.0,5.0366404526
9758648.0,5.02727269648
9818986.0,5.01826952787
9879324.0,5.00962281318
9939662.0,5.00132844813
10000000.0,4.99338260851
10031250.0,4.99308908392
10062500.0,4.99282961886
10093750.0,4.99260533546
10125000.0,4.99241401601
10156250.0,4.99225655884
10187500.0,4.99213414254
10218750.0,4.99204430305
10250000.0,4.99198770792
10281250.0,4.99196427449
10312500.0,4.99197358957
10375000.0,4.99209005006
10437500.0,4.99233428378
10500000.0,4.99270878573
10562500.0,4.99320660711
10625000.0,4.99382927428
10687500.0,4.99457535892
10750000.0,4.99544196704
10812500.0,4.9964297636
10875000.0,4.99753614534
10937500.0,4.99875863203
11000000.0,5.00009788785
11062500.0,4.9996102167
11125000.0,4.99924432403
11187500.0,4.99899997273
11250000.0,4.99887449039
11312500.0,4.99886777077
11375000.0,4.99897749105
11437500.0,4.99920315879
11500000.0,4.99954468084
11562500.0,4.999997719
11625000.0,5.00056300927
11687500.0,5.00123833191
11750000.0,5.00202370076
11812500.0,5.00291768778
11875000.0,5.00391922606
11937500.0,5.00502612107
12000000.0,5.0062383222
12062500.0,5.01366230628
12125000.0,5.02109351524
12187500.0,5.02853182486
12250000.0,5.03597695026
12312500.0,5.04342859491
12375000.0,5.05088753239
12437500.0,5.05835249946
12500000.0,5.06582438464
12562500.0,5.07330284634
12625000.0,5.08078773901
12687500.0,5.08827871776
12750000.0,5.09577563316
12812500.0,5.1032783234
12875000.0,5.11078752831
12937500.0,5.11830205128
13000000.0,5.12582276718
13062500.0,5.13334828851
13125000.0,5.14087952496
13187500.0,5.14841725202
13250000.0,5.15595928492
13312500.0,5.16350742992
13375000.0,5.17106055918
13437500.0,5.17861841209
13500000.0,5.18618177675
13562500.0,5.19374961067
13625000.0,5.20132257111
13687500.0,5.2089006127
13750000.0,5.21648348639
13812500.0,5.22407103077
13875000.0,5.23166308589
13937500.0,5.23925955568
14000000.0,5.2468601151
14046970.0,5.25406423008
14093930.0,5.26126384481
14140890.0,5.26846165009
14187850.0,5.27565664982
14234820.0,5.28285147399
14281780.0,5.29004068293
14328740.0,5.29722808002
14375700.0,5.30441338876
14422670.0,5.31159752771
14469630.0,5.31877791633
14516590.0,5.32595423904
14563550.0,5.3331295282
14610520.0,5.3403034697
14657480.0,5.3474736796
14704440.0,5.35464168162
14751400.0,5.36180550012
14751440.0,5.36181116775
14829480.0,5.37335627896
14907510.0,5.38489187086
14985550.0,5.3964197743
15063580.0,5.40793696353
15141620.0,5.41944715822
15165300.0,5.42293732669
15219650.0,5.4309454615
15297690.0,5.44243765996
15375720.0,5.45391975125
15453760.0,5.46539345867
15531790.0,5.47685785049
15609830.0,5.4883146517
15687860.0,5.49976106118
15765900.0,5.5112006641
15843930.0,5.52263055414
15921970.0,5.53405256539
16000000.0,5.54546475803
16125000.0,5.55573977089
16250000.0,5.5659815749
16375000.0,5.57618896796
16500000.0,5.58636512126
16625000.0,5.59650744258
16750000.0,5.60661725602
16875000.0,5.61669737068
17000000.0,5.62674448244
17125000.0,5.63676070626
17250000.0,5.64674682101
17375000.0,5.65670273525
17500000.0,5.66662834878
17625000.0,5.67652447125
17750000.0,5.68639128572
17875000.0,5.69622950034
18000000.0,5.70603801313
18125000.0,5.70860496652
18250000.0,5.71117782972
18375000.0,5.71375778011
18500000.0,5.71634442048
18625000.0,5.71893727001
18750000.0,5.72153693449
18875000.0,5.72414068725
19000000.0,5.72675222886
19500000.0,5.72389314999
19750000.0,5.72249697312
20000000.0,5.72112087105
20000010.0,3.12000000097
20233750.0,5.688766
21000000.0,5.674207
21492170.0,5.657959
21790360.0,5.645514
22000000.0,5.6356
23000000.0,5.578133
23294010.0,5.558281
24000000.0,5.5053
25000000.0,5.422205
25651040.0,5.363122
26000000.0,5.3292
26464420.0,5.282978
27000000.0,5.22947
28000000.0,5.1269
28077320.0,5.118772
28169080.0,5.109142
29000000.0,5.023187
30000000.0,4.9247
30113630.0,4.913957
31000000.0,4.832817
32000000.0,4.74648
33000000.0,4.66505
33680740.0,4.612142
34000000.0,4.58798
34581560.0,4.544976
35000000.0,4.5148
36000000.0,4.449925
36581700.0,4.417549
36794460.0,4.406574
37000000.0,4.396382
37978910.0,4.352858
38000000.0,4.352003
39000000.0,4.314982
39011690.0,4.314586
40000000.0,4.2838
40004880.0,4.28366
40932730.0,4.260896
41000000.0,4.259531
42000000.0,4.243473
43000000.0,4.234739
43268360.0,4.23354
43328860.0,4.233334
44000000.0,4.232566
45000000.0,4.2363
45932830.0,4.242843
46000000.0,4.243365
47000000.0,4.252306
48000000.0,4.264119
49000000.0,4.279686
49174500.0,4.282847
50000000.0,4.2998
51000000.0,4.32238
52000000.0,4.34492
52224710.0,4.34999
52311340.0,4.351945
53000000.0,4.367515
54000000.0,4.390249
55000000.0,4.4132
55360540.0,4.421538
55867490.0,4.4333
56000000.0,4.436378
57000000.0,4.459571
58000000.0,4.482535
58993980.0,4.504913
59000000.0,4.505047
59334990.0,4.51245
60000000.0,4.5269
61000000.0,4.547586
62000000.0,4.566873
62561990.0,4.577179
63000000.0,4.584975
64000000.0,4.602089
65000000.0,4.6184
66000000.0,4.633267
67000000.0,4.646143
68000000.0,4.657324
68433050.0,4.661711
69000000.0,4.66709
70000000.0,4.6757
71000000.0,4.683017
71841960.0,4.687986
72000000.0,4.688803
73000000.0,4.693153
74000000.0,4.696157
75000000.0,4.6979
75607460.0,4.698371
76000000.0,4.698442
77000000.0,4.697796
78000000.0,4.69598
79000000.0,4.693008
79534970.0,4.690951
80000000.0,4.6889
81000000.0,4.683782
82000000.0,4.677762
83000000.0,4.67083
84000000.0,4.662977
85000000.0,4.6542
86000000.0,4.644645
87000000.0,4.634433
88000000.0,4.623527
89000000.0,4.611893
90000000.0,4.5995
91000000.0,4.586446
92000000.0,4.572881
93000000.0,4.558854
94000000.0,4.544412
95000000.0,4.5296
96000000.0,4.51441
97000000.0,4.498805
98000000.0,4.482785
99000000.0,4.466349
100000000.0,4.4495
102000000.0,4.415031
104000000.0,4.37987
106000000.0,4.344054
108000000.0,4.307618
110000000.0,4.2706
112000000.0,4.233282
114000000.0,4.195893
116000000.0,4.158387
118000000.0,4.120733
120000000.0,4.0829
122000000.0,4.04532
124000000.0,4.008295
126000000.0,3.971628
128000000.0,3.935146
130000000.0,3.8987
132000000.0,3.862587
134000000.0,3.82715
136000000.0,3.792326
138000000.0,3.75806
140000000.0,3.7243
142000000.0,3.691133
144000000.0,3.65863
146000000.0,3.626728
148000000.0,3.595369
150000000.0,3.5645
