O,16
E_eV,Sig_b
1e-05,55.01739754
1.033154e-05,54.13120294
1.066307e-05,53.286725611
1.09946e-05,52.480794996
1.132613e-05,51.710570601
1.165766e-05,50.973491981
1.198919e-05,50.267238734
1.232072e-05,49.589750495
1.265225e-05,48.939106935
1.298379e-05,48.313567749
1.331532e-05,47.71160267
1.364685e-05,47.131741444
1.397838e-05,46.572673841
1.430991e-05,46.033189649
1.464144e-05,45.512178675
1.53045e-05,44.521495678
1.589144e-05,43.696901664
1.647838e-05,42.916865415
1.706532e-05,42.177516257
1.765225e-05,41.475453597
1.823919e-05,40.807616905
1.882613e-05,40.171355714
1.941307e-05,39.564229604
2e-05,38.984118201
2.064238e-05,38.377862214
2.128475e-05,37.799341064
2.192713e-05,37.24650439
2.25695e-05,36.717511875
2.321188e-05,36.210693226
2.385425e-05,35.724568184
2.449663e-05,35.257746508
2.5139e-05,34.808997984
2.578138e-05,34.377172413
2.642375e-05,33.961259615
2.706613e-05,33.560289423
2.77085e-05,33.173401688
2.899325e-05,32.438703034
3.0278e-05,31.751472657
3.161038e-05,31.083665653
3.294275e-05,30.456975822
3.427513e-05,29.867352458
3.56075e-05,29.311294952
3.693988e-05,28.78574277
3.827225e-05,28.288015445
3.960463e-05,27.815762564
4.0937e-05,27.366873763
4.206988e-05,27.002189727
4.320275e-05,26.652028227
4.433563e-05,26.315449099
4.54685e-05,25.991612196
4.660138e-05,25.679727379
4.773425e-05,25.379074527
5e-05,24.808934262
5.124347e-05,24.512342084
5.248694e-05,24.226421771
5.497388e-05,23.684186317
5.746082e-05,23.177797128
5.994775e-05,22.703503549
6.243469e-05,22.258065015
6.492163e-05,21.838691037
6.740857e-05,21.442951192
6.98955e-05,21.06871511
7.301044e-05,20.627477151
7.612538e-05,20.213874027
7.924032e-05,19.82516526
8.235525e-05,19.458950431
8.547019e-05,19.113169179
8.858513e-05,18.785991188
9.170007e-05,18.475836176
9.4815e-05,18.181283899
9.74075e-05,17.947112315
0.0001,17.722232359
0.0001025719,17.507734227
0.0001051438,17.301267503
0.0001077157,17.102342102
0.0001102875,16.910517948
0.0001154313,16.546563094
0.000120575,16.206532437
0.0001257188,15.887905541
0.0001308625,15.588582034
0.0001360063,15.306691591
0.00014115,15.040643933
0.0001448282,14.859311421
0.0001485063,14.684900125
0.0001521844,14.516969971
0.0001558625,14.355140891
0.0001632188,14.048395707
0.000170575,13.762144133
0.0001779313,13.494225791
0.0001852875,13.242810358
0.0001926438,13.006287552
0.0002,12.78326713
0.0002049685,12.639661069
0.0002099369,12.501315939
0.0002198738,12.239228258
0.0002298107,11.994823705
0.0002397475,11.766231951
0.0002496844,11.551852715
0.0002596213,11.350305754
0.0002695582,11.160380855
0.000279495,10.981037836
0.0002877279,10.839801784
0.0002959607,10.704716827
0.0003041935,10.57536289
0.0003124263,10.451369906
0.0003206591,10.332367812
0.0003288919,10.218046554
0.0003371247,10.108126079
0.0003453575,10.002336341
0.0003618232,9.802159904
0.0003782888,9.61580994
0.0003947544,9.441806186
0.00041122,9.27888642
0.0004223175,9.174779708
0.000433415,9.074912757
0.0004445125,8.97901752
0.00045561,8.886844954
0.000477805,8.712788676
0.0005,8.551145639
0.000505,8.516302931
0.0005164569,8.43850193
0.0005279138,8.36341342
0.0005508275,8.220792769
0.0005737413,8.087386792
0.000596655,7.962287326
0.0006195688,7.84470223
0.0006424825,7.733944381
0.0006653963,7.629407671
0.00068831,7.530559003
0.0007077907,7.450640039
0.0007272713,7.374230721
0.0007467519,7.301095006
0.0007662325,7.231017856
0.0008051938,7.099274112
0.000844155,6.977627242
0.0008831163,6.864920037
0.0009220775,6.7601713181
0.0009610388,6.6625389339
0.001,6.5713037528
0.00103255,6.4995295676
0.0010651,6.431461084
0.00109765,6.3668102495
0.0011302,6.305321017
0.00116275,6.2467623441
0.0011953,6.1909231925
0.0012604,6.086670317
0.0013255,5.9912491481
0.0013906,5.9035644838
0.0014557,5.8227031537
0.0015208,5.7478890136
0.0015807,5.6838221874
0.0016406,5.6238731807
0.0017005,5.5676549208
0.0017604,5.5148273435
0.0018203,5.4650913923
0.0018802,5.4181830168
0.0019401,5.3738681723
0.002,5.3319388188
0.002061769,5.2909986183
0.002123538,5.2522118661
0.002247075,5.1804545825
0.002370613,5.1155317473
0.00249415,5.056519179
0.002617688,5.0026497262
0.002741225,4.9532852617
0.002864763,4.9078886779
0.0029883,4.8660048827
0.00311945,4.8249521356
0.0032506,4.7870261067
0.00338175,4.7518847259
0.0035129,4.7192379319
0.00364405,4.6888316715
0.0037752,4.660446898
0.0040375,4.6089936514
0.004278125,4.5671480813
0.00451875,4.52962161
0.004759375,4.4957870969
0.005,4.4651324253
0.0052342,4.4379447535
0.0054684,4.4130427099
0.0057026,4.3901522293
0.0059368,4.3690412556
0.0064052,4.331395641
0.0068736,4.2988315469
0.007222363,4.2773076362
0.007571125,4.2577533486
0.00826865,4.2235713752
0.008966175,4.194689185
0.0096637,4.16996745
0.01,4.1592782361
0.01107232,4.1295262282
0.01214463,4.1050252547
0.01321694,4.0844978938
0.01428925,4.0670508369
0.01571694,4.0475160791
0.01714463,4.031234822
0.01857232,4.0174567711
0.02,4.0056457072
0.02265,3.9876698123
0.0253,3.9734589993
0.02793532,3.9620018097
0.03057063,3.952518835
0.03320594,3.9445418292
0.03584125,3.9377366108
0.03901519,3.9307619748
0.04218913,3.9248371025
0.048537,3.9153111369
0.05,3.9134581137
0.0550936,3.9077757104
0.06018719,3.9030551386
0.06528079,3.8990712328
0.07037438,3.8956648704
0.07778079,3.8915063102
0.08518719,3.8880724935
0.0925936,3.88518626912
0.1,3.88272852533
0.1095,3.88006329391
0.119,3.87782258218
0.129485,3.87573197119
0.13997,3.87395377479
0.16094,3.87109334722
0.18047,3.86902716879
0.2,3.86736461766
0.2212569,3.86588829891
0.2425138,3.86467142541
0.2637707,3.86364990601
0.2850275,3.86278067397
0.3106157,3.86189229762
0.3362038,3.86113919847
0.38738,3.8599326422
0.5,3.85814583723
0.625,3.85691732869
0.8125,3.85578263342
1.0,3.85507333128
1.345813,3.85428321886
1.691625,3.85381643847
2.0,3.85353659051
2.711719,3.85313359875
3.423438,3.85289758947
4.211719,3.85272998747
5.0,3.85261478147
6.531488,3.8524711463
8.062975,3.85238199764
10.0,3.85230793695
13.8,3.85222360897
16.9,3.85218286787
20.0,3.85215430051
24.9515,3.85212366179
29.903,3.85210418191
38.6865,3.85207962398
47.47,3.8519682302
50.0,3.85196213559
60.35535,3.85195183941
70.7107,3.85194460494
70.893,3.85194460173
71.3478,3.85194459436
71.8026,3.85194458748
72.71219,3.85194357395
74.53138,3.85194254699
78.16975,3.851940496
85.4465,3.85189440218
100.0,3.85183224212
104.96,3.85183020272
104.965,3.85183020269
104.9852,3.85183020253
105.0053,3.85183020238
105.0455,3.85183020207
105.1259,3.85183020146
105.2867,3.85183020025
105.6083,3.85183019784
106.2516,3.85183019306
107.5382,3.85183018353
110.1113,3.85182916464
115.2575,3.85182812898
125.55,3.85182506202
125.75,3.85182406079
126.2318,3.85182305788
126.7135,3.85182105501
127.6769,3.85181804931
129.6038,3.85181203793
133.4575,3.85179901529
141.165,3.85177397327
141.421,3.85177297222
142.149,3.85176996991
142.877,3.85176796816
144.3329,3.85176296493
147.2447,3.85175295854
153.0683,3.85173394636
164.7155,3.85169492316
188.01,3.85161888207
188.12,3.85161888189
200.0,3.85161686341
208.92,3.8516168585
209.62,3.85161685815
212.1313,3.85161585692
214.6425,3.8516158557
219.665,3.85161385328
229.71,3.85158084863
234.855,3.85156484636
250.47,3.85151483977
250.5,3.85151483976
266.085,3.85148883368
297.315,3.85143682267
312.88,3.85141081769
354.46,3.85127786038
396.04,3.85116090352
500.0,3.85091008201
594.0,3.85075817031
937.54,3.84995656515
1000.0,3.84980663775
1250.0,3.84930594051
1500.0,3.84870623895
1750.0,3.84815657361
2000.0,3.8476068806
2250.0,3.84705613372
2500.0,3.8465063687
2750.0,3.84595658768
3000.0,3.84540679416
3250.0,3.84485701577
3500.0,3.84430827528
3750.0,3.84375852551
4000.0,3.84320876708
4250.0,3.84265900083
4500.0,3.84210922766
4750.0,3.84155944813
5000.0,3.84100966256
5625.0,3.83961010032
6250.0,3.83821051005
7500.0,3.83551031907
8750.0,3.83271216415
10000.0,3.83001195157
12500.0,3.82451317817
15000.0,3.81911434799
17500.0,3.81366556071
20000.0,3.80821669438
22500.0,3.80281768537
25000.0,3.79741862243
27500.0,3.79206951369
30000.0,3.78672036529
32500.0,3.78139618464
35000.0,3.77607197353
35300.0,3.77543306629
36400.0,3.77309040246
37500.0,3.77074773521
40000.0,3.76542347229
42500.0,3.76014918711
45000.0,3.75487488173
47500.0,3.74960055781
50000.0,3.74432621749
55513.0,3.73290461221
61026.0,3.72148294349
62500.0,3.71842928953
68194.0,3.70686059376
73888.0,3.69529184899
75000.0,3.6930320892
77580.5,3.68789263479
80161.0,3.68275217245
85322.0,3.67247322669
87500.0,3.66813466298
93750.0,3.65593589182
100000.0,3.64373808767
112500.0,3.62023935486
125000.0,3.59674253695
137500.0,3.57469365657
150000.0,3.55264673336
163930.0,3.5301369571
175000.0,3.51225172263
188220.0,3.4936908485
200000.0,3.47715678123
210000.0,3.46570539875
220000.0,3.45426107484
230000.0,3.44610883023
240000.0,3.43796568713
250000.0,3.43471267638
260000.0,3.4314738328
270000.0,3.4357172144
280000.0,3.43998487534
295410.0,3.46540174098
300000.0,3.47299442719
310000.0,3.50379851485
320000.0,3.54881049747
324000.0,3.57458780762
330000.0,3.61332771647
334000.0,3.65025465706
340000.0,3.70575370225
344000.0,3.7591035636
350000.0,3.839293291
360000.0,4.035358815
370000.0,4.3304705722
375000.0,4.559759459
380000.0,4.7896736005
385000.0,5.1614981786
390000.0,5.5344524126
395000.0,6.1639605899
400000.0,6.7951020599
405000.0,7.739315202
410000.0,8.9797515242
415000.0,10.5694769504
420000.0,12.4829268729
425000.0,14.4904735452
430000.0,16.0606440519
432610.0,16.3222252357
435000.0,16.5549964651
440000.0,15.7621710701
445000.0,14.103937623
450000.0,12.2060396909
455000.0,10.4713754517
460000.0,9.0404995818
465000.0,7.9107904842
470000.0,7.0318749998
475000.0,6.3474969143
480000.0,5.8103575442
485000.0,5.3839529391
490000.0,5.0412748026
495000.0,4.7623150284
500000.0,4.5325192396
510000.0,4.1794052278
520000.0,3.9236502435
530000.0,3.7316172593
540000.0,3.582695275
550000.0,3.4639812908
560000.0,3.3672703066
570000.0,3.2866633223
580000.0,3.2183573381
590000.0,3.1595533538
600000.0,3.1082543696
620000.0,3.0225524011
640000.0,2.9533464326
660000.0,2.8959424642
680000.0,2.8478384957
700000.0,2.8073365272
720000.0,2.7739345587
740000.0,2.7476335902
760000.0,2.7291326218
780000.0,2.7200336533
800000.0,2.7231366848
820000.0,2.7431427163
840000.0,2.7878547478
860000.0,2.8706777794
880000.0,3.0151228109
900000.0,3.2642428424
910000.0,3.4508388582
920000.0,3.6978818739
930000.0,4.0255358897
940000.0,4.4583909054
950000.0,5.0215189212
960000.0,5.727468937
970000.0,6.5082569527
980000.0,7.3636439685
990000.0,7.9690559842
1000000.0,8.1530460022
1010000.0,7.8704
1020000.0,7.2675
1030000.0,6.5514
1040000.0,5.8654
1050000.0,5.2713
1060000.0,4.7806
1070000.0,4.3829
1080000.0,4.0617
1090000.0,3.8014
1100000.0,3.5887
1110000.0,3.413939
1120000.0,3.2677
1130000.0,3.145051
1140000.0,3.0422
1150000.0,2.954813
1160000.0,2.8801
1170000.0,2.817376
1180000.0,2.7644
1190000.0,2.722014
1200000.0,2.6887
1210000.0,2.66693
1220000.0,2.658
1230000.0,2.667501
1240000.0,2.6987
1250000.0,2.7683
1260000.0,2.8989
1270000.0,3.1369
1280000.0,3.5727
1285000.0,3.9125
1290000.0,4.366
1295000.0,4.9477
1300000.0,5.6289
1305000.0,6.287
1310000.0,6.6997
1315000.0,6.6821
1320000.0,6.2663
1325000.0,5.6557
1330000.0,5.0381
1340000.0,4.0729
1350000.0,3.4677
1360000.0,3.0905
1370000.0,2.8442
1380000.0,2.6743
1390000.0,2.551
1400000.0,2.4574
1450000.0,2.1942
1500000.0,2.057
1550000.0,1.9614
1600000.0,1.8903
1620000.0,1.8804
1630000.0,1.9025
1640000.0,2.0684
1642000.0,2.1877
1643000.0,2.2835
1644000.0,2.422
1645000.0,2.6307
1646000.0,2.9616
1647000.0,3.5176
1648000.0,4.5006
1648500.0,5.2502
1649000.0,6.2138
1649500.0,7.3393
1650000.0,8.389
1650500.0,8.9283
1651000.0,8.6465
1651500.0,7.7151
1652000.0,6.5793
1653000.0,4.7334
1654000.0,3.6494
1655000.0,3.0369
1656000.0,2.6738
1657000.0,2.4454
1658000.0,2.2938
1659000.0,2.1886
1660000.0,2.1126
1665000.0,1.9292
1670000.0,1.8612
1675000.0,1.8265
1680000.0,1.8046
1682000.0,1.797209
1684000.0,1.79147
1685000.0,1.7889
1686000.0,1.807118
1687000.0,1.854891
1688000.0,1.91402
1689000.0,1.964495
1690000.0,1.9844
1691000.0,1.958973
1692000.0,1.903461
1694000.0,1.788058
1695000.0,1.7656
1696000.0,1.763561
1698000.0,1.759607
1700000.0,1.756
1720000.0,1.7229
1740000.0,1.6924
1760000.0,1.6607
1780000.0,1.6248
1800000.0,1.5793
1820000.0,1.5698
1822000.0,1.6057
1824000.0,1.6833
1826000.0,1.8531
1828000.0,2.2394
1830000.0,3.0965
1831000.0,3.7464
1832000.0,4.387
1833000.0,4.7366
1834000.0,4.6568
1835000.0,4.2964
1836000.0,3.8686
1837000.0,3.4857
1838000.0,3.1764
1839000.0,2.9347
1840000.0,2.7467
1842000.0,2.4828
1844000.0,2.3128
1846000.0,2.1976
1848000.0,2.1163
1850000.0,2.0569
1852000.0,2.0127
1854000.0,1.9793
1856000.0,1.954
1858000.0,1.9352
1860000.0,1.9216
1865000.0,1.9066
1870000.0,1.9162
1875000.0,1.9533
1880000.0,2.0284
1885000.0,2.1616
1890000.0,2.3832
1895000.0,2.7129
1900000.0,3.0661
1905000.0,3.1824
1910000.0,2.9594
1915000.0,2.6249
1920000.0,2.3477
1925000.0,2.1518
1930000.0,2.0168
1935000.0,1.9218
1940000.0,1.8528
1950000.0,1.7603
1960000.0,1.7013
1970000.0,1.6595
1980000.0,1.6276
1990000.0,1.6017
2000000.0,1.5796
2050000.0,1.4952
2100000.0,1.4221
2150000.0,1.339
2200000.0,1.2206
2220000.0,1.1522
2240000.0,1.0625
2260000.0,0.94154
2280000.0,0.77735
2300000.0,0.56336
2305000.0,0.5036
2310000.0,0.44276
2315000.0,0.38206
2320000.0,0.32304
2321000.0,0.3116
2322000.0,0.30031
2323000.0,0.2892
2324000.0,0.27828
2325000.0,0.26756
2326000.0,0.25706
2327000.0,0.24681
2328000.0,0.23681
2329000.0,0.22708
2330000.0,0.21764
2331000.0,0.20851
2332000.0,0.19971
2333000.0,0.19124
2334000.0,0.18313
2335000.0,0.17539
2336000.0,0.16803
2337000.0,0.16107
2338000.0,0.15452
2339000.0,0.1484
2340000.0,0.14271
2341000.0,0.13747
2342000.0,0.13269
2343000.0,0.12838
2344000.0,0.12453
2345000.0,0.12117
2346000.0,0.1183
2347000.0,0.11592
2348000.0,0.11403
2349000.0,0.11263
2350000.0,0.11174
2351000.0,0.11134
2352000.0,0.11143
2353000.0,0.11202
2354000.0,0.1131
2354170.0,0.1133245
2355000.0,0.11465
2355318.0,0.1152584
2355319.0,0.1152604
2355357.0,0.1153358
2357000.0,0.11919
2358000.0,0.12216
2359000.0,0.12558
2360000.0,0.12943
2361000.0,0.13372
2362000.0,0.13843
2363000.0,0.14354
2364000.0,0.14904
2365000.0,0.15492
2366000.0,0.16116
2367000.0,0.16775
2368000.0,0.17467
2370000.0,0.18944
2375000.0,0.23107
2380000.0,0.27777
2390000.0,0.37898
2400000.0,0.4808
2410000.0,0.5756
2420000.0,0.65978
2430000.0,0.73238
2435000.0,0.763145
2437500.0,0.7785275
2440000.0,0.79391
2441250.0,0.8003638
2442500.0,0.8068175
2443750.0,0.8132713
2445000.0,0.819725
2446250.0,0.8261788
2447500.0,0.8326325
2448750.0,0.8390863
2450000.0,0.84554
2451250.0,0.8509263
2452500.0,0.8563125
2453750.0,0.8616988
2455000.0,0.867085
2456250.0,0.8724713
2457500.0,0.8778575
2458750.0,0.8832438
2460000.0,0.88863
2461250.0,0.8931163
2462500.0,0.8976025
2463750.0,0.9020888
2465000.0,0.906575
2466250.0,0.9110613
2467500.0,0.9155475
2468750.0,0.9200338
2470000.0,0.92452
2471250.0,0.9282513
2472500.0,0.9319825
2473750.0,0.9357138
2475000.0,0.939445
2476250.0,0.9431763
2477500.0,0.9469075
2478750.0,0.9506388
2480000.0,0.95437
2481250.0,0.9574763
2482500.0,0.9605825
2483750.0,0.9636888
2485000.0,0.966795
2486250.0,0.9699013
2487500.0,0.9730075
2488750.0,0.9761138
2490000.0,0.97922
2491250.0,0.9818063
2492500.0,0.9843925
2493750.0,0.9869788
2495000.0,0.989565
2496250.0,0.9921513
2497500.0,0.9947375
2498750.0,0.9973238
2500000.0,0.99991
2501250.0,1.001884
2502500.0,1.003859
2505000.0,1.007808
2507500.0,1.011756
2510000.0,1.015705
2512500.0,1.019654
2515000.0,1.023603
2517500.0,1.027551
2520000.0,1.0315
2522500.0,1.034238
2525000.0,1.036975
2527500.0,1.039713
2530000.0,1.04245
2532500.0,1.045188
2535000.0,1.047925
2537500.0,1.050663
2540000.0,1.0534
2542500.0,1.055288
2545000.0,1.057175
2547500.0,1.059063
2550000.0,1.06095
2552500.0,1.062838
2555000.0,1.064725
2557500.0,1.066613
2560000.0,1.0685
2562500.0,1.069775
2565000.0,1.07105
2567500.0,1.072325
2570000.0,1.0736
2572500.0,1.074875
2575000.0,1.07615
2577500.0,1.077425
2580000.0,1.0787
2582500.0,1.079538
2585000.0,1.080375
2587500.0,1.081213
2590000.0,1.08205
2592500.0,1.082888
2595000.0,1.083725
2597500.0,1.084563
2600000.0,1.0854
2601563.0,1.085625
2603125.0,1.08585
2604688.0,1.086075
2606250.0,1.0863
2607813.0,1.086525
2609375.0,1.08675
2610938.0,1.086975
2612500.0,1.0872
2614063.0,1.087425
2615625.0,1.08765
2617188.0,1.087875
2618750.0,1.0881
2620313.0,1.088325
2621875.0,1.08855
2623438.0,1.088775
2625000.0,1.089
2626563.0,1.089225
2628125.0,1.08945
2629688.0,1.089675
2631250.0,1.0899
2632813.0,1.090125
2634375.0,1.09035
2635938.0,1.090575
2637500.0,1.0908
2639063.0,1.091025
2640625.0,1.09125
2642188.0,1.091475
2643750.0,1.0917
2645313.0,1.091925
2646875.0,1.09215
2648438.0,1.092375
2650000.0,1.0926
2651563.0,1.09260900001
2653125.0,1.09261900001
2654688.0,1.09262800001
2656250.0,1.09263800001
2657813.0,1.09264700001
2659375.0,1.09265600001
2660938.0,1.09266600001
2662500.0,1.09267500001
2664063.0,1.09268400001
2665625.0,1.09269400001
2667188.0,1.09270300001
2668750.0,1.09271300002
2670313.0,1.09272200002
2671875.0,1.09273100002
2673438.0,1.09274100002
2675000.0,1.09275000002
2676563.0,1.09275900003
2678125.0,1.09276900003
2679688.0,1.09277800003
2681250.0,1.09278800004
2682813.0,1.09279700004
2684375.0,1.09280600004
2685938.0,1.09281600005
2687500.0,1.09282500005
2689063.0,1.09283400006
2690625.0,1.09284400007
2692188.0,1.09285300007
2693750.0,1.09286300008
2695313.0,1.09287200009
2696875.0,1.0928810001
2698438.0,1.09289100011
2700000.0,1.09290000012
2701563.0,1.09285000013
2703125.0,1.09280000014
2704688.0,1.09275000015
2706250.0,1.09270000017
2707813.0,1.09265000018
2709375.0,1.09260000019
2710938.0,1.09255000021
2712500.0,1.09250000022
2714063.0,1.09245000024
2715625.0,1.09240000026
2717188.0,1.09235000028
2718750.0,1.0923000003
2720313.0,1.09225000032
2721875.0,1.09220000035
2723438.0,1.09215000038
2725000.0,1.09210000041
2726563.0,1.09205000044
2728125.0,1.09200000047
2729688.0,1.09195000051
2731250.0,1.09190000054
2732813.0,1.09185000059
2734375.0,1.09180000063
2735938.0,1.09175000068
2737500.0,1.09170000073
2739063.0,1.09165000079
2740625.0,1.09160000085
2742188.0,1.09155000091
2743750.0,1.09150000098
2745313.0,1.09145000106
2746875.0,1.09140000114
2748438.0,1.09135000123
2750000.0,1.09130000132
2751563.0,1.09132200141
2753125.0,1.0913440015
2754688.0,1.0913660016
2756250.0,1.0913880017
2757813.0,1.09140900181
2759375.0,1.09143100193
2760938.0,1.09145300205
2762500.0,1.09147500219
2764063.0,1.09149700233
2765625.0,1.09151900248
2767188.0,1.09154100264
2768750.0,1.09156300281
2770313.0,1.09158400299
2771875.0,1.09160600319
2773438.0,1.09162800339
2775000.0,1.09165000361
2776563.0,1.09167200385
2778125.0,1.09169400409
2779688.0,1.09171600436
2781250.0,1.09173800464
2782813.0,1.09175900494
2784375.0,1.09178100526
2785938.0,1.09180300559
2787500.0,1.09182500595
2789063.0,1.09184700634
2790625.0,1.09186900674
2792188.0,1.09189100718
2793750.0,1.09191300764
2795313.0,1.09193400813
2796875.0,1.09195600865
2798438.0,1.0919780092
2800000.0,1.09200000979
2801563.0,1.09226901034
2803125.0,1.09253801092
2804688.0,1.09280601153
2806250.0,1.09307501218
2807813.0,1.09334401286
2809375.0,1.09361301357
2810938.0,1.09388101433
2812500.0,1.09415001513
2814063.0,1.09441901597
2815625.0,1.09468801686
2817188.0,1.0949560178
2818750.0,1.0952250188
2820313.0,1.09549401984
2821875.0,1.09576302094
2823438.0,1.09603102211
2825000.0,1.09630002334
2826563.0,1.09656902463
2828125.0,1.096838026
2829688.0,1.09710602744
2831250.0,1.09737502896
2832813.0,1.09764403056
2834375.0,1.09791303225
2835938.0,1.09818103404
2837500.0,1.09845003592
2839063.0,1.09871903791
2840625.0,1.09898804
2842188.0,1.09925604221
2843750.0,1.09952504454
2845313.0,1.09979404699
2846875.0,1.10006304958
2848438.0,1.10033105231
2850000.0,1.10060005519
2852500.0,1.10167505959
2855000.0,1.10275006435
2857500.0,1.10382506948
2860000.0,1.10490007501
2862500.0,1.10672508097
2865000.0,1.10855008741
2867500.0,1.11037509435
2870000.0,1.11220010183
2872500.0,1.1168501099
2875000.0,1.1215001186
2877500.0,1.12615012799
2880000.0,1.1308001381
2882000.0,1.14010014676
2884000.0,1.15660015595
2886000.0,1.19530016572
2887000.0,1.24430017082
2888000.0,1.39190017609
2888200.0,1.46300017716
2888400.0,1.57440017823
2888500.0,1.65590017878
2888600.0,1.76540017932
2888700.0,1.91630017986
2888800.0,2.12800018041
2888900.0,2.42070018096
2889000.0,2.77490018151
2889100.0,3.00110018206
2889200.0,2.73760018261
2889300.0,2.09540018317
2889400.0,1.56330018372
2889500.0,1.26100018428
2889600.0,1.10710018484
2889700.0,1.0303001854
2889800.0,0.992250185963
2890000.0,0.966660187093
2890500.0,0.97734018995
2891000.0,0.99861019285
2892000.0,1.02840019878
2894000.0,1.05750021119
2896000.0,1.07160022437
2898000.0,1.08010023835
2900000.0,1.0859002532
2903125.0,1.08910027591
2906250.0,1.09230030063
2909375.0,1.09550032753
2912500.0,1.0987003568
2915625.0,1.10190038866
2918750.0,1.10510042332
2921875.0,1.10830046104
2925000.0,1.11150050206
2928125.0,1.11470054669
2931250.0,1.11790059523
2934375.0,1.12110064802
2937500.0,1.12430070543
2940625.0,1.12750076785
2943750.0,1.13070083573
2946875.0,1.13390090952
2950000.0,1.13710098974
2953125.0,1.14144506844
2956250.0,1.1457891533
2959375.0,1.15013224481
2962500.0,1.15447634346
2965625.0,1.15882044982
2968750.0,1.16316456447
2971875.0,1.16750768806
2975000.0,1.17185182126
2978125.0,1.17619596481
2981250.0,1.18054011951
2984375.0,1.18488328621
2987500.0,1.18922746583
2990625.0,1.19357165934
2993750.0,1.19791586782
2996875.0,1.2022590924
3000000.0,1.2066033343
3002500.0,1.21815353671
3005000.0,1.22970375121
3005500.0,1.23720379563
3006000.0,1.25110384056
3006100.0,1.25560384962
3006200.0,1.26100385869
3006300.0,1.26790386778
3006400.0,1.27690387689
3006500.0,1.28900388602
3006600.0,1.30640389518
3006700.0,1.33340390436
3006800.0,1.38050391355
3006900.0,1.47980392277
3007000.0,1.78270393201
3007100.0,3.06400394128
3007200.0,1.31260395056
3007300.0,1.12850395986
3007400.0,1.12810396919
3007500.0,1.13960397854
3007600.0,1.15010398791
3007700.0,1.1585039973
3007800.0,1.16520400672
3007900.0,1.17060401615
3008000.0,1.17510402561
3008200.0,1.18200404459
3008400.0,1.18710406366
3008600.0,1.19100408282
3008800.0,1.19420410206
3009000.0,1.1968041214
3010000.0,1.20550421943
3012500.0,1.2146544747
3015000.0,1.22380474517
3017500.0,1.23000503174
3020000.0,1.23620533537
3022500.0,1.24255565704
3025000.0,1.24890599782
3027500.0,1.25525635881
3030000.0,1.26160674121
3032500.0,1.26795714626
3035000.0,1.27430757528
3037500.0,1.28065802968
3040000.0,1.28700851092
3042500.0,1.29433402058
3045000.0,1.30165956029
3047500.0,1.30898513182
3050000.0,1.316310737
3052500.0,1.32451131516
3055000.0,1.33271192394
3057500.0,1.34091256494
3060000.0,1.34911323983
3062500.0,1.35885195037
3065000.0,1.36858969842
3067500.0,1.37832848592
3070000.0,1.38806631492
3072500.0,1.39780518757
3075000.0,1.40754310613
3077500.0,1.41728207297
3080000.0,1.42702009059
3082500.0,1.43917116161
3085000.0,1.45132228879
3087500.0,1.46347347502
3090000.0,1.47562472335
3092500.0,1.48777603697
3095000.0,1.49992741923
3097500.0,1.51207887367
3100000.0,1.524230404
3102500.0,1.53921993067
3105000.0,1.55420853267
3107500.0,1.56919821366
3110000.0,1.58418697747
3112500.0,1.5991768281
3115000.0,1.61416576974
3117500.0,1.62915580681
3120000.0,1.6441449439
3122500.0,1.66234710807
3125000.0,1.68054937459
3127500.0,1.69875174822
3130000.0,1.71695423392
3132500.0,1.73515683689
3135000.0,1.75335956257
3137500.0,1.77156241662
3140000.0,1.789765405
3145000.0,1.83294657161
3150000.0,1.87612830842
3155000.0,1.91931066712
3160000.0,1.962493704
3165000.0,2.0104522868
3170000.0,2.0584116402
3175000.0,2.1094218751
3180000.0,2.16043303
3182500.0,2.1873394231
3185000.0,2.2142461181
3187500.0,2.241153129
3190000.0,2.2680604703
3192500.0,2.2975720502
3195000.0,2.3270844557
3197500.0,2.3565977449
3200000.0,2.38611198
3201000.0,2.39962228
3202000.0,2.4139352287
3203000.0,2.42945215
3204000.0,2.4468752599
3205000.0,2.46710865
3206000.0,2.49256027
3207000.0,2.5272473928
3208000.0,2.58221267
3209000.0,2.68718151
3210000.0,2.954096885
3210500.0,3.2760139
3211000.0,3.933836295
3211100.0,4.1256918
3211200.0,4.3364877
3211300.0,4.559505877
3211400.0,4.7820348
3211500.0,4.9844715
3211600.0,5.142322958
3211700.0,5.2318049
3211800.0,5.236936306
3211900.0,5.1566383
3212000.0,5.0048281
3212200.0,4.582024522
3212400.0,4.1427913
3212600.0,3.775048216
3212800.0,3.4937902
3213000.0,3.2852039
3213200.0,3.131275015
3213400.0,3.0166916
3213600.0,2.9304433
3213800.0,2.864422428
3214000.0,2.81332303
3214200.0,2.7732405432
3214400.0,2.7413716
3214600.0,2.71581346
3214800.0,2.6950640494
3215000.0,2.67822176
3216000.0,2.629281164
3217000.0,2.61040609
3218000.0,2.60446218
3219000.0,2.6047348782
3220000.0,2.60861722
3222000.0,2.62189776
3224000.0,2.6385893901
3226000.0,2.65688667
3228000.0,2.67588714
3230000.0,2.69508958
3235000.0,2.7435004998
3240000.0,2.79071516
3245000.0,2.83643185
3250000.0,2.87994985
3255000.0,2.9209688
3260000.0,2.95928848
3265000.0,2.99480877
3270000.0,3.0273295399
3275000.0,3.0566507
3280000.0,3.08307219
3285000.0,3.10629392
3290000.0,3.1263158298
3295000.0,3.14343787
3300000.0,3.15765998
3305000.0,3.1689820903
3310000.0,3.17780418
3312000.0,3.18061299
3314000.0,3.18302179
3316000.0,3.1851305599
3318000.0,3.18683932
3320000.0,3.18804806
3322000.0,3.1890567701
3324000.0,3.18966545
3326000.0,3.1900741099
3328000.0,3.19008272
3330000.0,3.18989136
3332000.0,3.1893998601
3334000.0,3.18860842
3336000.0,3.1875168599
3338000.0,3.18622536
3340000.0,3.18473372
3345000.0,3.1801546001
3350000.0,3.17437513
3355000.0,3.16749546
3360000.0,3.1598154595
3370000.0,3.14265469
3380000.0,3.12389284
3390000.0,3.1043301
3400000.0,3.0885668203
3400500.0,3.0878686743
3410000.0,3.0757039
3420000.0,3.063444901
3430000.0,3.0525236
3435000.0,3.0541597
3436000.0,3.057554654
3437000.0,3.0646504
3437500.0,3.0715655
3438000.0,3.085566291
3438500.0,3.1387308
3439000.0,3.946505
3439500.0,4.027587
3440000.0,3.598291672
3440500.0,3.7276205
3441000.0,4.2197953
3441500.0,5.273679182
3441600.0,5.4747364
3441700.0,5.6049845
3441800.0,5.633616
3441900.0,5.551892621
3442000.0,5.3779623
3442500.0,4.2391559
3443000.0,3.6406973
3443500.0,3.384172161
3444000.0,3.2603052
3444500.0,3.1925396
3445000.0,3.151574222
3450000.0,3.0545679
3455000.0,3.0383203
3460000.0,3.0304147
3465000.0,3.0252211
3470000.0,3.0213323
3475000.0,3.018246
3480000.0,3.0158611
3490000.0,3.0131941
3500000.0,3.0125295
3510000.0,3.0139669
3520000.0,3.0171063
3530000.0,3.0218478
3540000.0,3.0278915
3550000.0,3.0348378
3560000.0,3.0426868
3570000.0,3.050739
3580000.0,3.0586947
3590000.0,3.0662543
3600000.0,3.072918299
3610000.0,3.0782871
3620000.0,3.0818613
3630000.0,3.0833418
3640000.0,3.082432001
3642000.0,3.0818546
3644000.0,3.0812929
3645000.0,3.0809575
3645200.0,3.080890004
3645400.0,3.0809431
3645600.0,3.080940786
3645800.0,3.0810538
3646000.0,3.0815774
3646200.0,3.0849245
3646400.0,3.09819034
3646600.0,3.0827008
3646800.0,3.0809573
3647000.0,3.080358544
3647200.0,3.0802072
3647400.0,3.0800349
3647600.0,3.0798955
3647800.0,3.079872204
3648000.0,3.0796575
3649000.0,3.0791329
3650000.0,3.0786326
3651000.0,3.0781382
3652000.0,3.077546
3653000.0,3.076954701
3654000.0,3.076364
3655000.0,3.0757736
3660000.0,3.0720249
3665000.0,3.067578999
3670000.0,3.0624359
3675000.0,3.0565954
3680000.0,3.0500577
3685000.0,3.042922799
3690000.0,3.0352912
3695000.0,3.027362699
3700000.0,3.0193378
3710000.0,3.0040999
3720000.0,2.9942802
3730000.0,3.0023841
3740000.0,3.0696257
3745000.0,3.169674397
3750000.0,3.3991674
3755000.0,3.9825731
3760000.0,5.3439253
3761000.0,5.63404459
3762000.0,5.8333376
3763000.0,5.8900887
3764000.0,5.787292
3765000.0,5.553455294
3766000.0,5.2439951
3767000.0,4.913928102
3768000.0,4.6003655
3769000.0,4.3219131
3770000.0,4.0836727
3772000.0,3.7170255
3774000.0,3.4629131
3776000.0,3.2844249
3778000.0,3.155253102
3780000.0,3.0591927
3785000.0,2.902023703
3790000.0,2.8066835
3795000.0,2.7406624
3800000.0,2.690056998
3810000.0,2.6122885
3820000.0,2.550176197
3830000.0,2.4959238
3840000.0,2.4468378
3850000.0,2.401825993
3860000.0,2.3603957
3870000.0,2.322258
3880000.0,2.28772301
3890000.0,2.256603
3900000.0,2.229211
3920000.0,2.184975
3940000.0,2.15377301
3960000.0,2.130764
3980000.0,2.10462901
4000000.0,2.074679
4010000.0,2.021871
4020000.0,1.93954499
4030000.0,1.819134
4040000.0,1.662184
4050000.0,1.49077799
4060000.0,1.34215
4070000.0,1.241503
4080000.0,1.186575
4090000.0,1.16193697
4100000.0,1.154551
4110000.0,1.160692
4120000.0,1.18668996
4130000.0,1.247259
4140000.0,1.362631
4150000.0,1.547893
4160000.0,1.78728279
4165000.0,1.90942
4170000.0,2.01959
4175000.0,2.10902
4180000.0,2.1721
4185000.0,2.2074
4190000.0,2.2171
4195000.0,2.2051299
4200000.0,2.17656
4205000.0,2.13579
4210000.0,2.086634
4215000.0,2.0321219
4220000.0,1.97415
4225000.0,1.91448005
4230000.0,1.854031
4235000.0,1.793331
4240000.0,1.73300705
4245000.0,1.673266
4250000.0,1.614542
4255000.0,1.55745402
4260000.0,1.503245
4265000.0,1.454121
4270000.0,1.414188
4275000.0,1.39137906
4280000.0,1.399337
4285000.0,1.459517
4290000.0,1.59644298
4295000.0,1.818771
4300000.0,2.09961
4305000.0,2.38703
4310000.0,2.63739
4315000.0,2.82794
4320000.0,2.94966
4321000.0,2.96565
4322000.0,2.97903
4323000.0,2.9897
4324000.0,2.9978801
4325000.0,3.00357
4326000.0,3.00708
4327000.0,3.00832
4328000.0,3.0074079
4329000.0,3.004646
4330000.0,3.00005
4335000.0,2.95463694
4340000.0,2.883526
4345000.0,2.79942
4350000.0,2.711342
4355000.0,2.62462098
4360000.0,2.542195
4370000.0,2.39442
4380000.0,2.27013
4390000.0,2.16641305
4400000.0,2.079957
4410000.0,2.00820703
4420000.0,1.949838
4430000.0,1.904876
4440000.0,1.876611
4445000.0,1.87108707
4450000.0,1.873128
4455000.0,1.882967
4460000.0,1.886051
4462000.0,1.86969152
4464000.0,1.824908
4466000.0,1.73421342
4468000.0,1.596272
4470000.0,1.44876
4472000.0,1.342174
4475000.0,1.28116951
4480000.0,1.296198
4485000.0,1.32640385
4490000.0,1.344305
4495000.0,1.350958
4500000.0,1.349598
4505000.0,1.342809
4510000.0,1.332424
4515000.0,1.32096
4520000.0,1.31757099
4521000.0,1.320431
4522000.0,1.32551774
4523000.0,1.334339
4524000.0,1.348339
4525000.0,1.37013
4526000.0,1.40371714
4527000.0,1.455339
4528000.0,1.535011
4529000.0,1.657424
4530000.0,1.842568
4531000.0,2.1093327
4532000.0,2.44906
4533000.0,2.78275
4534000.0,2.97288
4535000.0,2.95146
4536000.0,2.78504
4537000.0,2.574884
4538000.0,2.3796358
4539000.0,2.217164
4540000.0,2.086848
4545000.0,1.73510891
4550000.0,1.592681
4555000.0,1.517364
4560000.0,1.469609
4565000.0,1.435669
4570000.0,1.409527
4575000.0,1.388449
4580000.0,1.371147
4585000.0,1.35702503
4590000.0,1.347267
4591000.0,1.34605214
4592000.0,1.345819
4593000.0,1.346216
4594000.0,1.347368
4595000.0,1.34881313
4596000.0,1.352783
4597000.0,1.359469
4598000.0,1.3701658
4599000.0,1.385883
4600000.0,1.4057
4601000.0,1.4334174
4601500.0,1.4399261
4602000.0,1.4392348
4602500.0,1.4316435
4603000.0,1.4191522
4604000.0,1.3894696
4605000.0,1.363687
4610000.0,1.31954888
4615000.0,1.311623
4620000.0,1.319578
4625000.0,1.354017
4626000.0,1.36707571
4627000.0,1.383631
4628000.0,1.40479362
4629000.0,1.431907
4630000.0,1.467272
4631000.0,1.51357
4632000.0,1.5746994
4633000.0,1.65604
4634000.0,1.76268
4635000.0,1.89713
4636000.0,2.0493768
4637000.0,2.18281
4638000.0,2.2351598
4639000.0,2.16686
4640000.0,2.01042
4645000.0,1.404934
4650000.0,1.25161373
4655000.0,1.199316
4660000.0,1.17287618
4665000.0,1.155288
4670000.0,1.141392
4675000.0,1.129346
4680000.0,1.11826302
4685000.0,1.107801
4690000.0,1.097682
4695000.0,1.087762
4700000.0,1.077915
4705000.0,1.068325
4710000.0,1.058881
4715000.0,1.049578
4720000.0,1.040312
4725000.0,1.031182
4730000.0,1.022229
4735000.0,1.013515
4740000.0,1.00517099
4745000.0,0.997187
4750000.0,0.989758
4755000.0,0.983073
4760000.0,0.97741903
4765000.0,0.973192
4770000.0,0.970908
4775000.0,0.971332
4780000.0,0.97551806
4785000.0,0.984998
4790000.0,1.00187799
4795000.0,1.029169
4800000.0,1.07106
4805000.0,1.132746
4810000.0,1.22049495
4815000.0,1.339909
4820000.0,1.491355
4825000.0,1.664454
4830000.0,1.8327869
4832000.0,1.890732
4834000.0,1.93988207
4835000.0,1.960694
4836000.0,1.978798
4837000.0,1.993885
4838000.0,2.00625695
4839000.0,2.015727
4840000.0,2.02218799
4841000.0,2.025954
4842000.0,2.027025
4843000.0,2.025708
4844000.0,2.02182204
4845000.0,2.015862
4850000.0,1.960039
4855000.0,1.87827199
4860000.0,1.788487
4870000.0,1.62063505
4880000.0,1.48559
4890000.0,1.381519
4900000.0,1.300357
4910000.0,1.23586498
4920000.0,1.183421
4930000.0,1.140189
4940000.0,1.104112
4950000.0,1.0742579
4960000.0,1.049938
4970000.0,1.03167984
4980000.0,1.02
4990000.0,1.01681
5000000.0,1.02435
5010000.0,1.0460904
5020000.0,1.08598
5030000.0,1.1477203
5040000.0,1.23283
5050000.0,1.3377
5060000.0,1.44811
5070000.0,1.5511697
5080000.0,1.63779
5090000.0,1.71389
5100000.0,1.8093802
5102000.0,1.83626
5104000.0,1.8676499
5106000.0,1.9048
5108000.0,1.94933
5110000.0,2.00305
5112000.0,2.06818
5114000.0,2.1477
5115000.0,2.1939498
5116000.0,2.24502
5117000.0,2.30134
5118000.0,2.3634501
5119000.0,2.43166
5120000.0,2.5064
5121000.0,2.5875894
5122000.0,2.67521
5123000.0,2.7688507
5124000.0,2.86735
5125000.0,2.96903
5126000.0,3.07155
5127000.0,3.1714193
5128000.0,3.2647
5129000.0,3.34632
5130000.0,3.4114702
5131000.0,3.45547
5132000.0,3.4747
5133000.0,3.46711
5134000.0,3.4331
5135000.0,3.3747589
5136000.0,3.2957
5137000.0,3.2008694
5138000.0,3.09538
5139000.0,2.98389
5140000.0,2.870551
5142000.0,2.65085
5144000.0,2.45229
5146000.0,2.2807605
5148000.0,2.135774
5150000.0,2.01460969
5155000.0,1.791576
5160000.0,1.645394
5165000.0,1.54442906
5170000.0,1.471103
5180000.0,1.370783
5190000.0,1.303346
5200000.0,1.25314709
5210000.0,1.213108
5220000.0,1.179604
5230000.0,1.150529
5240000.0,1.124949
5250000.0,1.101766
5260000.0,1.0809097
5270000.0,1.061821702
5280000.0,1.0443493
5290000.0,1.029231304
5300000.0,1.0207398
5310000.0,1.147266
5320000.0,0.947269
5330000.0,0.987743124
5340000.0,1.6552055
5350000.0,1.3007825
5355000.0,1.0898889
5360000.0,1.018439426
5365000.0,0.980815
5366000.0,0.9751705
5367000.0,0.970144
5368000.0,0.96603
5369000.0,0.963413
5370000.0,0.96377691
5371000.0,0.970271
5372000.0,0.98906844
5373000.0,1.02754
5374000.0,1.07743
5375000.0,1.10318
5380000.0,1.01942868
5385000.0,0.982852
5390000.0,0.965645
5395000.0,0.9547729
5400000.0,0.946921491
5410000.0,0.9360879
5420000.0,0.929296697
5430000.0,0.9255553
5440000.0,0.9246461
5450000.0,0.9266981
5460000.0,0.932037699
5470000.0,0.9411796
5480000.0,0.9547333
5490000.0,0.9735217
5500000.0,0.9984508
5510000.0,1.0304799
5520000.0,1.0708414
5530000.0,1.1204809
5540000.0,1.1801163
5550000.0,1.249767
5560000.0,1.328750597
5570000.0,1.4147794
5580000.0,1.504455594
5590000.0,1.5923681
5600000.0,1.6724916
5605000.0,1.707834902
5610000.0,1.7389939
5615000.0,1.7658651
5620000.0,1.787746486
5625000.0,1.804639
5630000.0,1.81654701
5635000.0,1.823379
5639500.0,1.825587
5639542.0,1.82559231
5639543.0,1.82559244
5639600.0,1.82559965
5640000.0,1.82565028
5645000.0,1.82359158
5650000.0,1.81774388
5655000.0,1.80868022
5660000.0,1.79693345
5662000.0,1.79159916
5665000.0,1.78334772
5668000.0,1.7746191
5670000.0,1.76880002
5672000.0,1.76287386
5675000.0,1.75453462
5676000.0,1.75168425
5678000.0,1.7466835
5680000.0,1.74178276
5685000.0,1.72613624
5690000.0,1.69395561
5695000.0,1.65691631
5700000.0,1.62723718
5705000.0,1.60192758
5710000.0,1.57840019
5715000.0,1.55575088
5720000.0,1.53366662
5725000.0,1.51216637
5730000.0,1.49136517
5735000.0,1.47092002
5740000.0,1.45120892
5745000.0,1.43192087
5750000.0,1.41334786
5755000.0,1.3952859
5760000.0,1.37783398
5765000.0,1.36088909
5770000.0,1.34455425
5775000.0,1.32882644
5780000.0,1.31360967
5785000.0,1.29900295
5790000.0,1.28480728
5795000.0,1.27112566
5800000.0,1.25805909
5805000.0,1.24540956
5810000.0,1.23338107
5815000.0,1.22187563
5820000.0,1.21079923
5825000.0,1.20035487
5830000.0,1.19045055
5835000.0,1.1810943
5840000.0,1.17259609
5845000.0,1.16486992
5850000.0,1.15793483
5855000.0,1.15221378
5860000.0,1.14784177
5865000.0,1.14526281
5870000.0,1.14494686
5875000.0,1.14778902
5880000.0,1.1550362
5885000.0,1.16851743
5890000.0,1.19159671
5895000.0,1.22938603
5900000.0,1.29144144
5905000.0,1.39382889
5908000.0,1.4837914
5910000.0,1.5655664
5912000.0,1.66337424
5915000.0,1.846336
5916000.0,1.9180262
5917000.0,1.9943366
5918000.0,2.0741414
5919000.0,2.1561605
5920000.0,2.2379623
5921000.0,2.3168027
5922000.0,2.3890839
5923000.0,2.450985
5924000.0,2.498665
5925000.0,2.5288473
5926000.0,2.5391783
5927000.0,2.5285796
5928000.0,2.4982408
5929000.0,2.4500019
5930000.0,2.3872442
5935000.0,1.9809288
5940000.0,1.62591968
5945000.0,1.38537605
5950000.0,1.22558511
5955000.0,1.11352752
5960000.0,1.02797058
5965000.0,0.95639261
5970000.0,0.89122987
5975000.0,0.82916813
5980000.0,0.7769404
5982000.0,0.76636194
5984000.0,0.77085249
5985000.0,0.78238176
5986000.0,0.80316102
5988000.0,0.88257765
5990000.0,1.02881419
5992000.0,1.23951178
5994000.0,1.46319938
5995000.0,1.55522286
5996000.0,1.62445598
5997000.0,1.66926429
5998000.0,1.69155652
5999000.0,1.69570791
6000000.0,1.68647122
6001000.0,1.66819754
6002000.0,1.64424286
6003000.0,1.61737117
6004000.0,1.58935753
6006000.0,1.53372216
6008000.0,1.48234081
6010000.0,1.4365685
6012000.0,1.39648519
6014000.0,1.36138488
6015000.0,1.34552574
6016000.0,1.3306666
6018000.0,1.30363333
6020000.0,1.27988704
6025000.0,1.23118391
6030000.0,1.19386383
6035000.0,1.16466883
6040000.0,1.14174491
6045000.0,1.12365607
6048000.0,1.11499403
6050000.0,1.11001933
6052000.0,1.10584261
6054000.0,1.1027659
6055000.0,1.10147754
6056000.0,1.1005066
6057000.0,1.09983566
6058000.0,1.09946472
6059000.0,1.09949378
6060000.0,1.09982284
6061000.0,1.10065583
6062000.0,1.10218882
6063000.0,1.10423591
6064000.0,1.10708299
6065000.0,1.11082837
6066000.0,1.11587374
6067000.0,1.12204873
6068000.0,1.13042371
6070000.0,1.15429368
6071000.0,1.17163294
6072000.0,1.19401568
6073000.0,1.22330618
6074000.0,1.26190068
6075000.0,1.3124065
6076000.0,1.3774867
6077000.0,1.4567482
6078000.0,1.5410797
6079000.0,1.6045112
6080000.0,1.6106509
6082000.0,1.4389958
6084000.0,1.2411762
6085000.0,1.1729491
6086000.0,1.1255219
6088000.0,1.06458856
6090000.0,1.03061812
6092000.0,1.01028321
6094000.0,0.99696337
6096000.0,0.98763852
6098000.0,0.98072768
6100000.0,0.97528697
6102000.0,0.97081403
6104000.0,0.96701619
6106000.0,0.96369044
6108000.0,0.96069366
6110000.0,0.95798789
6115000.0,0.95201404
6120000.0,0.94684321
6125000.0,0.94224846
6130000.0,0.93812978
6140000.0,0.93102065
6150000.0,0.92524489
6160000.0,0.92062943
6170000.0,0.91702629
6175000.0,0.91555835
6180000.0,0.91427037
6190000.0,0.91213283
6200000.0,0.91039356
6210000.0,0.90884174
6220000.0,0.90730533
6225000.0,0.90654432
6230000.0,0.9057514
6240000.0,0.90417978
6250000.0,0.9027334
6260000.0,0.89623728
6270000.0,0.89349841
6271000.0,0.89336963
6272170.0,0.89323455
6272171.0,0.89323445
6272200.0,0.8932311
6272300.0,0.89322775
6275000.0,0.8931274
6280000.0,0.89352783
6290000.0,0.89491398
6300000.0,0.89642855
6302000.0,0.89698512
6304000.0,0.89771572
6306000.0,0.89840933
6308000.0,0.89908192
6310000.0,0.89980952
6312000.0,0.90082214
6314000.0,0.90231284
6316000.0,0.90423152
6318000.0,0.9065312
6320000.0,0.90915195
6322000.0,0.91209463
6324000.0,0.91541036
6325000.0,0.91723523
6326000.0,0.91914711
6328000.0,0.9231539
6330000.0,0.92728671
6332000.0,0.93143549
6334000.0,0.93567858
6336000.0,0.94007644
6338000.0,0.94464933
6340000.0,0.94924046
6342000.0,0.95401952
6344000.0,0.95925746
6346000.0,0.96508274
6348000.0,0.97156089
6350000.0,0.97860709
6352000.0,0.98659731
6354000.0,0.99589667
6356000.0,1.0064498
6358000.0,1.01804992
6360000.0,1.03046553
6362000.0,1.04384291
6364000.0,1.05867495
6366000.0,1.07515674
6368000.0,1.0929852
6370000.0,1.1116995
6372000.0,1.1307058
6374000.0,1.1503619
6375000.0,1.160765
6376000.0,1.1716883
6378000.0,1.1956349
6380000.0,1.2232415
6382000.0,1.254418
6384000.0,1.2868039
6385000.0,1.3023631
6386000.0,1.3177223
6388000.0,1.3488782
6390000.0,1.3804349
6392000.0,1.4081726
6394000.0,1.4296087
6395000.0,1.438837
6396000.0,1.4464653
6398000.0,1.4557621
6400000.0,1.4604494
6402000.0,1.4617957
6404000.0,1.4540429
6405000.0,1.4445115
6406000.0,1.4308801
6408000.0,1.3956068
6410000.0,1.3518838
6412000.0,1.3058509
6414000.0,1.261628
6415000.0,1.2401366
6416000.0,1.2188752
6418000.0,1.1786313
6420000.0,1.1416791
6422000.0,1.1068169
6424000.0,1.0732747
6425000.0,1.0569467
6426000.0,1.0409207
6428000.0,1.0097584
6430000.0,0.9797158
6430885.0,0.9670262
6430886.0,0.9670119
6430900.0,0.9668111
6430999.0,0.965344301191
6431001.0,0.965205401212
6432000.0,0.951143211738
6434000.0,0.924420532813
6436000.0,0.898678653887
6438000.0,0.874025474962
6440000.0,0.850862796036
6442000.0,0.83017091711
6444000.0,0.812358138185
6446000.0,0.796775559259
6448000.0,0.782793580334
6450000.0,0.769891201408
6451000.0,0.764015111945
6452000.0,0.758978922482
6452100.0,0.758269323536
6452146.0,0.758099924021
6452147.0,0.758096224031
6452199.0,0.757904824579
6452201.0,0.7577676246
6452300.0,0.757413125644
6454000.0,0.749266743557
6456000.0,0.739764764631
6458000.0,0.730551985706
6460000.0,0.72170010678
6462000.0,0.713468127855
6464000.0,0.705935578929
6466000.0,0.698978720003
6468000.0,0.692449881078
6470000.0,0.686231042152
6472000.0,0.680233823227
6474000.0,0.674411084301
6475000.0,0.671558214838
6476000.0,0.668730336245
6478000.0,0.66312536906
6480000.0,0.65754763187
6482000.0,0.65214288468
6484000.0,0.6470241375
6486000.0,0.64212645031
6488000.0,0.6373867631
6490000.0,0.6327390959
6492000.0,0.6284194787
6494000.0,0.6248607716
6496000.0,0.6223701444
6498000.0,0.6212416172
6500000.0,0.62177085
6502000.0,0.6235817626
6504000.0,0.6259979952
6506000.0,0.6289761279
6508000.0,0.6324281905
6510000.0,0.6362914631
6512000.0,0.6403327157
6514000.0,0.6444558683
6516000.0,0.648728921
6516461.0,0.6497070934
6516500.0,0.6497898901
6516599.0,0.6500432585
6516601.0,0.6500577826
6518000.0,0.6532257123
6520000.0,0.6580683436
6522000.0,0.6631809748
6524000.0,0.6684041061
6525000.0,0.6710403712
6526000.0,0.673720092
6528000.0,0.6791470337
6530000.0,0.6846961753
6532000.0,0.6903748169
6534000.0,0.6961912586
6536000.0,0.7021336002
6538000.0,0.7082398419
6540000.0,0.7145076835
6542000.0,0.7209054251
6544000.0,0.7274209668
6546000.0,0.7340322084
6548000.0,0.7407370501
6550000.0,0.7475539917
6552000.0,0.7544505333
6554000.0,0.761464675
6556000.0,0.7685549166
6558000.0,0.7757284583
6560000.0,0.7829537999
6562000.0,0.7901989415
6564000.0,0.7974718832
6566000.0,0.8047702248
6568000.0,0.8121023665
6570000.0,0.8194862081
6572000.0,0.8269397497
6574000.0,0.8344608914
6575000.0,0.8382574122
6576000.0,0.8420785623
6578000.0,0.8497877624
6580000.0,0.8576223625
6582000.0,0.8655629626
6584000.0,0.8735293627
6586000.0,0.8814218629
6588000.0,0.889130663
6590000.0,0.8965355631
6592000.0,0.9035470632
6594000.0,0.9100252633
6596000.0,0.9158798635
6598000.0,0.9209715636
6600000.0,0.9252002637
6602000.0,0.9288557638
6604000.0,0.9322887639
6606000.0,0.9355592641
6608000.0,0.9386570642
6610000.0,0.9416324643
6612000.0,0.9444858644
6614000.0,0.9472470645
6616000.0,0.9499562647
6618000.0,0.9526135648
6620000.0,0.9552593649
6622000.0,0.957913165
6624000.0,0.9605360651
6625000.0,0.9618519152
6626000.0,0.9631524549
6628000.0,0.9657204343
6630000.0,0.9682541137
6632000.0,0.9707244931
6634000.0,0.9731218725
6636000.0,0.9754265519
6638000.0,0.9776293312
6640000.0,0.9797203106
6642000.0,0.98116009
6644000.0,0.9817289694
6646000.0,0.9819175488
6648000.0,0.9822262282
6650000.0,0.9831555076
6652000.0,0.985055687
6654000.0,0.9884874664
6655000.0,0.9909942061
6656000.0,0.9940208458
6658000.0,1.0011066252
6660000.0,1.0089053046
6662000.0,1.016846884
6664000.0,1.0256624633
6665000.0,1.030783303
6666000.0,1.0367141427
6668000.0,1.0505410421
6670000.0,1.0647682515
6672000.0,1.0786369009
6674000.0,1.0906773003
6675000.0,1.09478585
6676000.0,1.093188524
6678000.0,1.072388401
6680000.0,1.052969359
6682000.0,1.043670106
6684000.0,1.035132914
6685000.0,1.031555318
6686000.0,1.028297721
6688000.0,1.021974289
6690000.0,1.016135786
6692000.0,1.010910144
6694000.0,1.006210421
6695000.0,1.004042315
6696000.0,1.002144199
6698000.0,0.999304976
6700000.0,0.997431394
6710000.0,0.993303522
6720000.0,0.997670639
6725000.0,1.003293708
6730000.0,1.010809651
6740000.0,1.031456448
6750000.0,1.057392555
6760000.0,1.088607212
6770000.0,1.127241869
6775000.0,1.149259202
6780000.0,1.17366577
6790000.0,1.244508965
6795000.0,1.298975613
6800000.0,1.359742161
6805000.0,1.429451109
6810000.0,1.504160157
6820000.0,1.565278052
6825000.0,1.4635032
6830000.0,1.348059519
6840000.0,1.139892038
6850000.0,1.002374606
6860000.0,0.943407164
6875000.0,0.893636002
6880000.0,0.882769506
6900000.0,0.856533541
6920000.0,0.839857575
6925000.0,0.838681079
6940000.0,0.83716706
6950000.0,0.838437725
6960000.0,0.843218379
6975000.0,0.85922436
6980000.0,0.867780598
7000000.0,0.909335548
7020000.0,0.955165381
7025000.0,0.965397837
7030000.0,0.975949865
7035000.0,0.987091884
7040000.0,0.997953912
7045000.0,1.00783594
7050000.0,1.016007969
7055000.0,1.023339987
7060000.0,1.027482015
7065000.0,1.027044043
7070000.0,1.021916062
7075000.0,1.01710809
7080000.0,1.012373617
7090000.0,1.00709466
7100000.0,1.003625703
7120000.0,1.011737749
7125000.0,1.016323316
7140000.0,1.028360278
7150000.0,1.047245053
7160000.0,1.076269628
7170000.0,1.143024303
7175000.0,1.19682659
7180000.0,1.27732903
7190000.0,1.505443811
7200000.0,1.755108692
7210000.0,1.687264273
7220000.0,1.567519954
7225000.0,1.516747794
7230000.0,1.468484794
7240000.0,1.379358793
7250000.0,1.314902793
7260000.0,1.291406793
7275000.0,1.276427792
7280000.0,1.271788634
7300000.0,1.277782
7320000.0,1.335645266
7325000.0,1.369126108
7330000.0,1.376479803
7335000.0,1.367033487
7340000.0,1.35210718
7345000.0,1.33649087
7350000.0,1.32034446
7353000.0,1.30983674
7353300.0,1.3087299
7353304.0,1.30871718
7353399.0,1.30839175275
7353401.0,1.3082945646
7355000.0,1.30235757655
7360000.0,1.2807302349
7365000.0,1.2363629033
7370000.0,1.1748555716
7375000.0,1.23584824
7380000.0,1.3004234752
7385000.0,1.29137872
7390000.0,1.282293956
7400000.0,1.263584436
7420000.0,1.230275397
7425000.0,1.223300632
7440000.0,1.202030534
7450000.0,1.188093806
7460000.0,1.17398706
7475000.0,1.15292696
7480000.0,1.145910672
7500000.0,1.119035408
7520000.0,1.130890766
7525000.0,1.12906958
7540000.0,1.122836728
7550000.0,1.118678197
7560000.0,1.118829656
7565597.0,1.118949989
7565600.0,1.118950396
7565651.0,1.118900279
7565799.0,1.1189165093
7565801.0,1.11889667
7568000.0,1.118947724
7575000.0,1.117544849
7600000.0,1.110600865
7613595.0,1.119745504
7613600.0,1.119748936
7625000.0,1.13297678185
7640000.0,1.15569653945
7650000.0,1.17178966784
7660000.0,1.18810279523
7675000.0,1.21306245283
7680000.0,1.22118468602
7700000.0,1.25488351881
7725000.0,1.2998844738
7740000.0,1.32631944139
7750000.0,1.34361938178
7760000.0,1.35981931218
7775000.0,1.38183426777
7780000.0,1.38861016296
7800000.0,1.41475396375
7820000.0,1.44102766454
7825000.0,1.44701355974
7840000.0,1.46207029533
7850000.0,1.47109810572
7860000.0,1.47361589612
7875000.0,1.44895253171
7880000.0,1.42942215691
7900000.0,1.32867085769
7920000.0,1.22456769548
7925000.0,1.19604188268
7940000.0,1.10635001327
7950000.0,1.04620888766
7960000.0,0.992477642059
7975000.0,0.92943577265
7980000.0,0.912201030847
8000000.0,0.865281975636
8020000.0,0.853585681424
8025000.0,0.854589057621
8040000.0,0.864301752212
8060000.0,0.895131901
8075000.0,0.929374594591
8080000.0,0.941808883788
8100000.0,0.995696159576
8125000.0,1.07647663356
8150000.0,1.16251570955
8175000.0,1.23113319453
8200000.0,1.28339663652
8225000.0,1.3269259675
8240000.0,1.34737179409
8250000.0,1.35610237249
8275000.0,1.36172956747
8280000.0,1.36102558267
8300000.0,1.35363962346
8320000.0,1.34015004425
8325000.0,1.33535255944
8340000.0,1.31969444503
8350000.0,1.30856893543
8360000.0,1.29689380582
8375000.0,1.27704618141
8400000.0,1.2451937174
8425000.0,1.22177404338
8440000.0,1.20826957897
8450000.0,1.19917666937
8460000.0,1.18907954976
8475000.0,1.17325888535
8500000.0,1.14673489134
8520000.0,1.13262058213
8525000.0,1.13064956732
8540000.0,1.12678012291
8550000.0,1.12632045831
8560000.0,1.1273253907
8575000.0,1.13274774929
8600000.0,1.15652993528
8620000.0,1.18960307407
8625000.0,1.19883141126
8640000.0,1.22747498685
8650000.0,1.24754750825
8660000.0,1.26883150864
8675000.0,1.30234748423
8680000.0,1.31400567543
8700000.0,1.36090852222
8720000.0,1.40217775901
8725000.0,1.41030005021
8740000.0,1.4279734528
8745000.0,1.43166129299
8750000.0,1.43388093419
8760000.0,1.43414000558
8775000.0,1.42363870717
8780000.0,1.41667047937
8800000.0,1.37783750716
8820000.0,1.33087432495
8825000.0,1.31937609714
8840000.0,1.28551210674
8850000.0,1.26356618313
8860000.0,1.24209013952
8875000.0,1.20932614912
8880000.0,1.19880628231
8900000.0,1.1581769141
8920000.0,1.13511743589
8925000.0,1.13643756909
8940000.0,1.14368877668
8950000.0,1.15038286507
8960000.0,1.18012684246
8975000.0,1.18766805006
8980000.0,1.19101385025
8987000.0,1.19853785253
9000000.0,1.22305686104
9020000.0,1.25690782683
9025000.0,1.27453563803
9040000.0,1.33979556662
9050000.0,1.36826555501
9060000.0,1.33665554341
9075000.0,1.289195462
9080000.0,1.27149743319
9100000.0,1.24422545798
9120000.0,1.21282338277
9125000.0,1.20485535397
9136000.0,1.1877535144
9140000.0,1.18185927756
9150000.0,1.16800859995
9160000.0,1.15438780235
9175000.0,1.13489172594
9180000.0,1.12879547213
9200000.0,1.10811013892
9225000.0,1.09596843191
9248000.0,1.09073351181
9250000.0,1.09051487989
9275000.0,1.09169121788
9300000.0,1.10220965986
9325000.0,1.13105799085
9350000.0,1.16527601283
9375000.0,1.19307382482
9400000.0,1.2112215958
9425000.0,1.19759935679
9431000.0,1.19613605902
9431376.0,1.19617656642
9431377.0,1.19617664442
9431400.0,1.19617473944
9431500.0,1.19618241872
9450000.0,1.19791482271
9470000.0,1.19947085299
9475000.0,1.19984986031
9500000.0,1.20165717754
9508000.0,1.20214011746
9525000.0,1.20305517173
9550000.0,1.20432910971
9575000.0,1.2058429477
9600000.0,1.20783858268
9625000.0,1.21937400567
9650000.0,1.23471529566
9675000.0,1.25239638464
9676000.0,1.25317771468
9700000.0,1.27322754663
9720000.0,1.28828233741
9725000.0,1.29143858761
9740000.0,1.3005779582
9750000.0,1.3060474676
9760000.0,1.31147696699
9775000.0,1.31837623658
9780000.0,1.32032754078
9800000.0,1.32259277957
9825000.0,1.31488912155
9850000.0,1.30487507554
9875000.0,1.29307091852
9900000.0,1.28148900951
9925000.0,1.27521698049
9950000.0,1.28135414148
9975000.0,1.29789109246
10000000.0,1.31479090045
10050000.0,1.35053860042
10100000.0,1.38649117039
10122000.0,1.40025822525
10150000.0,1.41390361936
10189000.0,1.42732297689
10189450.0,1.42736860636
10189460.0,1.42736959237
10189990.0,1.42742148662
10190010.0,1.42749485046
10200000.0,1.42982131383
10202000.0,1.43015693979
10244520.0,1.42495435573
10244530.0,1.42495313214
10244990.0,1.42489687043
10245010.0,1.42476332431
10247000.0,1.42429137775
10250000.0,1.42330502757
10300000.0,1.39871016844
10350000.0,1.3628851894
10372000.0,1.34208189522
10372190.0,1.3419155368
10372200.0,1.34190665252
10400000.0,1.31755333784
10450000.0,1.2923013685
10464990.0,1.28631225536
10465010.0,1.2863146919
10468000.0,1.28526354457
10500000.0,1.27504764843
10526000.0,1.26774625942
10527510.0,1.26729426586
10527990.0,1.26715065147
10528010.0,1.26715408787
10550000.0,1.25919382959
10560000.0,1.25393937302
10560240.0,1.2537933224
10560250.0,1.25378762479
10563000.0,1.25222481725
10600000.0,1.22732697138
10650000.0,1.21134089251
10667000.0,1.20970932379
10667080.0,1.20970811829
10667090.0,1.20970795748
10669000.0,1.20967439024
10680000.0,1.21052066619
10690000.0,1.21481456141
10700000.0,1.22531856664
10710000.0,1.22731245986
10720000.0,1.20098645509
10730000.0,1.14451026931
10740000.0,1.16931426454
10750000.0,1.19296816977
10760000.0,1.21228322099
10770000.0,1.22984828322
10780000.0,1.24527334444
10790000.0,1.25868840667
10800000.0,1.27168355889
10810000.0,1.28455851112
10820000.0,1.29715357334
10830000.0,1.30892863357
10840000.0,1.31629369679
10850000.0,1.31963874802
10860000.0,1.31983777324
10870000.0,1.31776667647
10880000.0,1.31732580069
10890000.0,1.31953482392
10900000.0,1.32333385015
10910000.0,1.32810274337
10920000.0,1.3337517686
10930000.0,1.34710089082
10940000.0,1.37766979605
10950000.0,1.41911881927
10960000.0,1.4657619865
10970000.0,1.49556525272
10980000.0,1.49947853095
10990000.0,1.50300179718
11000000.0,1.5090349644
11007000.0,1.51761423662
11008990.0,1.52031189102
11009010.0,1.52062981305
11050000.0,1.57995531837
11100000.0,1.65632970822
11150000.0,1.70920397906
11200000.0,1.70472789833
11220000.0,1.6943574158
11250000.0,1.6774518166
11300000.0,1.6498728666
11350000.0,1.6315637946
11400000.0,1.6285266267
11450000.0,1.6664392187
11500000.0,1.705366338
11520000.0,1.7187570315
11540000.0,1.729717845
11550000.0,1.7342832472
11600000.0,1.7449798006
11643000.0,1.7354010009
11647970.0,1.7333601237
11647980.0,1.7333563635
11647990.0,1.7333536023
11648010.0,1.7332458609
11650000.0,1.732485821
11700000.0,1.71183122119
11750000.0,1.69927639037
11778720.0,1.73500028698
11778730.0,1.73501427195
11778990.0,1.7353621663
11779010.0,1.73567813725
11796000.0,1.73984302888
11796990.0,1.73953829941
11797010.0,1.73963215936
11800000.0,1.73881193991
11850000.0,1.70512331821
11900000.0,1.6733701754
11950000.0,1.6655169016
11970000.0,1.6684239895
12000000.0,1.648734526
12050000.0,1.59510865
12100000.0,1.543398353
12110000.0,1.53338511
12150000.0,1.496212994
12161000.0,1.486766004
12200000.0,1.475960019
12246670.0,1.492862991
12247000.0,1.492979994
12248000.0,1.493335047
12250000.0,1.494041984
12300000.0,1.511633043
12331720.0,1.519751978
12332000.0,1.519802895
12333000.0,1.519981885
12350000.0,1.522513961
12363000.0,1.523949984
12370000.0,1.524580949
12400000.0,1.527147041
12450000.0,1.53203601
12500000.0,1.537102991
12550000.0,1.54135696
12580000.0,1.542527051
12600000.0,1.542188075
12620000.0,1.540772098
12650000.0,1.537924978
12700000.0,1.536754017
12750000.0,1.556793965
12800000.0,1.599247012
12809000.0,1.607248872
12809040.0,1.607284807
12813000.0,1.610800912
12850000.0,1.641606828
12892350.0,1.659763923
12892400.0,1.659758643
12900000.0,1.65896197152
12950000.0,1.62954602268
13000000.0,1.58362701885
13050000.0,1.55702807591
13100000.0,1.56192214778
13150000.0,1.57638897064
13200000.0,1.57931406351
13224700.0,1.5763669904
13225000.0,1.57633801395
13227000.0,1.57614302658
13250000.0,1.57404793538
13300000.0,1.57133213881
13318000.0,1.57302498188
13320000.0,1.5733250268
13320380.0,1.5733869242
13350000.0,1.5783259812
13400000.0,1.5870700547
13450000.0,1.5984719671
13500000.0,1.6097719976
13550000.0,1.6127300388
13600000.0,1.615405061
13602000.0,1.6153931108
13603000.0,1.6154060852
13603160.0,1.615408047
13610000.0,1.615575051
13620000.0,1.6164389711
13630000.0,1.6182080911
13640000.0,1.6208909112
13650000.0,1.6237750312
13660000.0,1.6267219417
13670000.0,1.6296699423
13674350.0,1.6309379311
13674380.0,1.6309465358
13680000.0,1.6325609453
13690000.0,1.6353979077
13700000.0,1.6381840722
13710000.0,1.6409100546
13720000.0,1.643563978
13730000.0,1.6461314805
13740000.0,1.6468203739
13750000.0,1.6420802963
13760000.0,1.6349243998
13770000.0,1.6306949632
13780000.0,1.6324416766
13785000.0,1.6346757084
13786650.0,1.6355569628
13787000.0,1.6357441723
13790000.0,1.6373477701
13800000.0,1.6426088735
13810000.0,1.645416827
13820000.0,1.6434639404
13830000.0,1.6397161338
13840000.0,1.6357302173
13850000.0,1.6321313007
13860000.0,1.6292121478
13870000.0,1.6263499839
13880000.0,1.623499041
13890000.0,1.620666967
13900000.0,1.6178591451
13950000.0,1.6041659276
13979000.0,1.596535011
14000000.0,1.59215498
14050000.0,1.588676005
14100000.0,1.593098039
14150000.0,1.599415032
14200000.0,1.605997971
14250000.0,1.612805951
14298000.0,1.619377026
14300000.0,1.619655103
14350000.0,1.626958004
14400000.0,1.635031069
14450000.0,1.645341973
14500000.0,1.658451957
14550000.0,1.672914866
14600000.0,1.687928991
14617000.0,1.693176896
14650000.0,1.703449994
14700000.0,1.7188171
14750000.0,1.732885683
14800000.0,1.746326721
14850000.0,1.759954626
14900000.0,1.761893512
14936000.0,1.763395687
14950000.0,1.763968275
15000000.0,1.765940588
15020000.0,1.764020516
15040000.0,1.75702853501
15050000.0,1.75229099901
15100000.0,1.72116472104
15150000.0,1.68465902108
15200000.0,1.64837109511
15250000.0,1.62125300815
15255000.0,1.61914403915
15300000.0,1.6041621432
15347170.0,1.58826901624
15350000.0,1.58732304625
15392070.0,1.58063700929
15392080.0,1.58063775629
15400000.0,1.58126206292
15450000.0,1.5905550229
15500000.0,1.60117399386
15550000.0,1.61021091342
15574000.0,1.61452490308
15600000.0,1.61896415997
15650000.0,1.62461307552
15700000.0,1.62628010837
15750000.0,1.62439598922
15800000.0,1.61738111406
15850000.0,1.60666098691
15893000.0,1.59663792289
15900000.0,1.59483198703
15950000.0,1.57312902616
16000000.0,1.55246303128
16100000.0,1.54719200479
16130000.0,1.54987190514
16161000.0,1.55317198301
16200000.0,1.55911102897
16205000.0,1.56007106152
16212000.0,1.56151001063
16300000.0,1.58176691075
16400000.0,1.58816396172
16410000.0,1.58730604684
16500000.0,1.56895193904
16531000.0,1.55854600115
16600000.0,1.54325692522
16615000.0,1.54107192818
16651600.0,1.53814397565
16700000.0,1.53966097152
16800000.0,1.55484201906
16820000.0,1.55869695598
16850000.0,1.56527190584
16900000.0,1.5783960056
17000000.0,1.60678861529
17025000.0,1.61489946085
17100000.0,1.63988663588
17168000.0,1.65385199116
17169000.0,1.65402002713
17200000.0,1.65865097889
17230000.0,1.66132527122
17250190.0,1.66236181307
17250200.0,1.66236211225
17300000.0,1.66303193541
17400000.0,1.65942217411
17435000.0,1.65689410582
17487000.0,1.65291730751
17488000.0,1.65283924153
17500000.0,1.65187365069
17600000.0,1.64448172803
17640000.0,1.6422510494
17700000.0,1.63974010104
17800000.0,1.63609109763
17806000.0,1.63585175465
17807000.0,1.63580805907
17845000.0,1.63371443602
17850000.0,1.63338689995
17850720.0,1.63334050351
17850730.0,1.63334020957
17900000.0,1.62959189128
18000000.0,1.62044738171
18050000.0,1.61290415519
18100000.0,1.60561845352
18125000.0,1.60271668854
18133810.0,1.60179047174
18133820.0,1.60178899952
18200000.0,1.59545458268
18255000.0,1.59145999104
18289020.0,1.58939462615
18289030.0,1.58939425816
18300000.0,1.58885158774
18400000.0,1.58760032155
18444000.0,1.589647996
18460000.0,1.5909901342
18500000.0,1.59511756
18571790.0,1.6047458706
18571800.0,1.604748139
18600000.0,1.6098187341
18665000.0,1.6277060938
18700000.0,1.6355628846
18763000.0,1.6494626497
18800000.0,1.6577445264
18870000.0,1.6731942525
18900000.0,1.6797240761
19000000.0,1.69074590874
19075000.0,1.6867182277
19082000.0,1.68609256829
19100000.0,1.68442243692
19200000.0,1.6746954581
19280000.0,1.6668912347
19300000.0,1.6649166346
19364520.0,1.6566921312
19364530.0,1.6566902902
19400000.0,1.6512565524
19401000.0,1.6510820693
19485000.0,1.6390676515
19500000.0,1.637625058
19589140.0,1.6341422661
19589150.0,1.6341427698
19600000.0,1.6341152259
19639430.0,1.6341049471
19639440.0,1.6341050458
19690000.0,1.634298012
19700000.0,1.6343909785
19720000.0,1.6346100275
19800000.0,1.635514953
19895000.0,1.6371840297
19900000.0,1.6372770859
20000000.0,1.639900057
20100000.0,1.6489897772
20148210.0,1.6564727732
20148220.0,1.6564752057
20256210.0,1.6775797939
20256220.0,1.6775822274
20259720.0,1.6783039731
20259730.0,1.6783053756
20334240.0,1.6917943955
20334250.0,1.691795928
20350000.0,1.6940117295
20420000.0,1.6999322375
20500000.0,1.7022301564
20617120.0,1.7049830511
20617130.0,1.7049828787
20650000.0,1.7056547296
20819960.0,1.6997020623
20819970.0,1.69970172
20902980.0,1.6967163345
20902990.0,1.6967159941
20950000.0,1.6950488702
20976330.0,1.6941285229
20976340.0,1.6941279636
20994510.0,1.6935004433
20994520.0,1.6934998771
21000000.0,1.693313828
21081570.0,1.6906177986
21081580.0,1.6906171885
21232530.0,1.6862887473
21232540.0,1.6862881782
21250000.0,1.6858599704
21442380.0,1.6812986297
21442390.0,1.6812985008
21500000.0,1.6799549744
21550000.0,1.6787973505
21594180.0,1.6777784804
21594190.0,1.6777786317
21636170.0,1.6768124462
21636180.0,1.6768126734
21725050.0,1.6747824155
21725060.0,1.6747825327
21850000.0,1.6719491633
21895030.0,1.6709309139
21895040.0,1.6709308202
21986770.0,1.6688635027
21986780.0,1.668863408
22000000.0,1.668566194
22043960.0,1.66797575252
22043970.0,1.66797602092
22150000.0,1.66655078927
22161430.0,1.66639661726
22223000.0,1.66556864605
22244780.0,1.66527547511
22244790.0,1.66527511992
22450000.0,1.6624821996
22500000.0,1.66179316667
22750000.0,1.6582733751
22864440.0,1.65661149943
22864450.0,1.65661168644
23000000.0,1.65459101608
23043000.0,1.65393801903
23050000.0,1.65383103239
23217370.0,1.65129420389
23350000.0,1.64928399674
23500000.0,1.64703390778
23650000.0,1.64479901706
23743480.0,1.64341306077
23743490.0,1.64341289251
23873070.0,1.64150483846
23943550.0,1.6404669218
23950000.0,1.64037194108
24000000.0,1.63963900865
24250000.0,1.63599799639
24386310.0,1.63403022485
24408830.0,1.63370513312
24408860.0,1.63370460108
24500000.0,1.63239433114
24550000.0,1.63167586775
24577110.0,1.63128790145
24577140.0,1.63128777863
24850000.0,1.6282495713
25000000.0,1.62866726199
25150000.0,1.62908876261
25450000.0,1.62994316732
25500000.0,1.63008704264
25750000.0,1.63081027419
26000000.0,1.63154092081
26050000.0,1.63044870753
26350000.0,1.6239172186
26500000.0,1.62066869954
26650000.0,1.61743355815
26950000.0,1.61099117548
27000000.0,1.60992220583
27250000.0,1.604592367
27500000.0,1.5992910983
27550000.0,1.59823381712
27850000.0,1.59191416755
28000000.0,1.58876783363
28150000.0,1.58563184779
28450000.0,1.57938310808
28500000.0,1.57834558148
28750000.0,1.57367354793
29000000.0,1.56986938616
29050000.0,1.56955910536
29350000.0,1.56817963775
29500000.0,1.5677363214
29650000.0,1.56740841257
29950000.0,1.56695678521
30000000.0,1.5668953182
30000010.0,1.042747
30707920.0,1.5597009
31000000.0,1.5555183
31422290.0,1.5484968
32000000.0,1.5375398
33000000.0,1.5167965
33262990.0,1.5112933
34000000.0,1.4964486
34148200.0,1.4936273
34388770.0,1.4892022
35000000.0,1.479
35535070.0,1.4709046
36000000.0,1.4637661
37000000.0,1.448226
38000000.0,1.432627
39000000.0,1.417167
39129600.0,1.415182
40000000.0,1.402
41000000.0,1.38602
42000000.0,1.368374
43000000.0,1.349526
44000000.0,1.329878
45000000.0,1.309773
46000000.0,1.289501
47000000.0,1.269306
48000000.0,1.249387
49000000.0,1.229908
50000000.0,1.211
51000000.0,1.192828
52000000.0,1.17539
53000000.0,1.158557
54000000.0,1.142221
55000000.0,1.126283
56000000.0,1.11066
57000000.0,1.095278
58000000.0,1.080077
59000000.0,1.064999
60000000.0,1.05
61000000.0,1.035045
62000000.0,1.020182
63000000.0,1.005488
64000000.0,0.991029
65000000.0,0.9768639
66000000.0,0.9630435
67000000.0,0.9496116
68000000.0,0.9366061
69000000.0,0.9240597
70000000.0,0.912
71000000.0,0.9003224
72000000.0,0.8889071
73000000.0,0.8777554
74000000.0,0.8668679
75000000.0,0.8562439
76000000.0,0.8458819
77000000.0,0.8357796
78000000.0,0.8259341
79000000.0,0.8163422
80000000.0,0.807
81000000.0,0.798146
82000000.0,0.7898514
83000000.0,0.7818848
84000000.0,0.7740417
85000000.0,0.7661416
86000000.0,0.7580266
87000000.0,0.7495597
88000000.0,0.7406256
89000000.0,0.7311299
90000000.0,0.721
91000000.0,0.7108126
92000000.0,0.7011472
93000000.0,0.6919537
94000000.0,0.6831843
95000000.0,0.6747929
96000000.0,0.6667353
97000000.0,0.6589685
98000000.0,0.6514504
99000000.0,0.6441406
100000000.0,0.637
102000000.0,0.6231276
104000000.0,0.6099201
106000000.0,0.5975369
108000000.0,0.5860912
110000000.0,0.57566
112000000.0,0.5660764
114000000.0,0.5570828
116000000.0,0.5486088
118000000.0,0.5405971
120000000.0,0.533
122000000.0,0.5257729
124000000.0,0.5188816
126000000.0,0.5123027
128000000.0,0.5060153
130000000.0,0.5
132000000.0,0.4940935
134000000.0,0.488188
136000000.0,0.4823405
138000000.0,0.4765984
140000000.0,0.471
142000000.0,0.4654138
144000000.0,0.4597469
146000000.0,0.4540798
148000000.0,0.4484792
150000000.0,0.443
