Ru,106
E_eV,Sig_b
1e-05,26.112821
1.03125e-05,25.721929
1.0625e-05,25.348531
1.09375e-05,24.991369
1.125e-05,24.649288
1.15625e-05,24.321267
1.1875e-05,24.00639
1.21875e-05,23.703785
1.25e-05,23.412692
1.28125e-05,23.132399
1.3125e-05,22.862253
1.34375e-05,22.601673
1.375e-05,22.350104
1.4375e-05,21.872015
1.5e-05,21.424393
1.5625e-05,21.004168
1.625e-05,20.608653
1.6875e-05,20.235556
1.75e-05,19.882841
1.8125e-05,19.548722
1.875e-05,19.231653
1.9375e-05,18.930236
2e-05,18.643221
2.09375e-05,18.237365
2.1875e-05,17.858213
2.28125e-05,17.503009
2.375e-05,17.169343
2.46875e-05,16.855152
2.5625e-05,16.558632
2.65625e-05,16.278202
2.75e-05,16.012465
2.84375e-05,15.760213
2.9375e-05,15.520353
3.03125e-05,15.291908
3.125e-05,15.074013
3.21875e-05,14.865893
3.3125e-05,14.666849
3.40625e-05,14.476241
3.5e-05,14.293515
3.59375e-05,14.118133
3.6875e-05,13.949639
3.78125e-05,13.78759
3.875e-05,13.631592
3.96875e-05,13.481288
4.0625e-05,13.336343
4.25e-05,13.061337
4.4375e-05,12.804397
4.625e-05,12.563663
4.8125e-05,12.33753
5e-05,12.124608
5.15625e-05,11.956384
5.3125e-05,11.795868
5.46875e-05,11.6425
5.625e-05,11.495777
5.78125e-05,11.355242
5.9375e-05,11.220483
6.09375e-05,11.091124
6.25e-05,10.966823
6.40625e-05,10.847265
6.5625e-05,10.732165
6.71875e-05,10.62126
6.875e-05,10.514305
7.1875e-05,10.311381
7.5e-05,10.121802
7.8125e-05,9.944206
8.125e-05,9.777416
8.4375e-05,9.62041
8.75e-05,9.472298
9.0625e-05,9.332292
9.375e-05,9.199706
9.6875e-05,9.073926
0.0001,8.95441
0.000103125,8.840669
0.00010625,8.732273
0.000109375,8.628829
0.0001125,8.529985
0.000115625,8.435423
0.00011875,8.344854
0.000121875,8.258017
0.000125,8.174671
0.000128125,8.094598
0.00013125,8.017599
0.000134375,7.94349
0.0001375,7.872103
0.00014375,7.736884
0.00015,7.610836
0.00015625,7.493011
0.0001625,7.382591
0.00016875,7.278869
0.000175,7.181222
0.00018125,7.08911
0.0001875,7.002052
0.00019375,6.919627
0.0002,6.841458
0.000209375,6.731461
0.00021875,6.629307
0.000228125,6.534154
0.0002375,6.445278
0.000246875,6.362055
0.00025625,6.283943
0.000265625,6.210468
0.000275,6.141215
0.000284375,6.075818
0.00029375,6.013952
0.000303125,5.955329
0.0003125,5.899691
0.000321875,5.84681
0.00033125,5.796479
0.000340625,5.748511
0.00035,5.702738
0.000359375,5.659009
0.00036875,5.617186
0.000378125,5.577141
0.0003875,5.538761
0.000396875,5.50194
0.00040625,5.466583
0.000425,5.399913
0.00044375,5.338125
0.0004625,5.280685
0.00048125,5.227137
0.0005,5.177085
0.000515625,5.137799
0.00053125,5.100528
0.000546875,5.0651174
0.0005625,5.031425
0.000578125,4.9993246
0.00059375,4.9687037
0.000609375,4.9394571
0.000625,4.9114926
0.000640625,4.8847237
0.00065625,4.8590724
0.000671875,4.8344677
0.0006875,4.8108456
0.00071875,4.7663115
0.00075,4.7250462
0.00078125,4.6866885
0.0008125,4.6509311
0.00084375,4.6175066
0.000875,4.5861855
0.00090625,4.5567662
0.0009375,4.5290744
0.00096875,4.5029543
0.001,4.4782699
0.00103125,4.4549008
0.0010625,4.4327402
0.00109375,4.411691
0.001125,4.3916681
0.00115625,4.3725951
0.0011875,4.3544014
0.00121875,4.337025
0.00125,4.3204097
0.00128125,4.3045035
0.0013125,4.2892589
0.00134375,4.274633
0.001375,4.2605882
0.0014375,4.2340993
0.0015,4.2095381
0.0015625,4.1866907
0.001625,4.1653731
0.0016875,4.1454294
0.00175,4.1267229
0.0018125,4.1091349
0.001875,4.0925629
0.0019375,4.0769151
0.002,4.0621124
0.00209375,4.0413396
0.0021875,4.0221031
0.00228125,4.0042296
0.002375,3.9875697
0.00246875,3.9719954
0.0025625,3.9573991
0.00265625,3.9436849
0.00275,3.9307701
0.00284375,3.9185826
0.0029375,3.9070584
0.00303125,3.8961408
0.003125,3.8857811
0.00321875,3.875933
0.0033125,3.8665585
0.00340625,3.8576216
0.0035,3.8490899
0.00359375,3.8409356
0.0036875,3.8331311
0.00378125,3.8256531
0.003875,3.8184803
0.00396875,3.8115934
0.0040625,3.8049738
0.00425,3.7924734
0.0044375,3.7808628
0.004625,3.7700447
0.0048125,3.7599351
0.005,3.750461
0.00515625,3.7430063
0.0053125,3.7359176
0.00546875,3.7291677
0.005625,3.7227303
0.00578125,3.7165831
0.0059375,3.7107044
0.00609375,3.7050763
0.00625,3.699683
0.00640625,3.6945074
0.0065625,3.6895354
0.00671875,3.6847562
0.006875,3.6801561
0.0071875,3.6714534
0.0075,3.6633516
0.0078125,3.6557863
0.008125,3.6487017
0.0084375,3.6420501
0.00875,3.6357899
0.0090625,3.6298844
0.009375,3.6243026
0.0096875,3.6190169
0.01,3.6140015
0.0103125,3.6092354
0.010625,3.604699
0.0109375,3.600374
0.01125,3.596246
0.0115625,3.5922999
0.011875,3.5885233
0.0121875,3.5849034
0.0125,3.5814314
0.0128125,3.5780978
0.013125,3.5748929
0.0134375,3.5718081
0.01375,3.5688376
0.014375,3.5632117
0.015,3.5579666
0.015625,3.5530625
0.01625,3.5484634
0.016875,3.5441395
0.0175,3.5400657
0.018125,3.5362188
0.01875,3.5325789
0.019375,3.5291274
0.02,3.5258503
0.0206625,3.5225497
0.021325,3.5194149
0.0219875,3.5164313
0.02265,3.5135874
0.0233125,3.5108737
0.023975,3.5082802
0.0246375,3.5057988
0.0253,3.5034206
0.02645782,3.4994932
0.02761563,3.4958303
0.02877344,3.4924041
0.02993125,3.4891896
0.03108907,3.4861661
0.03224688,3.4833157
0.03340469,3.4806225
0.0345625,3.4780727
0.03552735,3.4760491
0.03649219,3.4741096
0.03745704,3.4722496
0.03842188,3.4704632
0.03938673,3.4687468
0.04035157,3.467094
0.04131641,3.4655027
0.04228125,3.4639692
0.04421094,3.4610601
0.04614063,3.4583441
0.04807032,3.4558012
0.05,3.4534135
0.0515625,3.4515834
0.053125,3.4498378
0.0546875,3.44817168
0.05625,3.44657746
0.0578125,3.44505201
0.059375,3.44358862
0.0609375,3.44218588
0.0625,3.4408367
0.0640625,3.43954024
0.065625,3.43829286
0.0671875,3.43709012
0.06875,3.43593075
0.071875,3.43372988
0.075,3.43167346
0.078125,3.42974505
0.08125,3.42793314
0.084375,3.42622561
0.0875,3.42461442
0.090625,3.42308945
0.09375,3.42164438
0.096875,3.42027263
0.1,3.41896719
0.103125,3.41772362
0.10625,3.41653692
0.109375,3.4154035
0.1125,3.41431913
0.115625,3.41327987
0.11875,3.4122831
0.121875,3.41132643
0.125,3.41040769
0.128125,3.40952294
0.13125,3.40867136
0.134375,3.40785122
0.1375,3.40705986
0.14375,3.40555733
0.15,3.40415096
0.15625,3.40283217
0.1625,3.40159081
0.16875,3.40042245
0.175,3.39931837
0.18125,3.39827255
0.1875,3.39728167
0.19375,3.3963409
0.2,3.39544561
0.209375,3.39418042
0.21875,3.39299786
0.228125,3.39189144
0.2375,3.39085166
0.246875,3.38987368
0.25625,3.38895037
0.265625,3.3880782
0.275,3.3872512
0.284375,3.38646687
0.29375,3.38572109
0.303125,3.38501009
0.3125,3.38433239
0.321875,3.38368578
0.33125,3.38306623
0.340625,3.38247396
0.35,3.38190531
0.359375,3.38135981
0.36875,3.38083611
0.378125,3.38033202
0.3875,3.37984652
0.396875,3.37937876
0.40625,3.37892874
0.425,3.37807308
0.44375,3.37727293
0.4625,3.37652559
0.5,3.37515665
0.53125,3.37412623
0.5625,3.37318559
0.59375,3.37232118
0.625,3.37152845
0.6875,3.37010653
0.75,3.36886282
0.8125,3.36776704
0.875,3.36679349
0.9375,3.36591958
1.0,3.36513109
1.0625,3.364413
1.125,3.36375665
1.1875,3.3631532
1.25,3.36259894
1.375,3.36160491
1.5,3.36073548
1.625,3.35997061
1.75,3.35928915
1.875,3.35867827
2.0,3.3581263
2.1875,3.35739011
2.375,3.35674282
2.5625,3.35616745
2.75,3.35565269
2.9375,3.35518901
3.125,3.35476791
3.3125,3.35438345
3.5,3.3540308
3.875,3.35340442
4.25,3.35286237
4.625,3.3523876
5.0,3.35196826
5.3125,3.35165277
5.625,3.351364745
5.9375,3.351099459
6.25,3.350854582
6.875,3.350417585
7.5,3.350035229
8.125,3.34969833
8.75,3.349397792
9.375,3.349128443
10.0,3.348884485
10.625,3.348663124
11.25,3.348460314
11.875,3.348273581
12.5,3.34810116
13.75,3.347792628
15.0,3.347523854
16.25,3.347286503
17.5,3.347074853
18.75,3.346884544
20.0,3.34671329
21.875,3.346483781
23.75,3.34628267
25.625,3.346103954
27.5,3.345943744
29.375,3.345799038
31.25,3.345667472
33.125,3.345547157
35.0,3.345437669
38.75,3.345240949
42.5,3.345071502
46.25,3.344923988
50.0,3.344792386
53.125,3.344694285
56.25,3.3446035
59.375,3.3445209
62.5,3.344443632
68.75,3.344306957
75.0,3.344186689
81.25,3.344081465
87.5,3.34398773
93.75,3.343902533
100.0,3.34382636
106.25,3.343757013
112.5,3.343693528
118.75,3.343634124
125.0,3.343580185
137.5,3.343483537
150.0,3.343399208
162.5,3.343323808
175.0,3.343257531
187.5,3.343197998
200.0,3.343144149
218.75,3.343072199
237.5,3.343008937
256.25,3.342952753
275.0,3.342901418
293.75,3.342855983
312.5,3.342814702
331.25,3.342776977
350.0,3.342742338
387.5,3.342680752
425.0,3.342627497
462.5,3.342580859
481.25,3.342560191
490.625,3.34254987
495.3125,3.34254471
497.6562,3.342550022
497.9492,3.342668528
498.0957,3.342993202
498.169,3.343368782
498.2422,3.344022793
498.3155,3.345139754
498.3887,3.347003405
498.4254,3.348345575
498.462,3.35004754
498.4986,3.352197689
498.5352,3.354900016
498.5719,3.358286979
498.6085,3.362485315
498.6451,3.367671729
498.6817,3.374045188
498.7183,3.381834202
498.7549,3.391297131
498.7915,3.402732464
498.8281,3.416474061
498.8648,3.43294402
498.9014,3.45246509
498.938,3.47553381
498.9746,3.50264251
499.0113,3.53441577
499.0479,3.57124429
499.0845,3.61380458
499.1211,3.6627156
499.1944,3.78231872
499.231,3.85413328
499.2676,3.93484261
499.3042,4.02504426
499.3408,4.12529498
499.3774,4.236097
499.414,4.3578785
499.4507,4.4913646
499.4873,4.6360754
499.5239,4.7924898
499.5605,4.9606178
499.5972,5.1408386
499.6338,5.3319039
499.707,5.7461844
499.7803,6.1995009
499.8535,6.6832957
499.9267,7.1889385
499.9999,7.7058067
500.0001,12.066562
550.0001,11.6957987
600.0,11.3676399
660.0,11.0324859
720.0,10.7354137
800.0,10.3983786
850.0,10.2174112
900.0,10.0497545
1000.0,9.7480783
1062.5,9.5895257
1125.0,9.4424705
1250.0,9.1774598
1375.0,8.959579
1500.0,8.7653586
1600.0,8.6319939
1700.0,8.5086572
1850.0,8.3493358
2000.0,8.2052637
2125.0,8.1042908
2250.0,8.0103507
2500.0,7.8403345
2750.0,7.7048625
3000.0,7.5835868
3250.0,7.4842603
3500.0,7.3937673
3750.0,7.3182259
4000.0,7.24853
4250.0,7.191908
4500.0,7.1391783
4750.0,7.0898744
5000.0,7.043603
5250.0,7.0071982
5500.0,6.9728503
6000.0,6.9095314
6500.0,6.8618353
7000.0,6.8184798
7500.0,6.785666
8000.0,6.7555188
8500.0,6.7349891
9000.0,6.7160319
9500.0,6.6984405
10000.0,6.6820489
10625.0,6.6720169
11250.0,6.6628656
11875.0,6.654474
12500.0,6.6467428
13125.0,6.6460234
13750.0,6.6455231
14375.0,6.6452081
15000.0,6.6450521
16000.0,6.6513125
17000.0,6.657526
17750.0,6.6658555
18500.0,6.6739975
20000.0,6.6897382
21250.0,6.708989
22500.0,6.7274496
23750.0,6.7451809
25000.0,6.7622386
26250.0,6.7839263
27500.0,6.8048278
28750.0,6.8250012
30000.0,6.84449548
32500.0,6.88809622
35000.0,6.92903547
37500.0,6.97195453
40000.0,7.01255488
42500.0,7.05502521
45000.0,7.09545861
47500.0,7.13405279
50000.0,7.1709773
52500.0,7.20922022
55000.0,7.24594795
60000.0,7.31533433
65000.0,7.38247276
70000.0,7.44533264
75000.0,7.50530388
80000.0,7.56192895
84999.98,7.6151566
89999.95,7.66573484
99999.9,7.75997622
100000.1,7.75286509
112500.1,7.76046803
125000.1,7.7673125
137500.1,7.77353778
150000.0,7.77925
200000.0,7.7474099
250000.0,7.6851468
272874.0,7.6507966
272874.5,7.65079215
273722.2,7.649091771
274569.9,7.64741694
276265.2,7.6441404
277960.6,7.64095811
279655.9,7.63786715
283046.6,7.63194789
286437.3,7.62635882
289828.0,7.62107967
293218.7,7.61609041
296609.4,7.6113732
300000.0,7.6069117
312500.0,7.57447328
325000.0,7.54397148
337500.0,7.51523078
350000.0,7.48809576
362500.0,7.46242957
375000.0,7.43811052
387500.0,7.41503276
400000.0,7.39309796
425000.0,7.35232613
450000.0,7.31520541
475000.0,7.28125622
500000.0,7.2500795
550000.0,7.14791489
600000.0,7.05675097
700000.0,6.9000651
720800.0,6.8651372
723275.0,6.8607830035
725750.0,6.85644822
730700.0,6.847836425
735650.0,6.839300776
740600.0,6.830839498
750500.0,6.81413762
760400.0,6.79772246
770300.0,6.78158394
780200.0,6.76571607
800000.0,6.7347559
800250.0,6.7343605
803367.2,6.728877312
806484.4,6.72343304
812718.8,6.71265484
818953.2,6.70202387
825187.5,6.69153689
837656.3,6.67098399
850125.0,6.65097293
862593.8,6.63148336
875062.5,6.61249663
900000.0,6.5759538
925000.0,6.53534836
950000.0,6.49646823
975000.0,6.45919989
1000000.0,6.4234418
1000440.0,6.4227781
1003627.0,6.417692991
1006813.0,6.412637258
1013185.0,6.402610628
1019558.0,6.39269356
1025930.0,6.38288681
1038675.0,6.36359132
1051420.0,6.34471215
1064165.0,6.32623543
1076910.0,6.30814769
1102400.0,6.2730932
1102401.0,6.27309158
1104708.0,6.2694940301
1107014.0,6.265910352
1111626.0,6.258781213
1120851.0,6.244671278
1130076.0,6.230756599
1139300.0,6.21703627
1157750.0,6.19015035
1176200.0,6.16398549
1194650.0,6.13851158
1213100.0,6.11370135
1231550.0,6.08952844
1250000.0,6.065968
1265625.0,6.04209425
1281250.0,6.0187397
1312500.0,5.97352324
1343750.0,5.93019208
1375000.0,5.88863156
1406250.0,5.84873494
1437500.0,5.8104044
1468750.0,5.77354989
1500000.0,5.7380879
1531250.0,5.6951936
1562500.0,5.65392604
1625000.0,5.57592685
1687500.0,5.50345133
1750000.0,5.4359469
1812500.0,5.35939267
1875000.0,5.28797024
1937500.0,5.22120427
2000000.0,5.1586715
2015625.0,5.13884383
2031250.0,5.11933252
2046875.0,5.10013135
2062500.0,5.08123169
2078125.0,5.06262889
2093750.0,5.04431444
2109375.0,5.02628319
2125000.0,5.00852845
2140625.0,4.99104438
2156250.0,4.97382476
2171875.0,4.95686388
2187500.0,4.94015714
2203125.0,4.92369912
2218750.0,4.9074832
2234375.0,4.89150561
2250000.0,4.8757608
2265625.0,4.86024452
2281250.0,4.84495173
2296875.0,4.82987886
2312500.0,4.8150194
2328125.0,4.80037057
2343750.0,4.78592778
2359375.0,4.77168672
2375000.0,4.75764373
2390625.0,4.7437955
2406250.0,4.73013726
2421875.0,4.71666545
2437500.0,4.70337825
2453125.0,4.6902692
2468750.0,4.67733643
2484375.0,4.66457865
2500000.0,4.65198899
2515625.0,4.63956498
2531250.0,4.62730613
2546875.0,4.61520659
2562500.0,4.60326511
2578125.0,4.59147902
2593750.0,4.57984372
2609375.0,4.56835867
2625000.0,4.55701947
2640625.0,4.54582359
2656250.0,4.53476952
2671875.0,4.52385463
2687500.0,4.51307564
2703125.0,4.502432
2718750.0,4.49191824
2734375.0,4.48153584
2750000.0,4.47127949
2765625.0,4.46114758
2781250.0,4.451139729
2796875.0,4.441253629
2812500.0,4.43148577
2828125.0,4.421834677
2843750.0,4.412298057
2859375.0,4.402875386
2875000.0,4.39356332
2890625.0,4.384361624
2906250.0,4.375266736
2921875.0,4.36627827
2937500.0,4.357394035
2953125.0,4.348612436
2968750.0,4.339931309
2984375.0,4.331350172
3000000.0,4.32286672
3015625.0,4.314914774
3031250.0,4.307045264
3046875.0,4.299255132
3062500.0,4.291544198
3078125.0,4.283908956
3093750.0,4.276352449
3109375.0,4.268870379
3125000.0,4.26146237
3140625.0,4.254127236
3156250.0,4.246865821
3171875.0,4.23967395
3187500.0,4.232553237
3203125.0,4.225501719
3218750.0,4.218516939
3234375.0,4.211600776
3250000.0,4.204749994
3265625.0,4.19796546
3281250.0,4.191245051
3296875.0,4.184588354
3312500.0,4.177993327
3328125.0,4.171460667
3343750.0,4.164990342
3359375.0,4.158579031
3375000.0,4.152227671
3390625.0,4.145933991
3406250.0,4.139698821
3421875.0,4.133521019
3437500.0,4.127399394
3453125.0,4.121332798
3468750.0,4.115322048
3484375.0,4.109364955
3500000.0,4.103461409
3515625.0,4.097610192
3531250.0,4.091811212
3546875.0,4.086064262
3562500.0,4.080367191
3578125.0,4.074720872
3593750.0,4.069124145
3609375.0,4.063576863
3625000.0,4.058075876
3640625.0,4.052624036
3656250.0,4.047219216
3671875.0,4.041860258
3687500.0,4.036548043
3703125.0,4.031281405
3718750.0,4.026058246
3734375.0,4.020879418
3750000.0,4.015745785
3765625.0,4.010654219
3781250.0,4.005605604
3796875.0,4.000598783
3812500.0,3.995634649
3828125.0,3.990711106
3843750.0,3.985828007
3859375.0,3.980985216
3875000.0,3.976182648
3890625.0,3.971419145
3906250.0,3.966694652
3921875.0,3.962008004
3937500.0,3.957360104
3953125.0,3.952748857
3968750.0,3.948175108
3984375.0,3.943637791
4000000.0,3.93913678
4007813.0,3.938243603
4015625.0,3.937353319
4023438.0,3.936464745
4031250.0,3.935580037
4039063.0,3.934697005
4046875.0,3.933816835
4054688.0,3.932939316
4062500.0,3.932064653
4070313.0,3.931192636
4078125.0,3.930322451
4085938.0,3.929455887
4093750.0,3.928591131
4101563.0,3.927729001
4109375.0,3.926869654
4117188.0,3.926011893
4125000.0,3.925157934
4132813.0,3.924306554
4140625.0,3.923456936
4148438.0,3.922609881
4156250.0,3.92176558
4164063.0,3.920923829
4171875.0,3.920083809
4179688.0,3.919247342
4187500.0,3.91841258
4195313.0,3.917579347
4203125.0,3.916749815
4210938.0,3.915921797
4218750.0,3.915096463
4226563.0,3.91427363
4234375.0,3.913453477
4242188.0,3.912634798
4250000.0,3.911818785
4257813.0,3.911005243
4265625.0,3.910194332
4273438.0,3.909384887
4281250.0,3.908578089
4289063.0,3.907772722
4296875.0,3.906970977
4304688.0,3.90617065
4312500.0,3.905372941
4320313.0,3.904577654
4328125.0,3.903783952
4335938.0,3.902992658
4343750.0,3.902204944
4351563.0,3.901417615
4359375.0,3.900632851
4367188.0,3.899850489
4375000.0,3.899069668
4382813.0,3.898292214
4390625.0,3.897515308
4398438.0,3.896740745
4406250.0,3.895969726
4414063.0,3.895199046
4421875.0,3.894432886
4429688.0,3.893666053
4437500.0,3.892903735
4445313.0,3.89214073
4453125.0,3.891382217
4460938.0,3.890624033
4468750.0,3.889869309
4476563.0,3.889115889
4484375.0,3.888363954
4492188.0,3.887615293
4500000.0,3.886868092
4507813.0,3.886122161
4515625.0,3.885379698
4523438.0,3.884637481
4531250.0,3.883898709
4539063.0,3.883160189
4546875.0,3.882425101
4554688.0,3.881691262
4562500.0,3.880959832
4570313.0,3.880230638
4578125.0,3.879501839
4585938.0,3.878776284
4593750.0,3.878051121
4601563.0,3.877330158
4609375.0,3.876609584
4617188.0,3.875891208
4625000.0,3.875174217
4632813.0,3.874459421
4640625.0,3.873745988
4648438.0,3.873034727
4656250.0,3.872326827
4664063.0,3.871618105
4671875.0,3.870912721
4679688.0,3.870208503
4687500.0,3.869506629
4695313.0,3.868806899
4703125.0,3.868108501
4710938.0,3.867411243
4718750.0,3.866716306
4726563.0,3.866023506
4734375.0,3.865332003
4742188.0,3.864641645
4750000.0,3.86395356101
4757813.0,3.86326761101
4765625.0,3.86258294301
4773438.0,3.86189938401
4781250.0,3.86121911501
4789063.0,3.86053993401
4796875.0,3.85986202001
4804688.0,3.85918521201
4812500.0,3.85851165701
4820313.0,3.85783819601
4828125.0,3.85716797701
4835938.0,3.85649781901
4843750.0,3.85582993001
4851563.0,3.85516409101
4859375.0,3.85449949801
4867188.0,3.85383695201
4875000.0,3.85317564101
4882813.0,3.85251538501
4890625.0,3.85185734101
4898438.0,3.85120133901
4906250.0,3.85054654801
4914063.0,3.84989278701
4921875.0,3.84924123401
4929688.0,3.84859069901
4937500.0,3.84794237101
4945313.0,3.84729604902
4953125.0,3.84664992002
4960938.0,3.84600579602
4968750.0,3.84536385402
4976563.0,3.84472291302
4984375.0,3.84408414302
4992188.0,3.84344637302
5000000.0,3.84280976002
5015147.0,3.84297745002
5030294.0,3.84314412602
5045441.0,3.84331377603
5060588.0,3.84348136703
5075735.0,3.84365087403
5090882.0,3.84381929703
5106029.0,3.84398960504
5121175.0,3.84415981404
5136322.0,3.84433085504
5151469.0,3.84450171505
5166616.0,3.84467339905
5181763.0,3.84484489405
5196910.0,3.84501616306
5212057.0,3.84518920106
5227204.0,3.84536098807
5242350.0,3.84553454407
5252686.0,3.84564326507
5263022.0,3.84575178108
5273358.0,3.84586108908
5283694.0,3.84597018108
5294030.0,3.84607905609
5304366.0,3.84618870609
5314702.0,3.8462981271
5325038.0,3.8464073161
5335374.0,3.84651726711
5345710.0,3.84662697611
5356046.0,3.84673643712
5366382.0,3.84684664812
5376718.0,3.84695660113
5387054.0,3.84706729613
5397390.0,3.84717672614
5407725.0,3.84728791415
5418061.0,3.84739880315
5428397.0,3.84750941416
5438733.0,3.84762074317
5449069.0,3.84773078517
5459405.0,3.84784253918
5469741.0,3.84795399919
5480077.0,3.8480651612
5490413.0,3.84817702021
5500749.0,3.84828757422
5511085.0,3.84839882023
5521421.0,3.84851174924
5531757.0,3.84862336525
5542093.0,3.84873565726
5552429.0,3.84884662527
5562765.0,3.84895926329
5573100.0,3.8490716003
5586441.0,3.84920179231
5599782.0,3.84933408333
5613123.0,3.84946546435
5626463.0,3.84959795837
5639804.0,3.84972849838
5653144.0,3.8498611364
5666485.0,3.84999280643
5679825.0,3.85012555845
5693166.0,3.85025732647
5706507.0,3.85039013549
5719848.0,3.85052297952
5733188.0,3.85065487355
5746529.0,3.85078875957
5759869.0,3.8509216856
5773210.0,3.85105458763
5786550.0,3.85118851767
5799891.0,3.8513204097
5813232.0,3.85145428874
5826573.0,3.85158814878
5839913.0,3.85172200581
5853254.0,3.85185580386
5866594.0,3.8519895889
5879935.0,3.85212330135
5893275.0,3.8522569889
5906616.0,3.85239159195
5919957.0,3.8525251304
5933298.0,3.85265959996
5946638.0,3.85279302142
5959979.0,3.85292833528
5973319.0,3.85306258754
5986660.0,3.85319772161
6000000.0,3.85333178349
6007813.0,3.85379115532
6015625.0,3.85425067485
6023438.0,3.85471032999
6031250.0,3.85517013482
6039063.0,3.85563006816
6046875.0,3.8560901522
6054688.0,3.85654936664
6062500.0,3.85700872587
6070313.0,3.85746921441
6078125.0,3.85792984865
6085938.0,3.8583896083
6093750.0,3.85885051254
6101563.0,3.85931054218
6109375.0,3.85977171243
6117188.0,3.86023200897
6125000.0,3.86069244412
6132813.0,3.86115300547
6140625.0,3.86161370241
6148438.0,3.86207452266
6156250.0,3.86253548032
6164063.0,3.86299655927
6171875.0,3.86345777272
6179688.0,3.86391910427
6187500.0,3.86437957233
6195313.0,3.86484115859
6203125.0,3.86530287824
6210938.0,3.8657637131
6218750.0,3.86622568126
6226563.0,3.86668676463
6234375.0,3.86714797829
6242188.0,3.86761030605
6250000.0,3.86807176312
6257813.0,3.86853333329
6265625.0,3.86899503266
6273438.0,3.86945684223
6281250.0,3.8699197799
6289063.0,3.87038082778
6296875.0,3.87084300175
6304688.0,3.87130528673
6312500.0,3.87176669391
6320313.0,3.87222920909
6328125.0,3.87269185037
6335938.0,3.87315359666
6343750.0,3.87361546504
6351563.0,3.87407844143
6359375.0,3.87454053782
6367188.0,3.87500373921
6375000.0,3.87546506061
6382813.0,3.8759284859
6390625.0,3.8763910302
6398438.0,3.8768536774
6406250.0,3.87731644361
6414063.0,3.87777831071
6421875.0,3.87824129472
6429688.0,3.87870337953
6437500.0,3.87916658134
6445313.0,3.87962988086
6453125.0,3.88009229538
6460938.0,3.8805558096
6468750.0,3.88101843782
6476563.0,3.88148116265
6484375.0,3.88194500248
6492188.0,3.88240793691
6500000.0,3.88287098524
6507813.0,3.88333412808
6515625.0,3.88379638142
6523438.0,3.88426073076
6531250.0,3.88472318941
6539063.0,3.88518674246
6546875.0,3.88565040502
6554688.0,3.88611315947
6562500.0,3.88657702163
6570313.0,3.8870399781
6578125.0,3.88750304087
6585938.0,3.88796719524
6593750.0,3.88842945421
6601563.0,3.88889380519
6609375.0,3.88935726108
6617188.0,3.88982080647
6625000.0,3.89028445726
6632813.0,3.89074719595
6640625.0,3.89121103835
6648438.0,3.89167496906
6656250.0,3.89213800207
6664063.0,3.89260212268
6671875.0,3.893066346
6679688.0,3.89352965463
6687500.0,3.89399306316
6695313.0,3.89445756039
6703125.0,3.89492115523
6710938.0,3.89538383618
6718750.0,3.89584761613
6726563.0,3.89631148058
6734375.0,3.89677644265
6742188.0,3.89723948981
6750000.0,3.89770363289
6757813.0,3.89816686047
6765625.0,3.89863118365
6773438.0,3.89909458975
6781250.0,3.89955909194
6789063.0,3.90002267525
6796875.0,3.90048735296
6804688.0,3.90095011318
6812500.0,3.90141496621
6820313.0,3.90187790004
6828125.0,3.90234192759
6835938.0,3.90280603454
6843750.0,3.90326923449
6851563.0,3.90373451316
6859375.0,3.90419788403
6867188.0,3.90466233301
6875000.0,3.9051258737
6882813.0,3.9055894916
6890625.0,3.90605420041
6898438.0,3.90651798603
6906250.0,3.90698186175
6914063.0,3.90744581359
6921875.0,3.90790985504
6929688.0,3.90837397189
6937500.0,3.90883717766
6945313.0,3.90930145814
6953125.0,3.90976582682
6960938.0,3.91023026972
6968750.0,3.91069380033
6976563.0,3.91115740435
6984375.0,3.91162209508
6992188.0,3.91208585923
7000000.0,3.91254970938
7007552.0,3.91332176876
7015104.0,3.91409486194
7022656.0,3.91486798892
7030207.0,3.91564015151
7037759.0,3.91641234531
7045311.0,3.91718457241
7052863.0,3.91795683242
7060414.0,3.91872912754
7067966.0,3.91950145326
7075518.0,3.92027281138
7083070.0,3.92104520202
7090621.0,3.92181662686
7098173.0,3.9225890818
7105725.0,3.92336056866
7113277.0,3.92413208722
7120828.0,3.92490363928
7128380.0,3.92567422085
7135932.0,3.92644683353
7143484.0,3.92721847752
7151035.0,3.92798915452
7158587.0,3.92876086012
7166139.0,3.92953159663
7173691.0,3.93030236355
7181242.0,3.93107416287
7188794.0,3.9318439904
7196346.0,3.93261484794
7203898.0,3.93338573539
7211449.0,3.93415665475
7219001.0,3.93492660181
7226552.0,3.93569758029
7234104.0,3.93646858617
7241655.0,3.93723862306
7249207.0,3.93800868746
7256759.0,3.93877878047
7264311.0,3.93954890238
7271862.0,3.94031905481
7279414.0,3.94108923405
7286966.0,3.94185844159
7294518.0,3.94262867745
7302069.0,3.94339794341
7309621.0,3.94416823539
7317173.0,3.94493755518
7324725.0,3.94570690287
7332276.0,3.94647627998
7339828.0,3.9472456827
7347380.0,3.94801411283
7354932.0,3.94878357007
7362483.0,3.94955305642
7370035.0,3.95032256788
7377587.0,3.95109110615
7385139.0,3.95185967114
7392690.0,3.95262826484
7400242.0,3.95339688305
7407794.0,3.95416552747
7415346.0,3.95493419851
7422897.0,3.95570289726
7430449.0,3.95647162032
7438001.0,3.95723936909
7445553.0,3.95800714368
7453104.0,3.95877494609
7460656.0,3.95954277187
7468207.0,3.96031162535
7475759.0,3.96107850187
7483310.0,3.9618464058
7491384.0,3.96262955226
7499457.0,3.96341372707
7507531.0,3.96419692645
7515604.0,3.96498015407
7523678.0,3.96576340607
7531751.0,3.96654568599
7539824.0,3.96732799193
7547897.0,3.96811132386
7555971.0,3.96889367945
7564044.0,3.96967706278
7572117.0,3.9704594716
7580190.0,3.97124090581
7588264.0,3.97202336368
7596337.0,3.97280484847
7604410.0,3.97358735846
7612483.0,3.97436989332
7620557.0,3.97515045144
7628630.0,3.97593303618
7636703.0,3.9767146455
7644776.0,3.97749527949
7652850.0,3.97827693624
7660923.0,3.97905861919
7668996.0,3.97983932622
7677069.0,3.98062005763
7685143.0,3.98140081139
7693216.0,3.98218159095
7701289.0,3.98296239427
7709362.0,3.98374322147
7717436.0,3.98452307052
7725509.0,3.98530394516
7733582.0,3.98608384307
7741655.0,3.98686476465
7749729.0,3.98764470749
7757802.0,3.98842467561
7765876.0,3.98920366508
7773949.0,3.98998367923
7782023.0,3.99076371474
7790096.0,3.99154277464
7798169.0,3.9923218576
7806242.0,3.99310196305
7814316.0,3.99388108943
7822389.0,3.99465924012
7830462.0,3.99543841317
7838535.0,3.99621660871
7846609.0,3.9969958246
7854682.0,3.99777406439
7862755.0,3.99855332636
7870828.0,3.99933161032
7878902.0,4.00010891465
7886975.0,4.00088724239
7895048.0,4.00166559192
7903121.0,4.00244396315
7911195.0,4.00322135426
7919268.0,4.00399976861
7927341.0,4.00477720447
7935414.0,4.00555466164
7943488.0,4.00633213844
7951561.0,4.00710863817
7959634.0,4.00788615926
7967707.0,4.00866270118
7975781.0,4.00944026256
7983854.0,4.01021684673
7991927.0,4.01099345157
8000000.0,4.01177007732
8015165.0,4.01365885135
8030330.0,4.01555865807
8045495.0,4.01746849699
8060660.0,4.01939036792
8075825.0,4.02132327046
8090990.0,4.02326620453
8106155.0,4.02522017015
8121320.0,4.02718616652
8136485.0,4.02916119374
8151650.0,4.03114825154
8166815.0,4.03314633975
8181980.0,4.03515545806
8197145.0,4.03717360651
8212310.0,4.03920378459
8227475.0,4.04124399214
8242640.0,4.04329622877
8257805.0,4.04535749482
8272970.0,4.04742978983
8288135.0,4.0495131134
8303300.0,4.05160646564
8318465.0,4.05371084617
8333630.0,4.05582525496
8348795.0,4.05794969175
8363960.0,4.06008415631
8379125.0,4.06222964851
8394290.0,4.06438516833
8409455.0,4.06655171548
8424620.0,4.0687292898
8439785.0,4.07091589126
8454950.0,4.07311251962
8470115.0,4.07532017466
8485280.0,4.07753685645
8501905.0,4.07971967975
8518530.0,4.08191352423
8535155.0,4.08411838995
8551780.0,4.08633527694
8571051.0,4.08877748875
8590322.0,4.09122973219
8609593.0,4.09369000105
8628863.0,4.09615995773
8648134.0,4.09863828137
8667404.0,4.1011252927
8686675.0,4.1036226708
8705945.0,4.10612873653
8725216.0,4.10864316904
8744487.0,4.11116562879
8763758.0,4.11369811563
8783028.0,4.11623929012
8802299.0,4.11878983137
8821569.0,4.1213480603
8840840.0,4.12391465603
8860110.0,4.12648993952
8877597.0,4.12855186321
8895083.0,4.13066300938
8912569.0,4.13282507745
8930055.0,4.13503726764
8947542.0,4.1372992794
8965028.0,4.13961051371
8982514.0,4.14197067003
9000000.0,4.1443789487
9015014.0,4.1460667555
9030027.0,4.14777476739
9045040.0,4.14950178416
9060053.0,4.15124780598
9075066.0,4.15301383294
9090079.0,4.15479876512
9105092.0,4.15660380248
9120105.0,4.15842684523
9135119.0,4.16026869338
9150132.0,4.16213074707
9165145.0,4.16401080644
9180158.0,4.16590887156
9195171.0,4.16782694245
9210184.0,4.16976401935
9225197.0,4.17171910224
9240210.0,4.17369309132
9255624.0,4.17572865788
9271038.0,4.17778313071
9286452.0,4.17985860997
9301865.0,4.18195229566
9317279.0,4.18406478812
9332693.0,4.18619728737
9348107.0,4.18834879368
9363520.0,4.19051850717
9378934.0,4.19270902802
9394348.0,4.19491655647
9409762.0,4.19714409263
9425175.0,4.19939083672
9440589.0,4.20165548907
9456003.0,4.20394004974
9471417.0,4.20624161898
9486830.0,4.20856239719
9502867.0,4.21098113231
9518904.0,4.21341998139
9534941.0,4.21587874475
9550977.0,4.21835782254
9567014.0,4.22085561526
9583050.0,4.22337372307
9599087.0,4.2259115465
9615123.0,4.22846868584
9631160.0,4.23104554152
9647196.0,4.2336417139
9663233.0,4.23625760334
9679269.0,4.23889231038
9695306.0,4.24154583547
9711342.0,4.24421937887
9727379.0,4.24691154134
9743415.0,4.24962262321
9759452.0,4.25235322517
9775489.0,4.25510244752
9791526.0,4.25787129103
9807562.0,4.26065745612
9823599.0,4.2634641436
9839635.0,4.266288054
9855672.0,4.26913128788
9871708.0,4.2719926461
9887745.0,4.2748722293
9903781.0,4.27777083811
9919818.0,4.28068747358
9935854.0,4.28362293621
9951891.0,4.28657642706
9967927.0,4.28954774683
9983964.0,4.29253729659
10000000.0,4.2955452771
10007630.0,4.29640988783
10015260.0,4.29727521083
10022890.0,4.29814324627
10030510.0,4.29901179155
10038140.0,4.29988315204
10045770.0,4.30075822514
10053400.0,4.30163391113
10061020.0,4.30251010714
10068650.0,4.30339111891
10076280.0,4.30427284378
10083910.0,4.30515718182
10091530.0,4.30604303021
10099160.0,4.30693069489
10106780.0,4.30781977025
10114410.0,4.30871176196
10122030.0,4.30960516449
10129660.0,4.31050148375
10137290.0,4.31139931688
10144920.0,4.31230086419
10152540.0,4.3132018225
10160170.0,4.31410559818
10167790.0,4.31500988511
10175420.0,4.3159189896
10183040.0,4.31682840559
10190670.0,4.31773973941
10198300.0,4.31865468809
10205930.0,4.31957025172
10213550.0,4.32048722739
10221180.0,4.32140802127
10228800.0,4.32232822748
10236430.0,4.3232522523
10244050.0,4.3241766894
10251680.0,4.32510494554
10259310.0,4.32603471759
10266940.0,4.32696720566
10274560.0,4.32790000658
10282190.0,4.32883572697
10289820.0,4.32977296389
10297450.0,4.33071371734
10305070.0,4.33165398412
10312700.0,4.33259697116
10320330.0,4.33354257526
10327960.0,4.33448979644
10335580.0,4.33543833146
10343210.0,4.33638968742
10350830.0,4.33734135746
10358460.0,4.3382959488
10366080.0,4.33925175443
10373710.0,4.34021138183
10381340.0,4.34117162735
10388970.0,4.34213539132
10396590.0,4.34309857025
10404220.0,4.34406547152
10411840.0,4.34503268808
10419470.0,4.34600272737
10427090.0,4.3469740822
10434720.0,4.34794826017
10442350.0,4.34892395774
10449980.0,4.34990227517
10457600.0,4.35088080877
10465230.0,4.35186216633
10472850.0,4.35284484034
10480480.0,4.35383123885
10488100.0,4.35481705408
10495570.0,4.35578982187
10503030.0,4.35676280302
10510490.0,4.35773930109
10517950.0,4.35871731631
10525420.0,4.35969695239
10532880.0,4.36067680252
10540340.0,4.36166017017
10547800.0,4.36264395584
10555270.0,4.36363146308
10562730.0,4.36461918487
10570190.0,4.36560932517
10577650.0,4.36660088406
10585120.0,4.36759526547
10592580.0,4.36858966218
10600040.0,4.36958667801
10607500.0,4.37058501335
10613640.0,4.37129418056
10619770.0,4.37200305559
10625910.0,4.37271424589
10632040.0,4.37342604415
10638180.0,4.37413805793
10644310.0,4.37485077981
10650440.0,4.37556351351
10656570.0,4.3762771593
10662710.0,4.37699212098
10668840.0,4.37770769103
10674970.0,4.37842427332
10681100.0,4.37914076792
10687240.0,4.37985957898
10693370.0,4.38057799859
10699500.0,4.38129633087
10705630.0,4.3820166759
10711770.0,4.38273933779
10717900.0,4.38346050862
10724030.0,4.38418179246
10730160.0,4.38490488941
10736300.0,4.38562930373
10742430.0,4.38635332729
10748560.0,4.38707936432
10754690.0,4.38780531483
10760830.0,4.38853248313
10766960.0,4.38926036099
10773090.0,4.38998815281
10779220.0,4.39071685848
10785360.0,4.3914468826
10791490.0,4.3921785166
10797620.0,4.39290906486
10803750.0,4.39364152747
10809890.0,4.39437530909
10816020.0,4.39510770094
10822160.0,4.39584331195
10828290.0,4.39657853336
10834430.0,4.39731507426
10840560.0,4.39805122575
10846690.0,4.39878819255
10852820.0,4.39952617467
10858960.0,4.40026547677
10865090.0,4.40100428994
10871220.0,4.40174611878
10877350.0,4.40248576346
10883490.0,4.40322882878
10889620.0,4.40397030547
10895750.0,4.40471379847
10901880.0,4.40545720781
10908020.0,4.40620393834
10914150.0,4.40694818084
10920280.0,4.40769433995
10926410.0,4.408440416
10932550.0,4.40918881399
10938680.0,4.4099368243
10944810.0,4.41068665183
10950940.0,4.4114363969
10957080.0,4.4121874645
10963210.0,4.41293804481
10969340.0,4.4136896431
10975470.0,4.41444205939
10981610.0,4.41519579898
10987740.0,4.41595105178
10993870.0,4.41670522301
11000000.0,4.41746031295
11012020.0,4.41884794303
11024030.0,4.42023752839
11036040.0,4.42162967428
11048050.0,4.42302518176
11060070.0,4.42442465651
11072080.0,4.42582509028
11084090.0,4.42722808861
11096100.0,4.42863445259
11108120.0,4.43004358832
11120130.0,4.43145578679
11132140.0,4.43286945419
11144150.0,4.43428749161
11156170.0,4.43570840545
11168180.0,4.4371311863
11180190.0,4.43855644057
11192200.0,4.43998406963
11201480.0,4.4409957649
11210760.0,4.44201049755
11220040.0,4.44302716782
11229320.0,4.44404497627
11238600.0,4.44506562324
11247880.0,4.44608740927
11257160.0,4.44711103459
11266430.0,4.44813629428
11275710.0,4.44916499964
11284990.0,4.45019564577
11294270.0,4.45122733298
11303540.0,4.45226045621
11312820.0,4.45329712696
11322100.0,4.45433464023
11331380.0,4.4553741965
11340650.0,4.45641529038
11349930.0,4.45745873398
11359210.0,4.45850522202
11368490.0,4.45955355486
11377770.0,4.46060293326
11387050.0,4.46165525747
11396330.0,4.46270852815
11405610.0,4.46376374564
11414880.0,4.46482050444
11424160.0,4.46588061745
11433440.0,4.46694267896
11442720.0,4.46800558962
11451990.0,4.46907004332
11461270.0,4.47013695358
11470550.0,4.47120671477
11479830.0,4.47227742708
11489100.0,4.47334958476
11505070.0,4.47509146742
11521040.0,4.47683990115
11537010.0,4.47859308921
11552970.0,4.48035142802
11568940.0,4.48211483399
11584900.0,4.48388439712
11600870.0,4.48565913422
11616830.0,4.48743993484
11632800.0,4.48922581673
11648760.0,4.49101686914
11664730.0,4.49281391019
11680690.0,4.494615029
11696660.0,4.49642324435
11712620.0,4.49823544475
11728590.0,4.50005464993
11744550.0,4.50187794829
11760520.0,4.50370725984
11776490.0,4.50554198092
11792460.0,4.50738131616
11808420.0,4.50922656137
11824390.0,4.51107683802
11840350.0,4.51293293372
11856320.0,4.51479407082
11872280.0,4.5166601362
11888250.0,4.51853115319
11904210.0,4.52040810854
11920180.0,4.52229092609
11936140.0,4.52417769215
11952110.0,4.52607033176
11968070.0,4.52796783078
11984040.0,4.52987131506
12000000.0,4.53177956994
12006230.0,4.53178177999
12012450.0,4.53178360753
12018670.0,4.53178675947
12024890.0,4.53178893592
12031120.0,4.5317919441
12037340.0,4.53179457038
12043560.0,4.53179742166
12049780.0,4.53180039809
12056010.0,4.53180410718
12062230.0,4.53180753477
12068450.0,4.5318101882
12074670.0,4.53181396758
12080890.0,4.53181787306
12087110.0,4.53182210486
12093330.0,4.53182546311
12099550.0,4.53182994805
12105780.0,4.53183426738
12112000.0,4.5318382063
12118220.0,4.5318422724
12124440.0,4.53184756593
12130670.0,4.5318515947
12136890.0,4.53185624378
12143110.0,4.53186112078
12149330.0,4.53186622594
12155560.0,4.5318709672
12161780.0,4.53187642939
12168000.0,4.53188212033
12174220.0,4.53188794028
12180440.0,4.53189298926
12186660.0,4.5318991676
12192880.0,4.53190357566
12199100.0,4.53191021326
12205330.0,4.53191648921
12211550.0,4.53192348712
12217770.0,4.53192861538
12223990.0,4.53193497434
12230220.0,4.53194207233
12236440.0,4.5319487931
12242660.0,4.53195474519
12248880.0,4.53196182863
12255110.0,4.53196965219
12261330.0,4.53197719924
12267550.0,4.53198287839
12273770.0,4.53199078983
12279990.0,4.53199783385
12286210.0,4.53200611065
12292430.0,4.53201362029
12298650.0,4.5320222633
12304880.0,4.53202954874
12311100.0,4.53203765886
12317320.0,4.53204590289
12323540.0,4.53205428116
12329770.0,4.53206340286
12335990.0,4.53207225009
12342210.0,4.5320802322
12348430.0,4.53208944934
12354660.0,4.53209831133
12360880.0,4.53210789957
12367100.0,4.53211662349
12373320.0,4.53212658363
12379540.0,4.53213577993
12385760.0,4.53214511294
12391980.0,4.53215568281
12398200.0,4.53216538968
12404630.0,4.53217204198
12411060.0,4.53217993438
12417490.0,4.53218596737
12423920.0,4.53219434096
12430350.0,4.53220075584
12436780.0,4.53220851185
12443210.0,4.53221640965
12449640.0,4.5322245493
12456070.0,4.53223283116
12462500.0,4.53224035557
12468930.0,4.53224912292
12475360.0,4.53225703324
12481790.0,4.5322651871
12488220.0,4.53227448477
12494650.0,4.5322831264
12501080.0,4.53229281256
12507510.0,4.5323008434
12513940.0,4.53231101918
12520370.0,4.53231944028
12526800.0,4.53232900715
12533230.0,4.53233881992
12539660.0,4.53234887916
12546090.0,4.53235908493
12552520.0,4.53236853783
12558950.0,4.53237923797
12565380.0,4.53238908583
12571810.0,4.53239918152
12578240.0,4.53241042574
12584670.0,4.5324209185
12591100.0,4.53243266049
12597530.0,4.53244355172
12603950.0,4.53245418067
12610380.0,4.53246647177
12616810.0,4.5324770133
12623240.0,4.53248980566
12629670.0,4.53250074916
12636100.0,4.5325129443
12642530.0,4.53252529128
12648960.0,4.53253699059
12655390.0,4.53254974255
12661820.0,4.53256174754
12668250.0,4.53257500598
12674680.0,4.53258751815
12681110.0,4.53260118467
12687540.0,4.53261300573
12693970.0,4.53262618163
12700400.0,4.53264051298
12706830.0,4.53265300007
12713260.0,4.53266774351
12719690.0,4.5326807432
12726120.0,4.53269589993
12732550.0,4.53270921471
12738980.0,4.53272288643
12745410.0,4.53273771621
12751840.0,4.53275170524
12758270.0,4.53276695352
12764700.0,4.53278146005
12771130.0,4.53279712804
12777560.0,4.53281205558
12783990.0,4.53282814377
12790420.0,4.53284349252
12796850.0,4.53285800413
12803280.0,4.53287477759
12809700.0,4.53289029791
12821600.0,4.53290473916
12833490.0,4.53291844026
12845390.0,4.53293342854
12857280.0,4.5329475793
12869180.0,4.53296292365
12881070.0,4.53297843388
12892960.0,4.5329936278
12904850.0,4.53300960722
12916750.0,4.53302478726
12928640.0,4.533041144
12940540.0,4.53305780587
12952430.0,4.53307464895
12964330.0,4.53309170478
12976220.0,4.53310894424
12988110.0,4.53312688464
13000000.0,4.5331446299
13007670.0,4.53315504962
13015340.0,4.53316472843
13023010.0,4.53317466673
13030670.0,4.5331843533
13038340.0,4.53319481148
13046010.0,4.53320463144
13053680.0,4.5332157121
13061340.0,4.53322644155
13069010.0,4.53323704611
13076680.0,4.53324801186
13084350.0,4.53325814191
13092010.0,4.53326902096
13099680.0,4.53328067582
13107350.0,4.53329069629
13115020.0,4.53330198056
13122680.0,4.53331191634
13130350.0,4.53332373034
13138020.0,4.53333591055
13145690.0,4.53334625598
13153350.0,4.53335835542
13161020.0,4.53336923369
13168690.0,4.53338048158
13176360.0,4.5333918953
13184020.0,4.53340416434
13191690.0,4.53341621591
13199360.0,4.53342743572
13207030.0,4.53344002577
13214690.0,4.53345237064
13222360.0,4.53346350166
13230020.0,4.53347538882
13237690.0,4.53348716143
13245350.0,4.53350059028
13253020.0,4.53351280799
13260690.0,4.53352539696
13268360.0,4.53353816038
13276020.0,4.53354968165
13283690.0,4.5335630923
13291360.0,4.53357577792
13299030.0,4.5335887385
13306690.0,4.53360135945
13314360.0,4.53361387149
13322030.0,4.53362766101
13329700.0,4.53364072721
13337360.0,4.53365455529
13345030.0,4.53366817827
13352700.0,4.53368107825
13360370.0,4.53369535862
13368030.0,4.53370930129
13375700.0,4.53372204168
13383370.0,4.53373606278
13391040.0,4.5337494648
13398700.0,4.53376453083
13406370.0,4.5337783972
13414040.0,4.53379254609
13421710.0,4.53380707853
13429370.0,4.53382027758
13437040.0,4.5338353788
13444710.0,4.53384966517
13452380.0,4.5338643358
13460040.0,4.53387967667
13467710.0,4.53389382053
13475370.0,4.53390873484
13483040.0,4.53392455455
13490700.0,4.53393904413
13498660.0,4.53394366799
13506620.0,4.53394658928
13514580.0,4.53395080819
13522540.0,4.53395432384
13530500.0,4.53395813754
13538460.0,4.53396225149
13546420.0,4.533966766
13554370.0,4.53397096135
13562330.0,4.53397507641
13570290.0,4.53398049356
13578250.0,4.5339842142
13586200.0,4.53398971853
13594160.0,4.53399404549
13602120.0,4.53399967769
13610080.0,4.53400471612
13618030.0,4.53401044017
13625990.0,4.53401509101
13633950.0,4.53402004902
13641910.0,4.53402631621
13649860.0,4.53403127197
13657820.0,4.53403825757
13665780.0,4.53404345428
13673740.0,4.53404996243
13681690.0,4.5340552618
13689650.0,4.53406249536
13697610.0,4.534069042
13705570.0,4.53407580312
13713520.0,4.53408145843
13721480.0,4.53408895119
13729440.0,4.53409576119
13737400.0,4.53410388865
13745350.0,4.53410971335
13753310.0,4.53411757778
13761270.0,4.53412466352
13769230.0,4.53413206999
13777190.0,4.53414089843
13785150.0,4.53414794913
13793110.0,4.53415642443
13801070.0,4.53416422355
13809020.0,4.53417272396
13816980.0,4.53418107479
13824940.0,4.53418985151
13832900.0,4.53419795724
13840850.0,4.53420776636
13848810.0,4.53421553041
13856770.0,4.53422462455
13864730.0,4.53423405013
13872680.0,4.5342432832
13880640.0,4.53425337563
13888600.0,4.53426280157
13896560.0,4.53427256127
13904510.0,4.53428213271
13912470.0,4.53429256713
13920430.0,4.53430233942
13928390.0,4.53431355192
13936340.0,4.53432337639
13944300.0,4.53433526852
13952260.0,4.53434540298
13960220.0,4.53435688012
13968170.0,4.53436717461
13976130.0,4.53437944044
13984090.0,4.5343899532
13992050.0,4.53440181324
14000000.0,4.53441349292
14015630.0,4.53355914962
14031250.0,4.53270396338
14046880.0,4.53185148473
14062500.0,4.53099907113
14078130.0,4.53014737484
14093750.0,4.52929785152
14109380.0,4.52844795357
14125000.0,4.52759923866
14140630.0,4.52675225953
14156250.0,4.52590537085
14171880.0,4.52506022771
14187500.0,4.52421618359
14203130.0,4.52337189593
14218750.0,4.52252981671
14234380.0,4.52168740383
14250000.0,4.52084820839
14265630.0,4.52000859053
14281250.0,4.51916930108
14296880.0,4.51833169844
14312500.0,4.51749633426
14328130.0,4.51665966849
14343750.0,4.51582625142
14359380.0,4.51499154469
14375000.0,4.51415909688
14390630.0,4.51332837233
14406250.0,4.51249781664
14421880.0,4.51166809626
14437500.0,4.51084065751
14453130.0,4.51001286553
14468750.0,4.50918636741
14484380.0,4.50836072967
14500000.0,4.50753729613
14511600.0,4.50692435123
14523200.0,4.50631193338
14523220.0,4.50631038905
14538120.0,4.50552918733
14553020.0,4.5047477711
14567920.0,4.50396814453
14582820.0,4.50318831211
14597720.0,4.50241037665
14612620.0,4.5016323426
14627520.0,4.50085701469
14642420.0,4.5000805957
14657320.0,4.49930509054
14672220.0,4.49853130422
14687120.0,4.4977574397
14702020.0,4.49698550204
14716920.0,4.49621329595
14731820.0,4.49544202576
14746720.0,4.49467259483
14761610.0,4.49390418713
14776510.0,4.49313545128
14791410.0,4.49236866827
14806310.0,4.49160184396
14821210.0,4.49083578439
14836110.0,4.49007067332
14851010.0,4.48930744585
14865910.0,4.48854411794
14880810.0,4.48778170286
14895710.0,4.48702018753
14910610.0,4.48625958726
14925510.0,4.48549990826
14940410.0,4.48474215379
14955310.0,4.4839843201
14970210.0,4.48322742466
14985110.0,4.48247146184
15000000.0,4.48171750087
15026680.0,4.48012813793
15053360.0,4.47854328374
15080040.0,4.47695994807
15106720.0,4.47538017113
15133400.0,4.47380395329
15160080.0,4.47222932637
15186760.0,4.47065831138
15213430.0,4.46909097425
15240110.0,4.46752622773
15266790.0,4.46596515167
15293470.0,4.46440576847
15320140.0,4.46285015748
15346820.0,4.46129823579
15373500.0,4.45974808368
15400180.0,4.45820171747
15426850.0,4.45665921552
15453530.0,4.45511851436
15480210.0,4.45358266433
15506890.0,4.45204880643
15533570.0,4.4505177803
15560250.0,4.44899172839
15586930.0,4.44746766491
15613610.0,4.44594672294
15640280.0,4.44443077457
15666960.0,4.44291690415
15693640.0,4.44140727492
15720320.0,4.43989970674
15746990.0,4.43839648332
15773670.0,4.43689738956
15800350.0,4.4354005837
15827030.0,4.43390813058
15853700.0,4.43242017647
15890280.0,4.4303778535
15926850.0,4.42834213339
15963430.0,4.4263116359
16000000.0,4.42428792023
16033100.0,4.42266579782
16066190.0,4.42104884971
16099290.0,4.41943837853
16132380.0,4.41783527899
16165480.0,4.41623686002
16198570.0,4.41464583836
16231660.0,4.4130619326
16264750.0,4.41148421525
16297850.0,4.40991242537
16330940.0,4.40834726985
16364040.0,4.40678808403
16397130.0,4.40523777846
16430230.0,4.40369168671
16463320.0,4.40215353237
16496410.0,4.40062407339
16529500.0,4.39909939527
16569770.0,4.39720194749
16610030.0,4.39531631989
16650290.0,4.39344238996
16690550.0,4.39157828711
16730820.0,4.38972391659
16771080.0,4.38788183762
16811340.0,4.38605116584
16851600.0,4.38423146258
16888700.0,4.38253389852
16925800.0,4.38084630597
16962900.0,4.37916715232
17000000.0,4.37749814604
17062500.0,4.3745888236
17125000.0,4.37170270246
17187500.0,4.36883906604
17250000.0,4.36599824676
17312500.0,4.36318157205
17375000.0,4.36038830173
17437500.0,4.35761911391
17500000.0,4.3548740111
17562500.0,4.35215371798
17625000.0,4.34945857706
17687500.0,4.34678808465
17750000.0,4.34414374813
17812500.0,4.34152508391
17875000.0,4.3389336017
17937500.0,4.33636917818
18000000.0,4.33383209406
18062500.0,4.33136887606
18125000.0,4.32893036566
18187500.0,4.32651586926
18250000.0,4.32412665905
18312500.0,4.32176196595
18375000.0,4.31942331085
18437500.0,4.31710996665
18500000.0,4.31482225125
18562500.0,4.31256107165
18625000.0,4.31032433154
18687500.0,4.30811641024
18750000.0,4.30593376744
18812500.0,4.30377875554
18875000.0,4.30165104344
18937500.0,4.29955201504
19000000.0,4.29748020603
19125000.0,4.29285896203
19250000.0,4.28833350973
19375000.0,4.28390619982
19500000.0,4.27957616042
19625000.0,4.27534808862
19750000.0,4.27122046681
19875000.0,4.26719838851
20000000.0,4.26328176201
